2026-07-08 22:27:16,787 - INFO - Using device: cpu
2026-07-08 22:27:16,787 - INFO - ============================================================
2026-07-08 22:27:16,787 - INFO - AMAZON AI - DistilBERT NLU Model Training
2026-07-08 22:27:16,787 - INFO - ============================================================
2026-07-08 22:27:16,787 - INFO - Started at: 2026-07-08 22:27:16.787815
2026-07-08 22:27:16,787 - INFO - Loading dataset from: /Applications/XAMPP/xamppfiles/htdocs/SHAKIRA/MR_BRAIN/ml/dataset.csv
2026-07-08 22:27:16,807 - ERROR - 
❌ Error during training: ['command', 'intent']
2026-07-08 22:27:16,811 - ERROR - Traceback (most recent call last):
  File "/Applications/XAMPP/xamppfiles/htdocs/SHAKIRA/MR_BRAIN/ml/train_nlu.py", line 476, in <module>
    main()
  File "/Applications/XAMPP/xamppfiles/htdocs/SHAKIRA/MR_BRAIN/ml/train_nlu.py", line 237, in main
    df = load_data(DATASET_PATH)
  File "/Applications/XAMPP/xamppfiles/htdocs/SHAKIRA/MR_BRAIN/ml/train_nlu.py", line 200, in load_data
    df = df.dropna(subset=['command', 'intent'])
  File "/Applications/XAMPP/xamppfiles/htdocs/SHAKIRA/MR_BRAIN/venv/lib/python3.9/site-packages/pandas/core/frame.py", line 6692, in dropna
    raise KeyError(np.array(subset)[check].tolist())
KeyError: ['command', 'intent']

2026-07-08 22:46:02,302 - INFO - Using device: cpu
2026-07-08 22:46:02,303 - INFO - ============================================================
2026-07-08 22:46:02,303 - INFO - AMAZON AI - DistilBERT NLU Model Training
2026-07-08 22:46:02,303 - INFO - ============================================================
2026-07-08 22:46:02,303 - INFO - Started at: 2026-07-08 22:46:02.303456
2026-07-08 22:46:02,303 - INFO - Loading dataset from: /Applications/XAMPP/xamppfiles/htdocs/SHAKIRA/MR_BRAIN/ml/dataset.csv
2026-07-08 22:46:02,308 - ERROR - 
❌ Error during training: ['command', 'intent']
2026-07-08 22:46:02,313 - ERROR - Traceback (most recent call last):
  File "/Applications/XAMPP/xamppfiles/htdocs/SHAKIRA/MR_BRAIN/ml/train_nlu.py", line 476, in <module>
    main()
  File "/Applications/XAMPP/xamppfiles/htdocs/SHAKIRA/MR_BRAIN/ml/train_nlu.py", line 237, in main
    df = load_data(DATASET_PATH)
  File "/Applications/XAMPP/xamppfiles/htdocs/SHAKIRA/MR_BRAIN/ml/train_nlu.py", line 200, in load_data
    df = df.dropna(subset=['command', 'intent'])
  File "/Applications/XAMPP/xamppfiles/htdocs/SHAKIRA/MR_BRAIN/venv/lib/python3.9/site-packages/pandas/core/frame.py", line 6692, in dropna
    raise KeyError(np.array(subset)[check].tolist())
KeyError: ['command', 'intent']

2026-07-08 22:47:33,599 - INFO - Using device: cpu
2026-07-08 22:47:33,600 - INFO - ============================================================
2026-07-08 22:47:33,600 - INFO - AMAZON AI - DistilBERT NLU Model Training
2026-07-08 22:47:33,600 - INFO - ============================================================
2026-07-08 22:47:33,600 - INFO - Started at: 2026-07-08 22:47:33.600414
2026-07-08 22:47:33,600 - INFO - Loading dataset from: /Applications/XAMPP/xamppfiles/htdocs/SHAKIRA/MR_BRAIN/ml/dataset.csv
2026-07-08 22:47:33,605 - ERROR - 
❌ Error during training: ['command', 'intent']
2026-07-08 22:47:33,610 - ERROR - Traceback (most recent call last):
  File "/Applications/XAMPP/xamppfiles/htdocs/SHAKIRA/MR_BRAIN/ml/train_nlu.py", line 476, in <module>
    main()
  File "/Applications/XAMPP/xamppfiles/htdocs/SHAKIRA/MR_BRAIN/ml/train_nlu.py", line 237, in main
    df = load_data(DATASET_PATH)
  File "/Applications/XAMPP/xamppfiles/htdocs/SHAKIRA/MR_BRAIN/ml/train_nlu.py", line 200, in load_data
    df = df.dropna(subset=['command', 'intent'])
  File "/Applications/XAMPP/xamppfiles/htdocs/SHAKIRA/MR_BRAIN/venv/lib/python3.9/site-packages/pandas/core/frame.py", line 6692, in dropna
    raise KeyError(np.array(subset)[check].tolist())
KeyError: ['command', 'intent']

2026-07-08 22:48:56,159 - INFO - Using device: cpu
2026-07-08 22:48:56,159 - INFO - ============================================================
2026-07-08 22:48:56,159 - INFO - AMAZON AI - DistilBERT NLU Model Training
2026-07-08 22:48:56,159 - INFO - ============================================================
2026-07-08 22:48:56,160 - INFO - Started at: 2026-07-08 22:48:56.159999
2026-07-08 22:48:56,160 - INFO - Loading dataset from: /Applications/XAMPP/xamppfiles/htdocs/SHAKIRA/MR_BRAIN/ml/dataset.csv
2026-07-08 22:48:56,164 - ERROR - 
❌ Error during training: ['command', 'intent']
2026-07-08 22:48:56,169 - ERROR - Traceback (most recent call last):
  File "/Applications/XAMPP/xamppfiles/htdocs/SHAKIRA/MR_BRAIN/ml/train_nlu.py", line 476, in <module>
    main()
  File "/Applications/XAMPP/xamppfiles/htdocs/SHAKIRA/MR_BRAIN/ml/train_nlu.py", line 237, in main
    df = load_data(DATASET_PATH)
  File "/Applications/XAMPP/xamppfiles/htdocs/SHAKIRA/MR_BRAIN/ml/train_nlu.py", line 200, in load_data
    df = df.dropna(subset=['command', 'intent'])
  File "/Applications/XAMPP/xamppfiles/htdocs/SHAKIRA/MR_BRAIN/venv/lib/python3.9/site-packages/pandas/core/frame.py", line 6692, in dropna
    raise KeyError(np.array(subset)[check].tolist())
KeyError: ['command', 'intent']

2026-07-08 22:49:49,587 - INFO - Using device: cpu
2026-07-08 22:49:49,588 - INFO - ============================================================
2026-07-08 22:49:49,588 - INFO - AMAZON AI - DistilBERT NLU Model Training
2026-07-08 22:49:49,588 - INFO - ============================================================
2026-07-08 22:49:49,588 - INFO - Started at: 2026-07-08 22:49:49.588491
2026-07-08 22:49:49,588 - INFO - Loading dataset from: /Applications/XAMPP/xamppfiles/htdocs/SHAKIRA/MR_BRAIN/ml/dataset.csv
2026-07-08 22:49:49,593 - ERROR - 
❌ Error during training: ['command', 'intent']
2026-07-08 22:49:49,597 - ERROR - Traceback (most recent call last):
  File "/Applications/XAMPP/xamppfiles/htdocs/SHAKIRA/MR_BRAIN/ml/train_nlu.py", line 476, in <module>
    main()
  File "/Applications/XAMPP/xamppfiles/htdocs/SHAKIRA/MR_BRAIN/ml/train_nlu.py", line 237, in main
    df = load_data(DATASET_PATH)
  File "/Applications/XAMPP/xamppfiles/htdocs/SHAKIRA/MR_BRAIN/ml/train_nlu.py", line 200, in load_data
    df = df.dropna(subset=['command', 'intent'])
  File "/Applications/XAMPP/xamppfiles/htdocs/SHAKIRA/MR_BRAIN/venv/lib/python3.9/site-packages/pandas/core/frame.py", line 6692, in dropna
    raise KeyError(np.array(subset)[check].tolist())
KeyError: ['command', 'intent']

2026-07-08 23:06:07,836 - INFO - Using device: cpu
2026-07-08 23:06:07,837 - INFO - ============================================================
2026-07-08 23:06:07,837 - INFO - AMAZON AI - DistilBERT NLU Model Training
2026-07-08 23:06:07,837 - INFO - ============================================================
2026-07-08 23:06:07,837 - INFO - Started at: 2026-07-08 23:06:07.837658
2026-07-08 23:06:07,837 - INFO - Loading dataset from: /Applications/XAMPP/xamppfiles/htdocs/SHAKIRA/MR_BRAIN/ml/dataset.csv
2026-07-08 23:06:07,842 - ERROR - 
❌ Error during training: ['command', 'intent']
2026-07-08 23:06:07,846 - ERROR - Traceback (most recent call last):
  File "/Applications/XAMPP/xamppfiles/htdocs/SHAKIRA/MR_BRAIN/ml/train_nlu.py", line 476, in <module>
    main()
  File "/Applications/XAMPP/xamppfiles/htdocs/SHAKIRA/MR_BRAIN/ml/train_nlu.py", line 237, in main
    df = load_data(DATASET_PATH)
  File "/Applications/XAMPP/xamppfiles/htdocs/SHAKIRA/MR_BRAIN/ml/train_nlu.py", line 200, in load_data
    df = df.dropna(subset=['command', 'intent'])
  File "/Applications/XAMPP/xamppfiles/htdocs/SHAKIRA/MR_BRAIN/venv/lib/python3.9/site-packages/pandas/core/frame.py", line 6692, in dropna
    raise KeyError(np.array(subset)[check].tolist())
KeyError: ['command', 'intent']

2026-07-08 23:16:35,666 - INFO - Using device: cpu
2026-07-08 23:16:35,667 - INFO - ============================================================
2026-07-08 23:16:35,667 - INFO - AMAZON AI - DistilBERT NLU Model Training
2026-07-08 23:16:35,667 - INFO - ============================================================
2026-07-08 23:16:35,667 - INFO - Started at: 2026-07-08 23:16:35.667345
2026-07-08 23:16:35,667 - INFO - Loading dataset from: /Applications/XAMPP/xamppfiles/htdocs/SHAKIRA/MR_BRAIN/ml/dataset.csv
2026-07-08 23:16:35,672 - ERROR - 
❌ Error during training: ['command', 'intent']
2026-07-08 23:16:35,677 - ERROR - Traceback (most recent call last):
  File "/Applications/XAMPP/xamppfiles/htdocs/SHAKIRA/MR_BRAIN/ml/train_nlu.py", line 476, in <module>
    main()
  File "/Applications/XAMPP/xamppfiles/htdocs/SHAKIRA/MR_BRAIN/ml/train_nlu.py", line 237, in main
    df = load_data(DATASET_PATH)
  File "/Applications/XAMPP/xamppfiles/htdocs/SHAKIRA/MR_BRAIN/ml/train_nlu.py", line 200, in load_data
    df = df.dropna(subset=['command', 'intent'])
  File "/Applications/XAMPP/xamppfiles/htdocs/SHAKIRA/MR_BRAIN/venv/lib/python3.9/site-packages/pandas/core/frame.py", line 6692, in dropna
    raise KeyError(np.array(subset)[check].tolist())
KeyError: ['command', 'intent']

2026-07-08 23:20:51,866 - INFO - Using device: cpu
2026-07-08 23:20:51,867 - INFO - ============================================================
2026-07-08 23:20:51,867 - INFO - AMAZON AI - DistilBERT NLU Model Training
2026-07-08 23:20:51,867 - INFO - ============================================================
2026-07-08 23:20:51,867 - INFO - Started at: 2026-07-08 23:20:51.867960
2026-07-08 23:20:51,868 - INFO - Loading dataset from: /Applications/XAMPP/xamppfiles/htdocs/SHAKIRA/MR_BRAIN/ml/dataset.csv
2026-07-08 23:20:51,873 - ERROR - 
❌ Error during training: ['command', 'intent']
2026-07-08 23:20:51,878 - ERROR - Traceback (most recent call last):
  File "/Applications/XAMPP/xamppfiles/htdocs/SHAKIRA/MR_BRAIN/ml/train_nlu.py", line 476, in <module>
    main()
  File "/Applications/XAMPP/xamppfiles/htdocs/SHAKIRA/MR_BRAIN/ml/train_nlu.py", line 237, in main
    df = load_data(DATASET_PATH)
  File "/Applications/XAMPP/xamppfiles/htdocs/SHAKIRA/MR_BRAIN/ml/train_nlu.py", line 200, in load_data
    df = df.dropna(subset=['command', 'intent'])
  File "/Applications/XAMPP/xamppfiles/htdocs/SHAKIRA/MR_BRAIN/venv/lib/python3.9/site-packages/pandas/core/frame.py", line 6692, in dropna
    raise KeyError(np.array(subset)[check].tolist())
KeyError: ['command', 'intent']

2026-07-09 04:15:52,669 - INFO - Using device: cpu
2026-07-09 04:15:52,670 - INFO - ============================================================
2026-07-09 04:15:52,671 - INFO - AMAZON AI - DistilBERT NLU Model Training
2026-07-09 04:15:52,698 - INFO - ============================================================
2026-07-09 04:15:52,698 - INFO - Started at: 2026-07-09 04:15:52.698527
2026-07-09 04:15:52,698 - INFO - Loading dataset from: /Applications/XAMPP/xamppfiles/htdocs/SHAKIRA/MR_BRAIN/ml/dataset.csv
2026-07-09 04:15:52,727 - ERROR - 
❌ Error during training: ['command', 'intent']
2026-07-09 04:15:52,736 - ERROR - Traceback (most recent call last):
  File "/Applications/XAMPP/xamppfiles/htdocs/SHAKIRA/MR_BRAIN/ml/train_nlu.py", line 476, in <module>
    main()
  File "/Applications/XAMPP/xamppfiles/htdocs/SHAKIRA/MR_BRAIN/ml/train_nlu.py", line 237, in main
    df = load_data(DATASET_PATH)
  File "/Applications/XAMPP/xamppfiles/htdocs/SHAKIRA/MR_BRAIN/ml/train_nlu.py", line 200, in load_data
    df = df.dropna(subset=['command', 'intent'])
  File "/Applications/XAMPP/xamppfiles/htdocs/SHAKIRA/MR_BRAIN/venv/lib/python3.9/site-packages/pandas/core/frame.py", line 6692, in dropna
    raise KeyError(np.array(subset)[check].tolist())
KeyError: ['command', 'intent']

2026-07-09 04:25:31,180 - INFO - Using device: cpu
2026-07-09 04:25:31,180 - INFO - ============================================================
2026-07-09 04:25:31,181 - INFO - AMAZON AI - DistilBERT NLU Model Training
2026-07-09 04:25:31,181 - INFO - ============================================================
2026-07-09 04:25:31,181 - INFO - Started at: 2026-07-09 04:25:31.181254
2026-07-09 04:25:31,181 - INFO - Loading dataset from: /Applications/XAMPP/xamppfiles/htdocs/SHAKIRA/MR_BRAIN/ml/dataset.csv
2026-07-09 04:25:31,186 - ERROR - 
❌ Error during training: ['command', 'intent']
2026-07-09 04:25:31,192 - ERROR - Traceback (most recent call last):
  File "/Applications/XAMPP/xamppfiles/htdocs/SHAKIRA/MR_BRAIN/ml/train_nlu.py", line 476, in <module>
    main()
  File "/Applications/XAMPP/xamppfiles/htdocs/SHAKIRA/MR_BRAIN/ml/train_nlu.py", line 237, in main
    df = load_data(DATASET_PATH)
  File "/Applications/XAMPP/xamppfiles/htdocs/SHAKIRA/MR_BRAIN/ml/train_nlu.py", line 200, in load_data
    df = df.dropna(subset=['command', 'intent'])
  File "/Applications/XAMPP/xamppfiles/htdocs/SHAKIRA/MR_BRAIN/venv/lib/python3.9/site-packages/pandas/core/frame.py", line 6692, in dropna
    raise KeyError(np.array(subset)[check].tolist())
KeyError: ['command', 'intent']

2026-07-09 04:27:06,511 - INFO - Using device: cpu
2026-07-09 04:27:06,525 - INFO - ============================================================
2026-07-09 04:27:06,525 - INFO - AMAZON AI - DistilBERT NLU Model Training
2026-07-09 04:27:06,525 - INFO - ============================================================
2026-07-09 04:27:06,525 - INFO - Started at: 2026-07-09 04:27:06.525667
2026-07-09 04:27:06,525 - INFO - Loading dataset from: /Applications/XAMPP/xamppfiles/htdocs/SHAKIRA/MR_BRAIN/ml/dataset.csv
2026-07-09 04:27:06,532 - ERROR - 
❌ Error during training: ['command', 'intent']
2026-07-09 04:27:06,537 - ERROR - Traceback (most recent call last):
  File "/Applications/XAMPP/xamppfiles/htdocs/SHAKIRA/MR_BRAIN/ml/train_nlu.py", line 476, in <module>
    main()
  File "/Applications/XAMPP/xamppfiles/htdocs/SHAKIRA/MR_BRAIN/ml/train_nlu.py", line 237, in main
    df = load_data(DATASET_PATH)
  File "/Applications/XAMPP/xamppfiles/htdocs/SHAKIRA/MR_BRAIN/ml/train_nlu.py", line 200, in load_data
    df = df.dropna(subset=['command', 'intent'])
  File "/Applications/XAMPP/xamppfiles/htdocs/SHAKIRA/MR_BRAIN/venv/lib/python3.9/site-packages/pandas/core/frame.py", line 6692, in dropna
    raise KeyError(np.array(subset)[check].tolist())
KeyError: ['command', 'intent']

2026-07-09 04:36:50,710 - INFO - Using device: cpu
2026-07-09 04:36:50,710 - INFO - ============================================================
2026-07-09 04:36:50,711 - INFO - AMAZON AI - DistilBERT NLU Model Training
2026-07-09 04:36:50,711 - INFO - ============================================================
2026-07-09 04:36:50,711 - INFO - Started at: 2026-07-09 04:36:50.711271
2026-07-09 04:36:50,711 - INFO - Loading dataset from: /Applications/XAMPP/xamppfiles/htdocs/SHAKIRA/MR_BRAIN/ml/dataset.csv
2026-07-09 04:36:50,716 - ERROR - 
❌ Error during training: ['command', 'intent']
2026-07-09 04:36:50,721 - ERROR - Traceback (most recent call last):
  File "/Applications/XAMPP/xamppfiles/htdocs/SHAKIRA/MR_BRAIN/ml/train_nlu.py", line 476, in <module>
    main()
  File "/Applications/XAMPP/xamppfiles/htdocs/SHAKIRA/MR_BRAIN/ml/train_nlu.py", line 237, in main
    df = load_data(DATASET_PATH)
  File "/Applications/XAMPP/xamppfiles/htdocs/SHAKIRA/MR_BRAIN/ml/train_nlu.py", line 200, in load_data
    df = df.dropna(subset=['command', 'intent'])
  File "/Applications/XAMPP/xamppfiles/htdocs/SHAKIRA/MR_BRAIN/venv/lib/python3.9/site-packages/pandas/core/frame.py", line 6692, in dropna
    raise KeyError(np.array(subset)[check].tolist())
KeyError: ['command', 'intent']

2026-07-09 04:37:38,106 - INFO - Using device: cpu
2026-07-09 04:37:38,106 - INFO - ============================================================
2026-07-09 04:37:38,107 - INFO - AMAZON AI - DistilBERT NLU Model Training
2026-07-09 04:37:38,107 - INFO - ============================================================
2026-07-09 04:37:38,107 - INFO - Started at: 2026-07-09 04:37:38.107222
2026-07-09 04:37:38,107 - INFO - Loading dataset from: /Applications/XAMPP/xamppfiles/htdocs/SHAKIRA/MR_BRAIN/ml/dataset.csv
2026-07-09 04:37:38,112 - ERROR - 
❌ Error during training: ['command', 'intent']
2026-07-09 04:37:38,118 - ERROR - Traceback (most recent call last):
  File "/Applications/XAMPP/xamppfiles/htdocs/SHAKIRA/MR_BRAIN/ml/train_nlu.py", line 476, in <module>
    main()
  File "/Applications/XAMPP/xamppfiles/htdocs/SHAKIRA/MR_BRAIN/ml/train_nlu.py", line 237, in main
    df = load_data(DATASET_PATH)
  File "/Applications/XAMPP/xamppfiles/htdocs/SHAKIRA/MR_BRAIN/ml/train_nlu.py", line 200, in load_data
    df = df.dropna(subset=['command', 'intent'])
  File "/Applications/XAMPP/xamppfiles/htdocs/SHAKIRA/MR_BRAIN/venv/lib/python3.9/site-packages/pandas/core/frame.py", line 6692, in dropna
    raise KeyError(np.array(subset)[check].tolist())
KeyError: ['command', 'intent']

2026-07-09 04:41:04,698 - INFO - Using device: cpu
2026-07-09 04:41:04,698 - INFO - ============================================================
2026-07-09 04:41:04,699 - INFO - AMAZON AI - DistilBERT NLU Model Training
2026-07-09 04:41:04,699 - INFO - ============================================================
2026-07-09 04:41:04,699 - INFO - Started at: 2026-07-09 04:41:04.699219
2026-07-09 04:41:04,699 - INFO - Loading dataset from: /Applications/XAMPP/xamppfiles/htdocs/SHAKIRA/MR_BRAIN/ml/dataset.csv
2026-07-09 04:41:04,704 - ERROR - 
❌ Error during training: ['command', 'intent']
2026-07-09 04:41:04,708 - ERROR - Traceback (most recent call last):
  File "/Applications/XAMPP/xamppfiles/htdocs/SHAKIRA/MR_BRAIN/ml/train_nlu.py", line 476, in <module>
    main()
  File "/Applications/XAMPP/xamppfiles/htdocs/SHAKIRA/MR_BRAIN/ml/train_nlu.py", line 237, in main
    df = load_data(DATASET_PATH)
  File "/Applications/XAMPP/xamppfiles/htdocs/SHAKIRA/MR_BRAIN/ml/train_nlu.py", line 200, in load_data
    df = df.dropna(subset=['command', 'intent'])
  File "/Applications/XAMPP/xamppfiles/htdocs/SHAKIRA/MR_BRAIN/venv/lib/python3.9/site-packages/pandas/core/frame.py", line 6692, in dropna
    raise KeyError(np.array(subset)[check].tolist())
KeyError: ['command', 'intent']

2026-07-09 04:42:03,018 - INFO - Using device: cpu
2026-07-09 04:42:03,019 - INFO - ============================================================
2026-07-09 04:42:03,019 - INFO - AMAZON AI - DistilBERT NLU Model Training
2026-07-09 04:42:03,019 - INFO - ============================================================
2026-07-09 04:42:03,019 - INFO - Started at: 2026-07-09 04:42:03.019634
2026-07-09 04:42:03,019 - INFO - Loading dataset from: /Applications/XAMPP/xamppfiles/htdocs/SHAKIRA/MR_BRAIN/ml/dataset.csv
2026-07-09 04:42:03,025 - ERROR - 
❌ Error during training: ['command', 'intent']
2026-07-09 04:42:03,030 - ERROR - Traceback (most recent call last):
  File "/Applications/XAMPP/xamppfiles/htdocs/SHAKIRA/MR_BRAIN/ml/train_nlu.py", line 476, in <module>
    main()
  File "/Applications/XAMPP/xamppfiles/htdocs/SHAKIRA/MR_BRAIN/ml/train_nlu.py", line 237, in main
    df = load_data(DATASET_PATH)
  File "/Applications/XAMPP/xamppfiles/htdocs/SHAKIRA/MR_BRAIN/ml/train_nlu.py", line 200, in load_data
    df = df.dropna(subset=['command', 'intent'])
  File "/Applications/XAMPP/xamppfiles/htdocs/SHAKIRA/MR_BRAIN/venv/lib/python3.9/site-packages/pandas/core/frame.py", line 6692, in dropna
    raise KeyError(np.array(subset)[check].tolist())
KeyError: ['command', 'intent']

2026-07-09 05:24:21,838 - INFO - Using device: cpu
2026-07-09 05:24:21,839 - INFO - ============================================================
2026-07-09 05:24:21,839 - INFO - AMAZON AI - DistilBERT NLU Model Training
2026-07-09 05:24:21,839 - INFO - ============================================================
2026-07-09 05:24:21,839 - INFO - Started at: 2026-07-09 05:24:21.839528
2026-07-09 05:24:21,839 - INFO - Loading dataset from: /Applications/XAMPP/xamppfiles/htdocs/SHAKIRA/MR_BRAIN/ml/dataset.csv
2026-07-09 05:24:21,844 - ERROR - 
❌ Error during training: ['command', 'intent']
2026-07-09 05:24:21,849 - ERROR - Traceback (most recent call last):
  File "/Applications/XAMPP/xamppfiles/htdocs/SHAKIRA/MR_BRAIN/ml/train_nlu.py", line 476, in <module>
    main()
  File "/Applications/XAMPP/xamppfiles/htdocs/SHAKIRA/MR_BRAIN/ml/train_nlu.py", line 237, in main
    df = load_data(DATASET_PATH)
  File "/Applications/XAMPP/xamppfiles/htdocs/SHAKIRA/MR_BRAIN/ml/train_nlu.py", line 200, in load_data
    df = df.dropna(subset=['command', 'intent'])
  File "/Applications/XAMPP/xamppfiles/htdocs/SHAKIRA/MR_BRAIN/venv/lib/python3.9/site-packages/pandas/core/frame.py", line 6692, in dropna
    raise KeyError(np.array(subset)[check].tolist())
KeyError: ['command', 'intent']

2026-07-09 05:30:02,231 - INFO - Using device: cpu
2026-07-09 05:30:02,231 - INFO - ============================================================
2026-07-09 05:30:02,232 - INFO - AMAZON AI - DistilBERT NLU Model Training
2026-07-09 05:30:02,232 - INFO - ============================================================
2026-07-09 05:30:02,232 - INFO - Started at: 2026-07-09 05:30:02.232303
2026-07-09 05:30:02,232 - INFO - Loading dataset from: /Applications/XAMPP/xamppfiles/htdocs/SHAKIRA/MR_BRAIN/ml/dataset.csv
2026-07-09 05:30:02,237 - ERROR - 
❌ Error during training: ['command', 'intent']
2026-07-09 05:30:02,243 - ERROR - Traceback (most recent call last):
  File "/Applications/XAMPP/xamppfiles/htdocs/SHAKIRA/MR_BRAIN/ml/train_nlu.py", line 476, in <module>
    main()
  File "/Applications/XAMPP/xamppfiles/htdocs/SHAKIRA/MR_BRAIN/ml/train_nlu.py", line 237, in main
    df = load_data(DATASET_PATH)
  File "/Applications/XAMPP/xamppfiles/htdocs/SHAKIRA/MR_BRAIN/ml/train_nlu.py", line 200, in load_data
    df = df.dropna(subset=['command', 'intent'])
  File "/Applications/XAMPP/xamppfiles/htdocs/SHAKIRA/MR_BRAIN/venv/lib/python3.9/site-packages/pandas/core/frame.py", line 6692, in dropna
    raise KeyError(np.array(subset)[check].tolist())
KeyError: ['command', 'intent']

2026-07-09 05:35:19,663 - INFO - Using device: cpu
2026-07-09 05:35:19,663 - INFO - ============================================================
2026-07-09 05:35:19,664 - INFO - AMAZON AI - DistilBERT NLU Model Training
2026-07-09 05:35:19,664 - INFO - ============================================================
2026-07-09 05:35:19,664 - INFO - Started at: 2026-07-09 05:35:19.664235
2026-07-09 05:35:19,664 - INFO - Loading dataset from: /Applications/XAMPP/xamppfiles/htdocs/SHAKIRA/MR_BRAIN/ml/dataset.csv
2026-07-09 05:35:19,669 - ERROR - 
❌ Error during training: ['command', 'intent']
2026-07-09 05:35:19,672 - ERROR - Traceback (most recent call last):
  File "/Applications/XAMPP/xamppfiles/htdocs/SHAKIRA/MR_BRAIN/ml/train_nlu.py", line 476, in <module>
    main()
  File "/Applications/XAMPP/xamppfiles/htdocs/SHAKIRA/MR_BRAIN/ml/train_nlu.py", line 237, in main
    df = load_data(DATASET_PATH)
  File "/Applications/XAMPP/xamppfiles/htdocs/SHAKIRA/MR_BRAIN/ml/train_nlu.py", line 200, in load_data
    df = df.dropna(subset=['command', 'intent'])
  File "/Applications/XAMPP/xamppfiles/htdocs/SHAKIRA/MR_BRAIN/venv/lib/python3.9/site-packages/pandas/core/frame.py", line 6692, in dropna
    raise KeyError(np.array(subset)[check].tolist())
KeyError: ['command', 'intent']

2026-07-09 05:42:26,540 - INFO - Using device: cpu
2026-07-09 05:42:26,541 - INFO - ============================================================
2026-07-09 05:42:26,541 - INFO - AMAZON AI - DistilBERT NLU Model Training
2026-07-09 05:42:26,541 - INFO - ============================================================
2026-07-09 05:42:26,541 - INFO - Started at: 2026-07-09 05:42:26.541385
2026-07-09 05:42:26,541 - INFO - Loading dataset from: /Applications/XAMPP/xamppfiles/htdocs/SHAKIRA/MR_BRAIN/ml/dataset.csv
2026-07-09 05:42:26,546 - ERROR - 
❌ Error during training: ['command', 'intent']
2026-07-09 05:42:26,551 - ERROR - Traceback (most recent call last):
  File "/Applications/XAMPP/xamppfiles/htdocs/SHAKIRA/MR_BRAIN/ml/train_nlu.py", line 476, in <module>
    main()
  File "/Applications/XAMPP/xamppfiles/htdocs/SHAKIRA/MR_BRAIN/ml/train_nlu.py", line 237, in main
    df = load_data(DATASET_PATH)
  File "/Applications/XAMPP/xamppfiles/htdocs/SHAKIRA/MR_BRAIN/ml/train_nlu.py", line 200, in load_data
    df = df.dropna(subset=['command', 'intent'])
  File "/Applications/XAMPP/xamppfiles/htdocs/SHAKIRA/MR_BRAIN/venv/lib/python3.9/site-packages/pandas/core/frame.py", line 6692, in dropna
    raise KeyError(np.array(subset)[check].tolist())
KeyError: ['command', 'intent']

2026-07-09 05:44:54,599 - INFO - Using device: cpu
2026-07-09 05:44:54,599 - INFO - ============================================================
2026-07-09 05:44:54,599 - INFO - AMAZON AI - DistilBERT NLU Model Training
2026-07-09 05:44:54,599 - INFO - ============================================================
2026-07-09 05:44:54,599 - INFO - Started at: 2026-07-09 05:44:54.599830
2026-07-09 05:44:54,599 - INFO - Loading dataset from: /Applications/XAMPP/xamppfiles/htdocs/SHAKIRA/MR_BRAIN/ml/dataset.csv
2026-07-09 05:44:54,604 - ERROR - 
❌ Error during training: ['command', 'intent']
2026-07-09 05:44:54,607 - ERROR - Traceback (most recent call last):
  File "/Applications/XAMPP/xamppfiles/htdocs/SHAKIRA/MR_BRAIN/ml/train_nlu.py", line 476, in <module>
    main()
  File "/Applications/XAMPP/xamppfiles/htdocs/SHAKIRA/MR_BRAIN/ml/train_nlu.py", line 237, in main
    df = load_data(DATASET_PATH)
  File "/Applications/XAMPP/xamppfiles/htdocs/SHAKIRA/MR_BRAIN/ml/train_nlu.py", line 200, in load_data
    df = df.dropna(subset=['command', 'intent'])
  File "/Applications/XAMPP/xamppfiles/htdocs/SHAKIRA/MR_BRAIN/venv/lib/python3.9/site-packages/pandas/core/frame.py", line 6692, in dropna
    raise KeyError(np.array(subset)[check].tolist())
KeyError: ['command', 'intent']

2026-07-09 05:50:15,002 - INFO - Using device: cpu
2026-07-09 05:50:15,002 - INFO - ============================================================
2026-07-09 05:50:15,003 - INFO - AMAZON AI - DistilBERT NLU Model Training
2026-07-09 05:50:15,003 - INFO - ============================================================
2026-07-09 05:50:15,003 - INFO - Started at: 2026-07-09 05:50:15.003175
2026-07-09 05:50:15,003 - INFO - Loading dataset from: /Applications/XAMPP/xamppfiles/htdocs/SHAKIRA/MR_BRAIN/ml/dataset.csv
2026-07-09 05:50:15,008 - ERROR - 
❌ Error during training: ['command', 'intent']
2026-07-09 05:50:15,014 - ERROR - Traceback (most recent call last):
  File "/Applications/XAMPP/xamppfiles/htdocs/SHAKIRA/MR_BRAIN/ml/train_nlu.py", line 476, in <module>
    main()
  File "/Applications/XAMPP/xamppfiles/htdocs/SHAKIRA/MR_BRAIN/ml/train_nlu.py", line 237, in main
    df = load_data(DATASET_PATH)
  File "/Applications/XAMPP/xamppfiles/htdocs/SHAKIRA/MR_BRAIN/ml/train_nlu.py", line 200, in load_data
    df = df.dropna(subset=['command', 'intent'])
  File "/Applications/XAMPP/xamppfiles/htdocs/SHAKIRA/MR_BRAIN/venv/lib/python3.9/site-packages/pandas/core/frame.py", line 6692, in dropna
    raise KeyError(np.array(subset)[check].tolist())
KeyError: ['command', 'intent']

2026-07-09 05:52:03,851 - INFO - Using device: cpu
2026-07-09 05:52:03,851 - INFO - ============================================================
2026-07-09 05:52:03,851 - INFO - AMAZON AI - DistilBERT NLU Model Training
2026-07-09 05:52:03,851 - INFO - ============================================================
2026-07-09 05:52:03,851 - INFO - Started at: 2026-07-09 05:52:03.851891
2026-07-09 05:52:03,852 - INFO - Loading dataset from: /Applications/XAMPP/xamppfiles/htdocs/SHAKIRA/MR_BRAIN/ml/dataset.csv
2026-07-09 05:52:03,856 - ERROR - 
❌ Error during training: ['command', 'intent']
2026-07-09 05:52:03,859 - ERROR - Traceback (most recent call last):
  File "/Applications/XAMPP/xamppfiles/htdocs/SHAKIRA/MR_BRAIN/ml/train_nlu.py", line 476, in <module>
    main()
  File "/Applications/XAMPP/xamppfiles/htdocs/SHAKIRA/MR_BRAIN/ml/train_nlu.py", line 237, in main
    df = load_data(DATASET_PATH)
  File "/Applications/XAMPP/xamppfiles/htdocs/SHAKIRA/MR_BRAIN/ml/train_nlu.py", line 200, in load_data
    df = df.dropna(subset=['command', 'intent'])
  File "/Applications/XAMPP/xamppfiles/htdocs/SHAKIRA/MR_BRAIN/venv/lib/python3.9/site-packages/pandas/core/frame.py", line 6692, in dropna
    raise KeyError(np.array(subset)[check].tolist())
KeyError: ['command', 'intent']

2026-07-09 05:57:29,543 - INFO - Using device: cpu
2026-07-09 05:57:29,544 - INFO - ============================================================
2026-07-09 05:57:29,544 - INFO - AMAZON AI - DistilBERT NLU Model Training
2026-07-09 05:57:29,544 - INFO - ============================================================
2026-07-09 05:57:29,544 - INFO - Started at: 2026-07-09 05:57:29.544297
2026-07-09 05:57:29,544 - INFO - Loading dataset from: /Applications/XAMPP/xamppfiles/htdocs/SHAKIRA/MR_BRAIN/ml/dataset.csv
2026-07-09 05:57:29,549 - ERROR - 
❌ Error during training: ['command', 'intent']
2026-07-09 05:57:29,554 - ERROR - Traceback (most recent call last):
  File "/Applications/XAMPP/xamppfiles/htdocs/SHAKIRA/MR_BRAIN/ml/train_nlu.py", line 476, in <module>
    main()
  File "/Applications/XAMPP/xamppfiles/htdocs/SHAKIRA/MR_BRAIN/ml/train_nlu.py", line 237, in main
    df = load_data(DATASET_PATH)
  File "/Applications/XAMPP/xamppfiles/htdocs/SHAKIRA/MR_BRAIN/ml/train_nlu.py", line 200, in load_data
    df = df.dropna(subset=['command', 'intent'])
  File "/Applications/XAMPP/xamppfiles/htdocs/SHAKIRA/MR_BRAIN/venv/lib/python3.9/site-packages/pandas/core/frame.py", line 6692, in dropna
    raise KeyError(np.array(subset)[check].tolist())
KeyError: ['command', 'intent']

2026-07-09 07:24:31,273 - INFO - Using device: cpu
2026-07-09 07:24:31,274 - INFO - ============================================================
2026-07-09 07:24:31,274 - INFO - AMAZON AI - DistilBERT NLU Model Training
2026-07-09 07:24:31,274 - INFO - ============================================================
2026-07-09 07:24:31,274 - INFO - Started at: 2026-07-09 07:24:31.274595
2026-07-09 07:24:31,274 - INFO - Loading dataset from: /Applications/XAMPP/xamppfiles/htdocs/SHAKIRA/MR_BRAIN/ml/dataset.csv
2026-07-09 07:24:31,279 - ERROR - 
❌ Error during training: ['command', 'intent']
2026-07-09 07:24:31,285 - ERROR - Traceback (most recent call last):
  File "/Applications/XAMPP/xamppfiles/htdocs/SHAKIRA/MR_BRAIN/ml/train_nlu.py", line 476, in <module>
    main()
  File "/Applications/XAMPP/xamppfiles/htdocs/SHAKIRA/MR_BRAIN/ml/train_nlu.py", line 237, in main
    df = load_data(DATASET_PATH)
  File "/Applications/XAMPP/xamppfiles/htdocs/SHAKIRA/MR_BRAIN/ml/train_nlu.py", line 200, in load_data
    df = df.dropna(subset=['command', 'intent'])
  File "/Applications/XAMPP/xamppfiles/htdocs/SHAKIRA/MR_BRAIN/venv/lib/python3.9/site-packages/pandas/core/frame.py", line 6692, in dropna
    raise KeyError(np.array(subset)[check].tolist())
KeyError: ['command', 'intent']

2026-07-09 07:28:29,949 - INFO - Using device: cpu
2026-07-09 07:28:29,949 - INFO - ============================================================
2026-07-09 07:28:29,949 - INFO - AMAZON AI - DistilBERT NLU Model Training
2026-07-09 07:28:29,950 - INFO - ============================================================
2026-07-09 07:28:29,950 - INFO - Started at: 2026-07-09 07:28:29.950118
2026-07-09 07:28:29,950 - INFO - Loading dataset from: /Applications/XAMPP/xamppfiles/htdocs/SHAKIRA/MR_BRAIN/ml/dataset.csv
2026-07-09 07:28:29,954 - ERROR - 
❌ Error during training: ['command', 'intent']
2026-07-09 07:28:29,959 - ERROR - Traceback (most recent call last):
  File "/Applications/XAMPP/xamppfiles/htdocs/SHAKIRA/MR_BRAIN/ml/train_nlu.py", line 476, in <module>
    main()
  File "/Applications/XAMPP/xamppfiles/htdocs/SHAKIRA/MR_BRAIN/ml/train_nlu.py", line 237, in main
    df = load_data(DATASET_PATH)
  File "/Applications/XAMPP/xamppfiles/htdocs/SHAKIRA/MR_BRAIN/ml/train_nlu.py", line 200, in load_data
    df = df.dropna(subset=['command', 'intent'])
  File "/Applications/XAMPP/xamppfiles/htdocs/SHAKIRA/MR_BRAIN/venv/lib/python3.9/site-packages/pandas/core/frame.py", line 6692, in dropna
    raise KeyError(np.array(subset)[check].tolist())
KeyError: ['command', 'intent']

2026-07-09 07:33:08,768 - INFO - Using device: cpu
2026-07-09 07:33:08,768 - INFO - ============================================================
2026-07-09 07:33:08,769 - INFO - AMAZON AI - DistilBERT NLU Model Training
2026-07-09 07:33:08,769 - INFO - ============================================================
2026-07-09 07:33:08,769 - INFO - Started at: 2026-07-09 07:33:08.769245
2026-07-09 07:33:08,769 - INFO - Loading dataset from: /Applications/XAMPP/xamppfiles/htdocs/SHAKIRA/MR_BRAIN/ml/dataset.csv
2026-07-09 07:33:08,774 - ERROR - 
❌ Error during training: ['command', 'intent']
2026-07-09 07:33:08,780 - ERROR - Traceback (most recent call last):
  File "/Applications/XAMPP/xamppfiles/htdocs/SHAKIRA/MR_BRAIN/ml/train_nlu.py", line 476, in <module>
    main()
  File "/Applications/XAMPP/xamppfiles/htdocs/SHAKIRA/MR_BRAIN/ml/train_nlu.py", line 237, in main
    df = load_data(DATASET_PATH)
  File "/Applications/XAMPP/xamppfiles/htdocs/SHAKIRA/MR_BRAIN/ml/train_nlu.py", line 200, in load_data
    df = df.dropna(subset=['command', 'intent'])
  File "/Applications/XAMPP/xamppfiles/htdocs/SHAKIRA/MR_BRAIN/venv/lib/python3.9/site-packages/pandas/core/frame.py", line 6692, in dropna
    raise KeyError(np.array(subset)[check].tolist())
KeyError: ['command', 'intent']

2026-07-09 07:37:28,635 - INFO - Using device: cpu
2026-07-09 07:37:28,636 - INFO - ============================================================
2026-07-09 07:37:28,636 - INFO - AMAZON AI - DistilBERT NLU Model Training
2026-07-09 07:37:28,636 - INFO - ============================================================
2026-07-09 07:37:28,636 - INFO - Started at: 2026-07-09 07:37:28.636359
2026-07-09 07:37:28,636 - INFO - Loading dataset from: /Applications/XAMPP/xamppfiles/htdocs/SHAKIRA/MR_BRAIN/ml/dataset.csv
2026-07-09 07:37:28,642 - ERROR - 
❌ Error during training: ['command', 'intent']
2026-07-09 07:37:28,647 - ERROR - Traceback (most recent call last):
  File "/Applications/XAMPP/xamppfiles/htdocs/SHAKIRA/MR_BRAIN/ml/train_nlu.py", line 476, in <module>
    main()
  File "/Applications/XAMPP/xamppfiles/htdocs/SHAKIRA/MR_BRAIN/ml/train_nlu.py", line 237, in main
    df = load_data(DATASET_PATH)
  File "/Applications/XAMPP/xamppfiles/htdocs/SHAKIRA/MR_BRAIN/ml/train_nlu.py", line 200, in load_data
    df = df.dropna(subset=['command', 'intent'])
  File "/Applications/XAMPP/xamppfiles/htdocs/SHAKIRA/MR_BRAIN/venv/lib/python3.9/site-packages/pandas/core/frame.py", line 6692, in dropna
    raise KeyError(np.array(subset)[check].tolist())
KeyError: ['command', 'intent']

2026-07-09 07:38:26,930 - INFO - Using device: cpu
2026-07-09 07:38:26,931 - INFO - ============================================================
2026-07-09 07:38:26,931 - INFO - AMAZON AI - DistilBERT NLU Model Training
2026-07-09 07:38:26,931 - INFO - ============================================================
2026-07-09 07:38:26,931 - INFO - Started at: 2026-07-09 07:38:26.931684
2026-07-09 07:38:26,931 - INFO - Loading dataset from: /Applications/XAMPP/xamppfiles/htdocs/SHAKIRA/MR_BRAIN/ml/dataset.csv
2026-07-09 07:38:26,937 - ERROR - 
❌ Error during training: ['command', 'intent']
2026-07-09 07:38:26,943 - ERROR - Traceback (most recent call last):
  File "/Applications/XAMPP/xamppfiles/htdocs/SHAKIRA/MR_BRAIN/ml/train_nlu.py", line 476, in <module>
    main()
  File "/Applications/XAMPP/xamppfiles/htdocs/SHAKIRA/MR_BRAIN/ml/train_nlu.py", line 237, in main
    df = load_data(DATASET_PATH)
  File "/Applications/XAMPP/xamppfiles/htdocs/SHAKIRA/MR_BRAIN/ml/train_nlu.py", line 200, in load_data
    df = df.dropna(subset=['command', 'intent'])
  File "/Applications/XAMPP/xamppfiles/htdocs/SHAKIRA/MR_BRAIN/venv/lib/python3.9/site-packages/pandas/core/frame.py", line 6692, in dropna
    raise KeyError(np.array(subset)[check].tolist())
KeyError: ['command', 'intent']

2026-07-09 07:40:34,214 - INFO - Using device: cpu
2026-07-09 07:40:34,214 - INFO - ============================================================
2026-07-09 07:40:34,215 - INFO - AMAZON AI - DistilBERT NLU Model Training
2026-07-09 07:40:34,215 - INFO - ============================================================
2026-07-09 07:40:34,215 - INFO - Started at: 2026-07-09 07:40:34.215470
2026-07-09 07:40:34,215 - INFO - Loading dataset from: /Applications/XAMPP/xamppfiles/htdocs/SHAKIRA/MR_BRAIN/ml/dataset.csv
2026-07-09 07:40:34,223 - ERROR - 
❌ Error during training: ['command', 'intent']
2026-07-09 07:40:34,229 - ERROR - Traceback (most recent call last):
  File "/Applications/XAMPP/xamppfiles/htdocs/SHAKIRA/MR_BRAIN/ml/train_nlu.py", line 476, in <module>
    main()
  File "/Applications/XAMPP/xamppfiles/htdocs/SHAKIRA/MR_BRAIN/ml/train_nlu.py", line 237, in main
    df = load_data(DATASET_PATH)
  File "/Applications/XAMPP/xamppfiles/htdocs/SHAKIRA/MR_BRAIN/ml/train_nlu.py", line 200, in load_data
    df = df.dropna(subset=['command', 'intent'])
  File "/Applications/XAMPP/xamppfiles/htdocs/SHAKIRA/MR_BRAIN/venv/lib/python3.9/site-packages/pandas/core/frame.py", line 6692, in dropna
    raise KeyError(np.array(subset)[check].tolist())
KeyError: ['command', 'intent']

2026-07-09 07:43:07,393 - INFO - Using device: cpu
2026-07-09 07:43:07,393 - INFO - ============================================================
2026-07-09 07:43:07,393 - INFO - AMAZON AI - DistilBERT NLU Model Training
2026-07-09 07:43:07,394 - INFO - ============================================================
2026-07-09 07:43:07,394 - INFO - Started at: 2026-07-09 07:43:07.394174
2026-07-09 07:43:07,394 - INFO - Loading dataset from: /Applications/XAMPP/xamppfiles/htdocs/SHAKIRA/MR_BRAIN/learning/auto_training_data.csv
2026-07-09 07:43:07,416 - INFO - Loaded 26 samples, 10 unique intents
2026-07-09 07:43:07,419 - INFO - Intent distribution:
intent
open_app             9
greeting             8
empty_trash          2
create_folder        1
system_info          1
list_processes       1
search_web           1
generate_document    1
create_file          1
os_command           1
Name: count, dtype: int64
2026-07-09 07:43:07,419 - INFO - Number of unique intents: 10
2026-07-09 07:43:07,419 - INFO - Intents: ['create_file', 'create_folder', 'empty_trash', 'generate_document', 'greeting', 'list_processes', 'open_app', 'os_command', 'search_web', 'system_info']
2026-07-09 07:43:07,421 - INFO - Label map saved to: /Applications/XAMPP/xamppfiles/htdocs/SHAKIRA/MR_BRAIN/ml/label_map.json
2026-07-09 07:43:07,425 - ERROR - 
❌ Error during training: The least populated class in y has only 1 member, which is too few. The minimum number of groups for any class cannot be less than 2.
2026-07-09 07:43:07,430 - ERROR - Traceback (most recent call last):
  File "/Applications/XAMPP/xamppfiles/htdocs/SHAKIRA/MR_BRAIN/ml/train_nlu.py", line 488, in <module>
    main()
  File "/Applications/XAMPP/xamppfiles/htdocs/SHAKIRA/MR_BRAIN/ml/train_nlu.py", line 270, in main
    train_texts, test_texts, train_labels, test_labels = train_test_split(
  File "/Applications/XAMPP/xamppfiles/htdocs/SHAKIRA/MR_BRAIN/venv/lib/python3.9/site-packages/sklearn/utils/_param_validation.py", line 216, in wrapper
    return func(*args, **kwargs)
  File "/Applications/XAMPP/xamppfiles/htdocs/SHAKIRA/MR_BRAIN/venv/lib/python3.9/site-packages/sklearn/model_selection/_split.py", line 2872, in train_test_split
    train, test = next(cv.split(X=arrays[0], y=stratify))
  File "/Applications/XAMPP/xamppfiles/htdocs/SHAKIRA/MR_BRAIN/venv/lib/python3.9/site-packages/sklearn/model_selection/_split.py", line 1909, in split
    for train, test in self._iter_indices(X, y, groups):
  File "/Applications/XAMPP/xamppfiles/htdocs/SHAKIRA/MR_BRAIN/venv/lib/python3.9/site-packages/sklearn/model_selection/_split.py", line 2318, in _iter_indices
    raise ValueError(
ValueError: The least populated class in y has only 1 member, which is too few. The minimum number of groups for any class cannot be less than 2.

2026-07-09 07:44:18,473 - INFO - Using device: cpu
2026-07-09 07:44:18,474 - INFO - ============================================================
2026-07-09 07:44:18,474 - INFO - AMAZON AI - DistilBERT NLU Model Training
2026-07-09 07:44:18,474 - INFO - ============================================================
2026-07-09 07:44:18,474 - INFO - Started at: 2026-07-09 07:44:18.474822
2026-07-09 07:44:18,475 - INFO - Loading dataset from: /Applications/XAMPP/xamppfiles/htdocs/SHAKIRA/MR_BRAIN/learning/auto_training_data.csv
2026-07-09 07:44:18,482 - INFO - Loaded 26 samples, 10 unique intents
2026-07-09 07:44:18,484 - INFO - Intent distribution:
intent
open_app             9
greeting             8
empty_trash          2
create_folder        1
system_info          1
list_processes       1
search_web           1
generate_document    1
create_file          1
os_command           1
Name: count, dtype: int64
2026-07-09 07:44:18,485 - INFO - Number of unique intents: 10
2026-07-09 07:44:18,485 - INFO - Intents: ['create_file', 'create_folder', 'empty_trash', 'generate_document', 'greeting', 'list_processes', 'open_app', 'os_command', 'search_web', 'system_info']
2026-07-09 07:44:18,488 - INFO - Label map saved to: /Applications/XAMPP/xamppfiles/htdocs/SHAKIRA/MR_BRAIN/ml/label_map.json
2026-07-09 07:44:18,489 - INFO - Some classes have < 2 samples, using simple split
2026-07-09 07:44:18,492 - INFO - Train: 20 samples
2026-07-09 07:44:18,492 - INFO - Test: 6 samples
2026-07-09 07:44:18,492 - INFO - Loading tokenizer: distilbert-base-uncased
2026-07-09 07:44:20,880 - INFO - Loading model: distilbert-base-uncased (10 classes)
2026-07-09 07:44:21,809 - ERROR - 
❌ Error during training: __init__() got an unexpected keyword argument 'correct_bias'
2026-07-09 07:44:21,809 - ERROR - Traceback (most recent call last):
  File "/Applications/XAMPP/xamppfiles/htdocs/SHAKIRA/MR_BRAIN/ml/train_nlu.py", line 502, in <module>
    main()
  File "/Applications/XAMPP/xamppfiles/htdocs/SHAKIRA/MR_BRAIN/ml/train_nlu.py", line 313, in main
    optimizer = AdamW(
TypeError: __init__() got an unexpected keyword argument 'correct_bias'

2026-07-09 07:45:22,448 - INFO - Using device: cpu
2026-07-09 07:45:22,448 - INFO - ============================================================
2026-07-09 07:45:22,448 - INFO - AMAZON AI - DistilBERT NLU Model Training
2026-07-09 07:45:22,448 - INFO - ============================================================
2026-07-09 07:45:22,448 - INFO - Started at: 2026-07-09 07:45:22.448692
2026-07-09 07:45:22,448 - INFO - Loading dataset from: /Applications/XAMPP/xamppfiles/htdocs/SHAKIRA/MR_BRAIN/learning/auto_training_data.csv
2026-07-09 07:45:22,456 - INFO - Loaded 26 samples, 10 unique intents
2026-07-09 07:45:22,457 - INFO - Intent distribution:
intent
open_app             9
greeting             8
empty_trash          2
create_folder        1
system_info          1
list_processes       1
search_web           1
generate_document    1
create_file          1
os_command           1
Name: count, dtype: int64
2026-07-09 07:45:22,458 - INFO - Number of unique intents: 10
2026-07-09 07:45:22,458 - INFO - Intents: ['create_file', 'create_folder', 'empty_trash', 'generate_document', 'greeting', 'list_processes', 'open_app', 'os_command', 'search_web', 'system_info']
2026-07-09 07:45:22,459 - INFO - Label map saved to: /Applications/XAMPP/xamppfiles/htdocs/SHAKIRA/MR_BRAIN/ml/label_map.json
2026-07-09 07:45:22,459 - INFO - Some classes have < 2 samples, using simple split
2026-07-09 07:45:22,460 - INFO - Train: 20 samples
2026-07-09 07:45:22,460 - INFO - Test: 6 samples
2026-07-09 07:45:22,460 - INFO - Loading tokenizer: distilbert-base-uncased
2026-07-09 07:45:24,824 - INFO - Loading model: distilbert-base-uncased (10 classes)
2026-07-09 07:45:25,685 - INFO - Total steps: 20, Warmup steps: 2
2026-07-09 07:45:25,686 - INFO - 
============================================================
2026-07-09 07:45:25,686 - INFO - Training for 10 epochs on cpu
2026-07-09 07:45:25,686 - INFO - Total steps: 20, Warmup: 2
2026-07-09 07:45:25,686 - INFO - ============================================================

2026-07-09 07:45:30,273 - ERROR - 
❌ Error during training: Number of classes, 6, does not match size of target_names, 10. Try specifying the labels parameter
2026-07-09 07:45:30,278 - ERROR - Traceback (most recent call last):
  File "/Applications/XAMPP/xamppfiles/htdocs/SHAKIRA/MR_BRAIN/ml/train_nlu.py", line 501, in <module>
    main()
  File "/Applications/XAMPP/xamppfiles/htdocs/SHAKIRA/MR_BRAIN/ml/train_nlu.py", line 364, in main
    test_acc, test_report, test_loss = evaluate(
  File "/Applications/XAMPP/xamppfiles/htdocs/SHAKIRA/MR_BRAIN/ml/train_nlu.py", line 173, in evaluate
    report = classification_report(
  File "/Applications/XAMPP/xamppfiles/htdocs/SHAKIRA/MR_BRAIN/venv/lib/python3.9/site-packages/sklearn/utils/_param_validation.py", line 216, in wrapper
    return func(*args, **kwargs)
  File "/Applications/XAMPP/xamppfiles/htdocs/SHAKIRA/MR_BRAIN/venv/lib/python3.9/site-packages/sklearn/metrics/_classification.py", line 2693, in classification_report
    raise ValueError(
ValueError: Number of classes, 6, does not match size of target_names, 10. Try specifying the labels parameter

2026-07-09 07:46:52,285 - INFO - Using device: cpu
2026-07-09 07:46:52,285 - INFO - ============================================================
2026-07-09 07:46:52,285 - INFO - AMAZON AI - DistilBERT NLU Model Training
2026-07-09 07:46:52,285 - INFO - ============================================================
2026-07-09 07:46:52,286 - INFO - Started at: 2026-07-09 07:46:52.286061
2026-07-09 07:46:52,286 - INFO - Loading dataset from: /Applications/XAMPP/xamppfiles/htdocs/SHAKIRA/MR_BRAIN/learning/auto_training_data.csv
2026-07-09 07:46:52,292 - INFO - Loaded 26 samples, 10 unique intents
2026-07-09 07:46:52,294 - INFO - Intent distribution:
intent
open_app             9
greeting             8
empty_trash          2
create_folder        1
system_info          1
list_processes       1
search_web           1
generate_document    1
create_file          1
os_command           1
Name: count, dtype: int64
2026-07-09 07:46:52,294 - INFO - Number of unique intents: 10
2026-07-09 07:46:52,295 - INFO - Intents: ['create_file', 'create_folder', 'empty_trash', 'generate_document', 'greeting', 'list_processes', 'open_app', 'os_command', 'search_web', 'system_info']
2026-07-09 07:46:52,296 - INFO - Label map saved to: /Applications/XAMPP/xamppfiles/htdocs/SHAKIRA/MR_BRAIN/ml/label_map.json
2026-07-09 07:46:52,296 - INFO - Some classes have < 2 samples, using simple split
2026-07-09 07:46:52,299 - INFO - Train: 20 samples
2026-07-09 07:46:52,301 - INFO - Test: 6 samples
2026-07-09 07:46:52,301 - INFO - Loading tokenizer: distilbert-base-uncased
2026-07-09 07:46:54,873 - INFO - Loading model: distilbert-base-uncased (10 classes)
2026-07-09 07:46:55,710 - INFO - Total steps: 20, Warmup steps: 2
2026-07-09 07:46:55,710 - INFO - 
============================================================
2026-07-09 07:46:55,710 - INFO - Training for 10 epochs on cpu
2026-07-09 07:46:55,710 - INFO - Total steps: 20, Warmup: 2
2026-07-09 07:46:55,710 - INFO - ============================================================

2026-07-09 07:46:59,555 - INFO - Epoch 1/10 | Train Loss: 2.3267 | Train Acc: 10.00% | Test Loss: 2.3521 | Test Acc: 0.00%
2026-07-09 07:47:05,481 - INFO - Epoch 2/10 | Train Loss: 2.3238 | Train Acc: 5.00% | Test Loss: 2.2989 | Test Acc: 0.00%
2026-07-09 07:47:10,344 - INFO - Epoch 3/10 | Train Loss: 2.2881 | Train Acc: 5.00% | Test Loss: 2.2379 | Test Acc: 50.00%
2026-07-09 07:47:14,918 - INFO -   -> Best model saved (accuracy: 50.00%)
2026-07-09 07:47:20,261 - INFO - Epoch 4/10 | Train Loss: 2.1822 | Train Acc: 45.00% | Test Loss: 2.1917 | Test Acc: 66.67%
2026-07-09 07:47:22,712 - INFO -   -> Best model saved (accuracy: 66.67%)
2026-07-09 07:47:27,386 - INFO - Epoch 5/10 | Train Loss: 2.1418 | Train Acc: 75.00% | Test Loss: 2.1466 | Test Acc: 66.67%
2026-07-09 07:47:32,303 - INFO - Epoch 6/10 | Train Loss: 2.0318 | Train Acc: 65.00% | Test Loss: 2.1021 | Test Acc: 66.67%
2026-07-09 07:47:37,396 - INFO - Epoch 7/10 | Train Loss: 1.9533 | Train Acc: 70.00% | Test Loss: 2.0632 | Test Acc: 66.67%
2026-07-09 07:47:42,053 - INFO - Epoch 8/10 | Train Loss: 2.0210 | Train Acc: 65.00% | Test Loss: 2.0338 | Test Acc: 66.67%
2026-07-09 07:47:46,886 - INFO - Epoch 9/10 | Train Loss: 1.8802 | Train Acc: 70.00% | Test Loss: 2.0155 | Test Acc: 66.67%
2026-07-09 07:47:51,619 - INFO - Epoch 10/10 | Train Loss: 1.9945 | Train Acc: 60.00% | Test Loss: 2.0075 | Test Acc: 66.67%
2026-07-09 07:47:53,995 - INFO - 
============================================================
2026-07-09 07:47:53,996 - INFO - Final Evaluation
2026-07-09 07:47:53,996 - INFO - ============================================================
2026-07-09 07:47:54,172 - INFO - 
Best Accuracy: 66.67%
2026-07-09 07:47:54,172 - INFO - Final Accuracy: 66.67%
2026-07-09 07:47:54,172 - INFO - 
Classification Report:
                precision    recall  f1-score   support

   create_file     0.0000    0.0000    0.0000         1
      greeting     1.0000    1.0000    1.0000         2
list_processes     0.0000    0.0000    0.0000         1
      open_app     0.5000    1.0000    0.6667         2

      accuracy                         0.6667         6
     macro avg     0.3750    0.5000    0.4167         6
  weighted avg     0.5000    0.6667    0.5556         6

2026-07-09 07:47:54,176 - INFO - 
Confusion Matrix:
[[0 0 0 1]
 [0 2 0 0]
 [0 0 0 1]
 [0 0 0 2]]
2026-07-09 07:47:54,177 - INFO - 
Misclassified examples (2):
2026-07-09 07:47:54,177 - INFO -   Text: 'list processes' -> True: list_processes, Pred: open_app
2026-07-09 07:47:54,177 - INFO -   Text: 'create file named test.txt' -> True: create_file, Pred: open_app
2026-07-09 07:47:54,179 - INFO - 
Model saved to: /Applications/XAMPP/xamppfiles/htdocs/SHAKIRA/MR_BRAIN/ml/nlu_model
2026-07-09 07:47:54,179 - INFO - Config saved to: /Applications/XAMPP/xamppfiles/htdocs/SHAKIRA/MR_BRAIN/ml/nlu_model/amazon_config.json
2026-07-09 07:47:54,179 - INFO - History saved to: /Applications/XAMPP/xamppfiles/htdocs/SHAKIRA/MR_BRAIN/ml/nlu_model/training_history.json
2026-07-09 07:47:54,179 - INFO - Training completed at: 2026-07-09 07:47:54.179664
2026-07-09 07:47:54,179 - INFO - ============================================================
2026-07-09 07:47:54,179 - INFO - ✅ Training complete!
2026-07-09 07:52:42,414 - INFO - Using device: cpu
2026-07-09 07:52:42,414 - INFO - ============================================================
2026-07-09 07:52:42,414 - INFO - AMAZON AI - DistilBERT NLU Model Training
2026-07-09 07:52:42,414 - INFO - ============================================================
2026-07-09 07:52:42,415 - INFO - Started at: 2026-07-09 07:52:42.415003
2026-07-09 07:52:42,415 - INFO - Loading dataset from: /Applications/XAMPP/xamppfiles/htdocs/SHAKIRA/MR_BRAIN/learning/auto_training_data.csv
2026-07-09 07:52:42,422 - INFO - Loaded 421 samples, 11 unique intents
2026-07-09 07:52:42,423 - INFO - Intent distribution:
intent
open_app             125
close_app             65
generate_document     60
os_command            48
system_info           25
greeting              20
create_file           19
empty_trash           18
create_folder         18
search_web            13
list_processes        10
Name: count, dtype: int64
2026-07-09 07:52:42,424 - INFO - Number of unique intents: 11
2026-07-09 07:52:42,424 - INFO - Intents: ['close_app', 'create_file', 'create_folder', 'empty_trash', 'generate_document', 'greeting', 'list_processes', 'open_app', 'os_command', 'search_web', 'system_info']
2026-07-09 07:52:42,425 - INFO - Label map saved to: /Applications/XAMPP/xamppfiles/htdocs/SHAKIRA/MR_BRAIN/ml/label_map.json
2026-07-09 07:52:42,431 - INFO - Train: 336 samples
2026-07-09 07:52:42,431 - INFO - Test: 85 samples
2026-07-09 07:52:42,431 - INFO - Loading tokenizer: distilbert-base-uncased
2026-07-09 07:52:44,661 - INFO - Loading model: distilbert-base-uncased (11 classes)
2026-07-09 07:52:45,517 - INFO - Total steps: 210, Warmup steps: 21
2026-07-09 07:52:45,518 - INFO - Resuming from checkpoint: /Applications/XAMPP/xamppfiles/htdocs/SHAKIRA/MR_BRAIN/ml/nlu_model/checkpoint.pt
2026-07-09 07:52:46,457 - ERROR - 
❌ Error during training: Error(s) in loading state_dict for DistilBertForSequenceClassification:
	size mismatch for classifier.weight: copying a param with shape torch.Size([10, 768]) from checkpoint, the shape in current model is torch.Size([11, 768]).
	size mismatch for classifier.bias: copying a param with shape torch.Size([10]) from checkpoint, the shape in current model is torch.Size([11]).
2026-07-09 07:52:46,461 - ERROR - Traceback (most recent call last):
  File "/Applications/XAMPP/xamppfiles/htdocs/SHAKIRA/MR_BRAIN/ml/train_nlu.py", line 507, in <module>
    main()
  File "/Applications/XAMPP/xamppfiles/htdocs/SHAKIRA/MR_BRAIN/ml/train_nlu.py", line 342, in main
    model.load_state_dict(checkpoint["model_state"])
  File "/Applications/XAMPP/xamppfiles/htdocs/SHAKIRA/MR_BRAIN/venv/lib/python3.9/site-packages/torch/nn/modules/module.py", line 2153, in load_state_dict
    raise RuntimeError('Error(s) in loading state_dict for {}:\n\t{}'.format(
RuntimeError: Error(s) in loading state_dict for DistilBertForSequenceClassification:
	size mismatch for classifier.weight: copying a param with shape torch.Size([10, 768]) from checkpoint, the shape in current model is torch.Size([11, 768]).
	size mismatch for classifier.bias: copying a param with shape torch.Size([10]) from checkpoint, the shape in current model is torch.Size([11]).

2026-07-09 07:54:40,370 - INFO - Using device: cpu
2026-07-09 07:54:40,370 - INFO - ============================================================
2026-07-09 07:54:40,370 - INFO - AMAZON AI - DistilBERT NLU Model Training
2026-07-09 07:54:40,370 - INFO - ============================================================
2026-07-09 07:54:40,370 - INFO - Started at: 2026-07-09 07:54:40.370758
2026-07-09 07:54:40,370 - INFO - Loading dataset from: /Applications/XAMPP/xamppfiles/htdocs/SHAKIRA/MR_BRAIN/learning/auto_training_data.csv
2026-07-09 07:54:40,378 - INFO - Loaded 421 samples, 11 unique intents
2026-07-09 07:54:40,379 - INFO - Intent distribution:
intent
open_app             125
close_app             65
generate_document     60
os_command            48
system_info           25
greeting              20
create_file           19
empty_trash           18
create_folder         18
search_web            13
list_processes        10
Name: count, dtype: int64
2026-07-09 07:54:40,379 - INFO - Number of unique intents: 11
2026-07-09 07:54:40,379 - INFO - Intents: ['close_app', 'create_file', 'create_folder', 'empty_trash', 'generate_document', 'greeting', 'list_processes', 'open_app', 'os_command', 'search_web', 'system_info']
2026-07-09 07:54:40,380 - INFO - Label map saved to: /Applications/XAMPP/xamppfiles/htdocs/SHAKIRA/MR_BRAIN/ml/label_map.json
2026-07-09 07:54:40,384 - INFO - Train: 336 samples
2026-07-09 07:54:40,384 - INFO - Test: 85 samples
2026-07-09 07:54:40,384 - INFO - Loading tokenizer: distilbert-base-uncased
2026-07-09 07:54:43,509 - INFO - Loading model: distilbert-base-uncased (11 classes)
2026-07-09 07:54:44,381 - INFO - Total steps: 210, Warmup steps: 21
2026-07-09 07:54:44,382 - INFO - 
============================================================
2026-07-09 07:54:44,382 - INFO - Training for 10 epochs on cpu
2026-07-09 07:54:44,382 - INFO - Total steps: 210, Warmup: 21
2026-07-09 07:54:44,382 - INFO - ============================================================

2026-07-09 07:55:24,477 - INFO - Epoch 1/10 | Train Loss: 2.3498 | Train Acc: 21.43% | Test Loss: 2.2270 | Test Acc: 29.41%
2026-07-09 07:55:27,681 - INFO -   -> Best model saved (accuracy: 29.41%)
2026-07-09 07:56:21,562 - INFO - Epoch 2/10 | Train Loss: 1.9937 | Train Acc: 39.29% | Test Loss: 1.7115 | Test Acc: 43.53%
2026-07-09 07:56:24,457 - INFO -   -> Best model saved (accuracy: 43.53%)
2026-07-09 07:57:43,928 - INFO - Epoch 3/10 | Train Loss: 1.5080 | Train Acc: 57.14% | Test Loss: 1.2540 | Test Acc: 67.06%
2026-07-09 07:57:47,365 - INFO -   -> Best model saved (accuracy: 67.06%)
2026-07-09 07:58:31,187 - INFO - Epoch 4/10 | Train Loss: 1.1216 | Train Acc: 71.13% | Test Loss: 0.9316 | Test Acc: 78.82%
2026-07-09 07:58:33,729 - INFO -   -> Best model saved (accuracy: 78.82%)
2026-07-09 07:59:24,725 - INFO - Epoch 5/10 | Train Loss: 0.8584 | Train Acc: 82.44% | Test Loss: 0.7300 | Test Acc: 85.88%
2026-07-09 07:59:27,948 - INFO -   -> Best model saved (accuracy: 85.88%)
2026-07-09 08:00:13,950 - INFO - Epoch 6/10 | Train Loss: 0.6883 | Train Acc: 90.48% | Test Loss: 0.6034 | Test Acc: 87.06%
2026-07-09 08:00:17,435 - INFO -   -> Best model saved (accuracy: 87.06%)
2026-07-09 08:01:03,221 - INFO - Epoch 7/10 | Train Loss: 0.5699 | Train Acc: 96.43% | Test Loss: 0.5205 | Test Acc: 90.59%
2026-07-09 08:01:06,158 - INFO -   -> Best model saved (accuracy: 90.59%)
2026-07-09 08:01:57,827 - INFO - Epoch 8/10 | Train Loss: 0.4858 | Train Acc: 97.02% | Test Loss: 0.4646 | Test Acc: 91.76%
2026-07-09 08:02:00,648 - INFO -   -> Best model saved (accuracy: 91.76%)
2026-07-09 08:02:52,595 - INFO - Epoch 9/10 | Train Loss: 0.4325 | Train Acc: 96.73% | Test Loss: 0.4337 | Test Acc: 92.94%
2026-07-09 08:02:56,576 - INFO -   -> Best model saved (accuracy: 92.94%)
2026-07-09 08:03:54,228 - INFO - Epoch 10/10 | Train Loss: 0.4107 | Train Acc: 97.02% | Test Loss: 0.4247 | Test Acc: 92.94%
2026-07-09 08:03:58,021 - INFO - 
============================================================
2026-07-09 08:03:58,021 - INFO - Final Evaluation
2026-07-09 08:03:58,022 - INFO - ============================================================
2026-07-09 08:04:02,684 - INFO - 
Best Accuracy: 92.94%
2026-07-09 08:04:02,685 - INFO - Final Accuracy: 92.94%
2026-07-09 08:04:02,685 - INFO - 
Classification Report:
                   precision    recall  f1-score   support

        close_app     1.0000    1.0000    1.0000        13
      create_file     1.0000    0.5000    0.6667         4
    create_folder     1.0000    1.0000    1.0000         4
      empty_trash     1.0000    1.0000    1.0000         4
generate_document     0.8571    1.0000    0.9231        12
         greeting     0.6667    1.0000    0.8000         4
   list_processes     0.0000    0.0000    0.0000         2
         open_app     1.0000    1.0000    1.0000        25
       os_command     0.8333    1.0000    0.9091        10
       search_web     0.0000    0.0000    0.0000         2
      system_info     1.0000    1.0000    1.0000         5

         accuracy                         0.9294        85
        macro avg     0.7597    0.7727    0.7544        85
     weighted avg     0.8975    0.9294    0.9063        85

2026-07-09 08:04:02,690 - INFO - 
Confusion Matrix:
[[13  0  0  0  0  0  0  0  0  0  0]
 [ 0  2  0  0  2  0  0  0  0  0  0]
 [ 0  0  4  0  0  0  0  0  0  0  0]
 [ 0  0  0  4  0  0  0  0  0  0  0]
 [ 0  0  0  0 12  0  0  0  0  0  0]
 [ 0  0  0  0  0  4  0  0  0  0  0]
 [ 0  0  0  0  0  0  0  0  2  0  0]
 [ 0  0  0  0  0  0  0 25  0  0  0]
 [ 0  0  0  0  0  0  0  0 10  0  0]
 [ 0  0  0  0  0  2  0  0  0  0  0]
 [ 0  0  0  0  0  0  0  0  0  0  5]]
2026-07-09 08:04:02,691 - INFO - 
Misclassified examples (6):
2026-07-09 08:04:02,691 - INFO -   Text: 'look up' -> True: search_web, Pred: greeting
2026-07-09 08:04:02,691 - INFO -   Text: 'running processes' -> True: list_processes, Pred: os_command
2026-07-09 08:04:02,691 - INFO -   Text: 'processes' -> True: list_processes, Pred: os_command
2026-07-09 08:04:02,691 - INFO -   Text: 'bing it' -> True: search_web, Pred: greeting
2026-07-09 08:04:02,692 - INFO -   Text: 'create document' -> True: create_file, Pred: generate_document
2026-07-09 08:04:02,692 - INFO -   Text: 'make document' -> True: create_file, Pred: generate_document
2026-07-09 08:04:02,696 - INFO - 
Model saved to: /Applications/XAMPP/xamppfiles/htdocs/SHAKIRA/MR_BRAIN/ml/nlu_model
2026-07-09 08:04:02,696 - INFO - Config saved to: /Applications/XAMPP/xamppfiles/htdocs/SHAKIRA/MR_BRAIN/ml/nlu_model/amazon_config.json
2026-07-09 08:04:02,696 - INFO - History saved to: /Applications/XAMPP/xamppfiles/htdocs/SHAKIRA/MR_BRAIN/ml/nlu_model/training_history.json
2026-07-09 08:04:02,696 - INFO - Training completed at: 2026-07-09 08:04:02.696702
2026-07-09 08:04:02,696 - INFO - ============================================================
2026-07-09 08:04:02,697 - INFO - ✅ Training complete!
2026-07-09 08:12:46,979 - INFO - Using device: cpu
2026-07-09 08:12:46,979 - INFO - ============================================================
2026-07-09 08:12:46,979 - INFO - AMAZON AI - DistilBERT NLU Model Training
2026-07-09 08:12:46,979 - INFO - ============================================================
2026-07-09 08:12:46,979 - INFO - Started at: 2026-07-09 08:12:46.979618
2026-07-09 08:12:46,979 - INFO - Loading dataset from: /Applications/XAMPP/xamppfiles/htdocs/SHAKIRA/MR_BRAIN/learning/auto_training_data.csv
2026-07-09 08:12:46,986 - INFO - Loaded 33 samples, 10 unique intents
2026-07-09 08:12:46,987 - INFO - Intent distribution:
intent
open_app             9
greeting             8
os_command           4
system_info          3
create_folder        2
empty_trash          2
generate_document    2
list_processes       1
search_web           1
create_file          1
Name: count, dtype: int64
2026-07-09 08:12:46,988 - INFO - Number of unique intents: 10
2026-07-09 08:12:46,988 - INFO - Intents: ['create_file', 'create_folder', 'empty_trash', 'generate_document', 'greeting', 'list_processes', 'open_app', 'os_command', 'search_web', 'system_info']
2026-07-09 08:12:46,989 - INFO - Label map saved to: /Applications/XAMPP/xamppfiles/htdocs/SHAKIRA/MR_BRAIN/ml/label_map.json
2026-07-09 08:12:46,989 - INFO - Some classes have < 2 samples, using simple split
2026-07-09 08:12:46,990 - INFO - Train: 26 samples
2026-07-09 08:12:46,990 - INFO - Test: 7 samples
2026-07-09 08:12:46,990 - INFO - Loading tokenizer: distilbert-base-uncased
2026-07-09 08:12:49,574 - INFO - Loading model: distilbert-base-uncased (10 classes)
2026-07-09 08:12:50,523 - INFO - Total steps: 20, Warmup steps: 2
2026-07-09 08:12:50,523 - INFO - 
============================================================
2026-07-09 08:12:50,523 - INFO - Training for 10 epochs on cpu
2026-07-09 08:12:50,523 - INFO - Total steps: 20, Warmup: 2
2026-07-09 08:12:50,523 - INFO - ============================================================

2026-07-09 08:12:55,080 - INFO - Epoch 1/10 | Train Loss: 2.3065 | Train Acc: 15.38% | Test Loss: 2.3724 | Test Acc: 0.00%
2026-07-09 08:13:02,097 - INFO - Epoch 2/10 | Train Loss: 2.3079 | Train Acc: 0.00% | Test Loss: 2.3292 | Test Acc: 0.00%
2026-07-09 08:13:08,282 - INFO - Epoch 3/10 | Train Loss: 2.2589 | Train Acc: 15.38% | Test Loss: 2.2691 | Test Acc: 14.29%
2026-07-09 08:13:11,147 - INFO -   -> Best model saved (accuracy: 14.29%)
2026-07-09 08:13:16,466 - INFO - Epoch 4/10 | Train Loss: 2.2171 | Train Acc: 23.08% | Test Loss: 2.2112 | Test Acc: 57.14%
2026-07-09 08:13:18,972 - INFO -   -> Best model saved (accuracy: 57.14%)
2026-07-09 08:13:24,106 - INFO - Epoch 5/10 | Train Loss: 2.1656 | Train Acc: 50.00% | Test Loss: 2.1605 | Test Acc: 57.14%
2026-07-09 08:13:29,058 - INFO - Epoch 6/10 | Train Loss: 2.1288 | Train Acc: 57.69% | Test Loss: 2.1154 | Test Acc: 71.43%
2026-07-09 08:13:31,551 - INFO -   -> Best model saved (accuracy: 71.43%)
2026-07-09 08:13:37,942 - INFO - Epoch 7/10 | Train Loss: 2.0989 | Train Acc: 53.85% | Test Loss: 2.0758 | Test Acc: 71.43%
2026-07-09 08:13:43,942 - INFO - Using device: cpu
2026-07-09 08:13:43,942 - INFO - ============================================================
2026-07-09 08:13:43,942 - INFO - AMAZON AI - DistilBERT NLU Model Training
2026-07-09 08:13:43,942 - INFO - ============================================================
2026-07-09 08:13:43,942 - INFO - Started at: 2026-07-09 08:13:43.942755
2026-07-09 08:13:43,942 - INFO - Loading dataset from: /Applications/XAMPP/xamppfiles/htdocs/SHAKIRA/MR_BRAIN/learning/auto_training_data.csv
2026-07-09 08:13:43,945 - INFO - Epoch 8/10 | Train Loss: 2.0937 | Train Acc: 61.54% | Test Loss: 2.0441 | Test Acc: 71.43%
2026-07-09 08:13:43,950 - INFO - Loaded 33 samples, 10 unique intents
2026-07-09 08:13:43,951 - INFO - Intent distribution:
intent
open_app             9
greeting             8
os_command           4
system_info          3
create_folder        2
empty_trash          2
generate_document    2
list_processes       1
search_web           1
create_file          1
Name: count, dtype: int64
2026-07-09 08:13:43,952 - INFO - Number of unique intents: 10
2026-07-09 08:13:43,952 - INFO - Intents: ['create_file', 'create_folder', 'empty_trash', 'generate_document', 'greeting', 'list_processes', 'open_app', 'os_command', 'search_web', 'system_info']
2026-07-09 08:13:43,953 - INFO - Label map saved to: /Applications/XAMPP/xamppfiles/htdocs/SHAKIRA/MR_BRAIN/ml/label_map.json
2026-07-09 08:13:43,953 - INFO - Some classes have < 2 samples, using simple split
2026-07-09 08:13:43,954 - INFO - Train: 26 samples
2026-07-09 08:13:43,954 - INFO - Test: 7 samples
2026-07-09 08:13:43,954 - INFO - Loading tokenizer: distilbert-base-uncased
2026-07-09 08:13:46,850 - INFO - Loading model: distilbert-base-uncased (10 classes)
2026-07-09 08:13:47,764 - INFO - Total steps: 20, Warmup steps: 2
2026-07-09 08:13:47,764 - INFO - Resuming from checkpoint: /Applications/XAMPP/xamppfiles/htdocs/SHAKIRA/MR_BRAIN/ml/nlu_model/checkpoint.pt
2026-07-09 08:13:49,080 - INFO - Resuming at epoch 8, best accuracy: 71.43%
2026-07-09 08:13:49,081 - INFO - 
============================================================
2026-07-09 08:13:49,081 - INFO - Training for 10 epochs on cpu
2026-07-09 08:13:49,081 - INFO - Total steps: 20, Warmup: 2
2026-07-09 08:13:49,081 - INFO - ============================================================

2026-07-09 08:13:54,806 - INFO - Epoch 9/10 | Train Loss: 2.0549 | Train Acc: 61.54% | Test Loss: 2.0227 | Test Acc: 71.43%
2026-07-09 08:13:56,465 - INFO - Epoch 9/10 | Train Loss: 2.0258 | Train Acc: 65.38% | Test Loss: 2.0224 | Test Acc: 71.43%
2026-07-09 08:14:02,797 - INFO - Epoch 10/10 | Train Loss: 2.0386 | Train Acc: 65.38% | Test Loss: 2.0132 | Test Acc: 71.43%
2026-07-09 08:14:03,477 - INFO - Epoch 10/10 | Train Loss: 2.0094 | Train Acc: 65.38% | Test Loss: 2.0135 | Test Acc: 71.43%
2026-07-09 08:14:05,516 - INFO - 
============================================================
2026-07-09 08:14:05,516 - INFO - Final Evaluation
2026-07-09 08:14:05,517 - INFO - ============================================================
2026-07-09 08:14:05,781 - INFO - 
============================================================
2026-07-09 08:14:05,781 - INFO - Final Evaluation
2026-07-09 08:14:05,781 - INFO - ============================================================
2026-07-09 08:14:06,077 - INFO - 
Best Accuracy: 71.43%
2026-07-09 08:14:06,077 - INFO - Final Accuracy: 71.43%
2026-07-09 08:14:06,077 - INFO - 
Classification Report:
              precision    recall  f1-score   support

    greeting     1.0000    1.0000    1.0000         2
    open_app     0.6000    1.0000    0.7500         3
  os_command     0.0000    0.0000    0.0000         1
  search_web     0.0000    0.0000    0.0000         1

    accuracy                         0.7143         7
   macro avg     0.4000    0.5000    0.4375         7
weighted avg     0.5429    0.7143    0.6071         7

2026-07-09 08:14:06,080 - INFO - 
Confusion Matrix:
[[2 0 0 0]
 [0 3 0 0]
 [0 1 0 0]
 [0 1 0 0]]
2026-07-09 08:14:06,080 - INFO - 
Misclassified examples (2):
2026-07-09 08:14:06,080 - INFO -   Text: 'Installed Apps' -> True: os_command, Pred: open_app
2026-07-09 08:14:06,080 - INFO -   Text: 'analyse """
Voice Input/Output Module for AMAZON AI
Adds speech recognition (voice commands) and text-to-speech (voice responses) to the desktop assistant.
"""
import threading
import queue
import time
from pathlib import Path

try:
    import pyttsx3
except ImportError:
    pyttsx3 = None

try:
    import speech_recognition as sr
except ImportError:
    sr = None


class VoiceEngine:
    """Handles voice input (speech-to-text) and voice output (text-to-speech)."""

    def __init__(self):
        self.recognizer = sr.Recognizer() if sr else None
        self.microphone = None
        self.microphone_name = None
        self.tts_engine = None
        self.is_listening = False
        self.is_speaking = False
        self.voice_enabled = True
        self.listening_callback = None
        self.listening_callback_error = None
        self.speaking_callback = None
        self.language = "en-US"

        if pyttsx3:
            try:
                self.tts_engine = pyttsx3.init()
                self.tts_engine.setProperty("rate", 160)
                self.tts_engine.setProperty("volume", 0.9)
            except Exception:
                self.tts_engine = None

        self._select_microphone()

    def set_language(self, lang):
        self.language = lang or "en-US"

    def _select_microphone(self):
        if not sr:
            return
        try:
            names = sr.Microphone.list_microphone_names()
        except Exception as e:
            print("Mic enumeration failed:", e)
            return
        print("Microphones detected:", len(names))
        if not names:
            print("No microphone available.")
            return
        # Prefer realtek microphone array over virtual devices
        preferred_keywords = [
            "microphone array",
            "realtek",
            "frontmic",
            "array",
            "airpods",
            "headset",
        ]
        excluded_keywords = [
            "itop",
            "virtual",
        ]
        chosen_index = None
        for idx, name in enumerate(names):
            low = name.lower()
            if any(k in low for k in preferred_keywords) and not any(k in low for k in excluded_keywords):
                chosen_index = idx
                break
        if chosen_index is None:
            # fallback: first input-capable device
            for idx, name in enumerate(names):
                if "output" not in name.lower():
                    chosen_index = idx
                    break
        if chosen_index is None:
            chosen_index = 0
        try:
            self.microphone = sr.Microphone(device_index=chosen_index)
            self.microphone_name = names[chosen_index]
            print(f"Selected microphone index {chosen_index}: {self.microphone_name}")
        except Exception as e:
            print(f"Failed to open microphone index {chosen_index}: {e}")

    def start_listening(self, on_result=None, on_error=None):
        """Start background listening thread."""
        if self.is_listening:
            return
        self.is_listening = True
        self.listening_callback = on_result
        self.listening_callback_error = on_error
        t = threading.Thread(target=self._listen_loop, daemon=True)
        t.start()
        try:
            self._play_beep()
        except Exception:
            pass

    def stop_listening(self):
        """Stop listening."""
        self.is_listening = False
        try:
            if self._mic_active and hasattr(self, '_mic_source'):
                pass
        except Exception:
            pass

    def _listen_loop(self):
        """Background listening loop using speech_recognition."""
        if not sr or not self.microphone:
            err = "speech_recognition library not installed or microphone not available."
            print("VOICE ERROR:", err)
            if self.listening_callback_error:
                self.listening_callback_error(err)
            self.is_listening = False
            return

        print("Voice thread started")
        try:
            with self.microphone as source:
                print("Microphone opened, adjusting ambient noise...")
                self.recognizer.adjust_for_ambient_noise(source, duration=1)
                print("Ambient noise calibration done. Listening...")
                while self.is_listening:
                    try:
                        print("Waiting for speech...")
                        audio = self.recognizer.listen(source, timeout=3, phrase_time_limit=8)
                        print("Audio captured")
                    except sr.WaitTimeoutError:
                        print("Listen timeout: no speech detected")
                        continue
                    try:
                        print("Recognizing...")
                        text = self.recognizer.recognize_google(audio, language=self.language)
                        print("Recognized:", text)
                        if text and self.listening_callback:
                            self.listening_callback(text)
                    except sr.UnknownValueError:
                        print("Could not understand audio (UnknownValueError)")
                        if self.listening_callback_error:
                            self.listening_callback_error("Could not understand audio")
                        continue
                    except sr.RequestError as e:
                        msg = f"Google recognition error: {e}"
                        print(msg)
                        if self.listening_callback_error:
                            self.listening_callback_error(msg)
                        time.sleep(0.5)
                    except Exception as e:
                        msg = f"Recognition unexpected error: {e}"
                        print("VOICE ERROR:", msg)
                        if self.listening_callback_error:
                            self.listening_callback_error(msg)
                        time.sleep(0.5)
        except Exception as e:
            msg = f"Microphone/open error: {e}"
            print("VOICE ERROR:", msg)
            if self.listening_callback_error:
                self.listening_callback_error(msg)
        finally:
            print("Voice thread stopping")
            self.is_listening = False

    def speak(self, text):
        """Speak text aloud using TTS."""
        if not self.voice_enabled:
            return
        if not self.tts_engine:
            return
        threading.Thread(target=self._speak_thread, args=(text,), daemon=True).start()

    def _speak_thread(self, text):
        """Speak in background thread."""
        try:
            self.is_speaking = True
            if self.speaking_callback:
                self.speaking_callback(True)
            self.tts_engine.say(text)
            self.tts_engine.runAndWait()
        except Exception:
            pass
        finally:
            self.is_speaking = False
            if self.speaking_callback:
                self.speaking_callback(False)

    def stop_speaking(self):
        """Stop current speech."""
        try:
            if self.tts_engine:
                self.tts_engine.stop()
        except Exception:
            pass
        self.is_speaking = False

    def set_voice_enabled(self, enabled):
        """Enable or disable voice output."""
        self.voice_enabled = enabled

    def is_voice_available(self):
        """Check if voice libraries are installed."""
        return pyttsx3 is not None and sr is not None


# Singleton voice engine
_voice_engine = None


def get_voice_engine():
    """Get or create the global voice engine."""
    global _voice_engine
    if _voice_engine is None:
        _voice_engine = VoiceEngine()
    return _voice_engine' -> True: search_web, Pred: open_app
2026-07-09 08:14:06,083 - INFO - 
Model saved to: /Applications/XAMPP/xamppfiles/htdocs/SHAKIRA/MR_BRAIN/ml/nlu_model
2026-07-09 08:14:06,084 - INFO - Config saved to: /Applications/XAMPP/xamppfiles/htdocs/SHAKIRA/MR_BRAIN/ml/nlu_model/amazon_config.json
2026-07-09 08:14:06,084 - INFO - History saved to: /Applications/XAMPP/xamppfiles/htdocs/SHAKIRA/MR_BRAIN/ml/nlu_model/training_history.json
2026-07-09 08:14:06,084 - INFO - Training completed at: 2026-07-09 08:14:06.084559
2026-07-09 08:14:06,084 - INFO - ============================================================
2026-07-09 08:14:06,084 - INFO - ✅ Training complete!
2026-07-09 08:14:06,185 - INFO - 
Best Accuracy: 71.43%
2026-07-09 08:14:06,185 - INFO - Final Accuracy: 71.43%
2026-07-09 08:14:06,185 - INFO - 
Classification Report:
              precision    recall  f1-score   support

    greeting     1.0000    1.0000    1.0000         2
    open_app     0.6000    1.0000    0.7500         3
  os_command     0.0000    0.0000    0.0000         1
  search_web     0.0000    0.0000    0.0000         1

    accuracy                         0.7143         7
   macro avg     0.4000    0.5000    0.4375         7
weighted avg     0.5429    0.7143    0.6071         7

2026-07-09 08:14:06,187 - INFO - 
Confusion Matrix:
[[2 0 0 0]
 [0 3 0 0]
 [0 1 0 0]
 [0 1 0 0]]
2026-07-09 08:14:06,187 - INFO - 
Misclassified examples (2):
2026-07-09 08:14:06,187 - INFO -   Text: 'Installed Apps' -> True: os_command, Pred: open_app
2026-07-09 08:14:06,187 - INFO -   Text: 'analyse """
Voice Input/Output Module for AMAZON AI
Adds speech recognition (voice commands) and text-to-speech (voice responses) to the desktop assistant.
"""
import threading
import queue
import time
from pathlib import Path

try:
    import pyttsx3
except ImportError:
    pyttsx3 = None

try:
    import speech_recognition as sr
except ImportError:
    sr = None


class VoiceEngine:
    """Handles voice input (speech-to-text) and voice output (text-to-speech)."""

    def __init__(self):
        self.recognizer = sr.Recognizer() if sr else None
        self.microphone = None
        self.microphone_name = None
        self.tts_engine = None
        self.is_listening = False
        self.is_speaking = False
        self.voice_enabled = True
        self.listening_callback = None
        self.listening_callback_error = None
        self.speaking_callback = None
        self.language = "en-US"

        if pyttsx3:
            try:
                self.tts_engine = pyttsx3.init()
                self.tts_engine.setProperty("rate", 160)
                self.tts_engine.setProperty("volume", 0.9)
            except Exception:
                self.tts_engine = None

        self._select_microphone()

    def set_language(self, lang):
        self.language = lang or "en-US"

    def _select_microphone(self):
        if not sr:
            return
        try:
            names = sr.Microphone.list_microphone_names()
        except Exception as e:
            print("Mic enumeration failed:", e)
            return
        print("Microphones detected:", len(names))
        if not names:
            print("No microphone available.")
            return
        # Prefer realtek microphone array over virtual devices
        preferred_keywords = [
            "microphone array",
            "realtek",
            "frontmic",
            "array",
            "airpods",
            "headset",
        ]
        excluded_keywords = [
            "itop",
            "virtual",
        ]
        chosen_index = None
        for idx, name in enumerate(names):
            low = name.lower()
            if any(k in low for k in preferred_keywords) and not any(k in low for k in excluded_keywords):
                chosen_index = idx
                break
        if chosen_index is None:
            # fallback: first input-capable device
            for idx, name in enumerate(names):
                if "output" not in name.lower():
                    chosen_index = idx
                    break
        if chosen_index is None:
            chosen_index = 0
        try:
            self.microphone = sr.Microphone(device_index=chosen_index)
            self.microphone_name = names[chosen_index]
            print(f"Selected microphone index {chosen_index}: {self.microphone_name}")
        except Exception as e:
            print(f"Failed to open microphone index {chosen_index}: {e}")

    def start_listening(self, on_result=None, on_error=None):
        """Start background listening thread."""
        if self.is_listening:
            return
        self.is_listening = True
        self.listening_callback = on_result
        self.listening_callback_error = on_error
        t = threading.Thread(target=self._listen_loop, daemon=True)
        t.start()
        try:
            self._play_beep()
        except Exception:
            pass

    def stop_listening(self):
        """Stop listening."""
        self.is_listening = False
        try:
            if self._mic_active and hasattr(self, '_mic_source'):
                pass
        except Exception:
            pass

    def _listen_loop(self):
        """Background listening loop using speech_recognition."""
        if not sr or not self.microphone:
            err = "speech_recognition library not installed or microphone not available."
            print("VOICE ERROR:", err)
            if self.listening_callback_error:
                self.listening_callback_error(err)
            self.is_listening = False
            return

        print("Voice thread started")
        try:
            with self.microphone as source:
                print("Microphone opened, adjusting ambient noise...")
                self.recognizer.adjust_for_ambient_noise(source, duration=1)
                print("Ambient noise calibration done. Listening...")
                while self.is_listening:
                    try:
                        print("Waiting for speech...")
                        audio = self.recognizer.listen(source, timeout=3, phrase_time_limit=8)
                        print("Audio captured")
                    except sr.WaitTimeoutError:
                        print("Listen timeout: no speech detected")
                        continue
                    try:
                        print("Recognizing...")
                        text = self.recognizer.recognize_google(audio, language=self.language)
                        print("Recognized:", text)
                        if text and self.listening_callback:
                            self.listening_callback(text)
                    except sr.UnknownValueError:
                        print("Could not understand audio (UnknownValueError)")
                        if self.listening_callback_error:
                            self.listening_callback_error("Could not understand audio")
                        continue
                    except sr.RequestError as e:
                        msg = f"Google recognition error: {e}"
                        print(msg)
                        if self.listening_callback_error:
                            self.listening_callback_error(msg)
                        time.sleep(0.5)
                    except Exception as e:
                        msg = f"Recognition unexpected error: {e}"
                        print("VOICE ERROR:", msg)
                        if self.listening_callback_error:
                            self.listening_callback_error(msg)
                        time.sleep(0.5)
        except Exception as e:
            msg = f"Microphone/open error: {e}"
            print("VOICE ERROR:", msg)
            if self.listening_callback_error:
                self.listening_callback_error(msg)
        finally:
            print("Voice thread stopping")
            self.is_listening = False

    def speak(self, text):
        """Speak text aloud using TTS."""
        if not self.voice_enabled:
            return
        if not self.tts_engine:
            return
        threading.Thread(target=self._speak_thread, args=(text,), daemon=True).start()

    def _speak_thread(self, text):
        """Speak in background thread."""
        try:
            self.is_speaking = True
            if self.speaking_callback:
                self.speaking_callback(True)
            self.tts_engine.say(text)
            self.tts_engine.runAndWait()
        except Exception:
            pass
        finally:
            self.is_speaking = False
            if self.speaking_callback:
                self.speaking_callback(False)

    def stop_speaking(self):
        """Stop current speech."""
        try:
            if self.tts_engine:
                self.tts_engine.stop()
        except Exception:
            pass
        self.is_speaking = False

    def set_voice_enabled(self, enabled):
        """Enable or disable voice output."""
        self.voice_enabled = enabled

    def is_voice_available(self):
        """Check if voice libraries are installed."""
        return pyttsx3 is not None and sr is not None


# Singleton voice engine
_voice_engine = None


def get_voice_engine():
    """Get or create the global voice engine."""
    global _voice_engine
    if _voice_engine is None:
        _voice_engine = VoiceEngine()
    return _voice_engine' -> True: search_web, Pred: open_app
2026-07-09 08:14:06,189 - INFO - 
Model saved to: /Applications/XAMPP/xamppfiles/htdocs/SHAKIRA/MR_BRAIN/ml/nlu_model
2026-07-09 08:14:06,189 - INFO - Config saved to: /Applications/XAMPP/xamppfiles/htdocs/SHAKIRA/MR_BRAIN/ml/nlu_model/amazon_config.json
2026-07-09 08:14:06,190 - INFO - History saved to: /Applications/XAMPP/xamppfiles/htdocs/SHAKIRA/MR_BRAIN/ml/nlu_model/training_history.json
2026-07-09 08:14:06,190 - INFO - Training completed at: 2026-07-09 08:14:06.190147
2026-07-09 08:14:06,190 - INFO - ============================================================
2026-07-09 08:14:06,190 - INFO - ✅ Training complete!
2026-07-09 08:19:16,189 - INFO - Using device: cpu
2026-07-09 08:19:16,190 - INFO - ============================================================
2026-07-09 08:19:16,190 - INFO - AMAZON AI - DistilBERT NLU Model Training
2026-07-09 08:19:16,190 - INFO - ============================================================
2026-07-09 08:19:16,190 - INFO - Started at: 2026-07-09 08:19:16.190465
2026-07-09 08:19:16,190 - INFO - Loading dataset from: /Applications/XAMPP/xamppfiles/htdocs/SHAKIRA/MR_BRAIN/learning/auto_training_data.csv
2026-07-09 08:19:16,196 - INFO - Loaded 33 samples, 10 unique intents
2026-07-09 08:19:16,197 - INFO - Intent distribution:
intent
open_app             9
greeting             8
os_command           4
system_info          3
create_folder        2
empty_trash          2
generate_document    2
list_processes       1
search_web           1
create_file          1
Name: count, dtype: int64
2026-07-09 08:19:16,198 - INFO - Number of unique intents: 10
2026-07-09 08:19:16,198 - INFO - Intents: ['create_file', 'create_folder', 'empty_trash', 'generate_document', 'greeting', 'list_processes', 'open_app', 'os_command', 'search_web', 'system_info']
2026-07-09 08:19:16,199 - INFO - Label map saved to: /Applications/XAMPP/xamppfiles/htdocs/SHAKIRA/MR_BRAIN/ml/label_map.json
2026-07-09 08:19:16,199 - INFO - Some classes have < 2 samples, using simple split
2026-07-09 08:19:16,200 - INFO - Train: 26 samples
2026-07-09 08:19:16,200 - INFO - Test: 7 samples
2026-07-09 08:19:16,200 - INFO - Loading tokenizer: distilbert-base-uncased
2026-07-09 08:19:18,887 - INFO - Loading model: distilbert-base-uncased (10 classes)
2026-07-09 08:19:20,025 - INFO - Total steps: 20, Warmup steps: 2
2026-07-09 08:19:20,025 - INFO - 
============================================================
2026-07-09 08:19:20,026 - INFO - Training for 10 epochs on cpu
2026-07-09 08:19:20,026 - INFO - Total steps: 20, Warmup: 2
2026-07-09 08:19:20,026 - INFO - ============================================================

2026-07-09 08:19:23,932 - INFO - Epoch 1/10 | Train Loss: 2.3069 | Train Acc: 15.38% | Test Loss: 2.3724 | Test Acc: 0.00%
2026-07-09 08:19:29,506 - INFO - Epoch 2/10 | Train Loss: 2.3078 | Train Acc: 3.85% | Test Loss: 2.3299 | Test Acc: 0.00%
2026-07-09 08:19:35,083 - INFO - Epoch 3/10 | Train Loss: 2.2607 | Train Acc: 15.38% | Test Loss: 2.2719 | Test Acc: 14.29%
2026-07-09 08:19:37,609 - INFO -   -> Best model saved (accuracy: 14.29%)
2026-07-09 08:19:43,035 - INFO - Epoch 4/10 | Train Loss: 2.2193 | Train Acc: 23.08% | Test Loss: 2.2122 | Test Acc: 57.14%
2026-07-09 08:19:45,476 - INFO -   -> Best model saved (accuracy: 57.14%)
2026-07-09 08:19:51,158 - INFO - Epoch 5/10 | Train Loss: 2.1688 | Train Acc: 50.00% | Test Loss: 2.1626 | Test Acc: 57.14%
2026-07-09 08:19:57,344 - INFO - Epoch 6/10 | Train Loss: 2.1328 | Train Acc: 57.69% | Test Loss: 2.1182 | Test Acc: 71.43%
2026-07-09 08:19:59,900 - INFO -   -> Best model saved (accuracy: 71.43%)
2026-07-09 08:20:06,308 - INFO - Epoch 7/10 | Train Loss: 2.1069 | Train Acc: 53.85% | Test Loss: 2.0787 | Test Acc: 71.43%
2026-07-09 08:20:12,731 - INFO - Epoch 8/10 | Train Loss: 2.0967 | Train Acc: 61.54% | Test Loss: 2.0476 | Test Acc: 71.43%
2026-07-09 08:20:18,501 - INFO - Epoch 9/10 | Train Loss: 2.0600 | Train Acc: 53.85% | Test Loss: 2.0262 | Test Acc: 71.43%
2026-07-09 08:20:24,588 - INFO - Epoch 10/10 | Train Loss: 2.0442 | Train Acc: 61.54% | Test Loss: 2.0166 | Test Acc: 71.43%
2026-07-09 08:20:26,692 - INFO - 
============================================================
2026-07-09 08:20:26,692 - INFO - Final Evaluation
2026-07-09 08:20:26,692 - INFO - ============================================================
2026-07-09 08:20:26,994 - INFO - 
Best Accuracy: 71.43%
2026-07-09 08:20:26,994 - INFO - Final Accuracy: 71.43%
2026-07-09 08:20:26,994 - INFO - 
Classification Report:
              precision    recall  f1-score   support

    greeting     1.0000    1.0000    1.0000         2
    open_app     0.6000    1.0000    0.7500         3
  os_command     0.0000    0.0000    0.0000         1
  search_web     0.0000    0.0000    0.0000         1

    accuracy                         0.7143         7
   macro avg     0.4000    0.5000    0.4375         7
weighted avg     0.5429    0.7143    0.6071         7

2026-07-09 08:20:26,996 - INFO - 
Confusion Matrix:
[[2 0 0 0]
 [0 3 0 0]
 [0 1 0 0]
 [0 1 0 0]]
2026-07-09 08:20:26,996 - INFO - 
Misclassified examples (2):
2026-07-09 08:20:26,996 - INFO -   Text: 'Installed Apps' -> True: os_command, Pred: open_app
2026-07-09 08:20:26,996 - INFO -   Text: 'analyse """
Voice Input/Output Module for AMAZON AI
Adds speech recognition (voice commands) and text-to-speech (voice responses) to the desktop assistant.
"""
import threading
import queue
import time
from pathlib import Path

try:
    import pyttsx3
except ImportError:
    pyttsx3 = None

try:
    import speech_recognition as sr
except ImportError:
    sr = None


class VoiceEngine:
    """Handles voice input (speech-to-text) and voice output (text-to-speech)."""

    def __init__(self):
        self.recognizer = sr.Recognizer() if sr else None
        self.microphone = None
        self.microphone_name = None
        self.tts_engine = None
        self.is_listening = False
        self.is_speaking = False
        self.voice_enabled = True
        self.listening_callback = None
        self.listening_callback_error = None
        self.speaking_callback = None
        self.language = "en-US"

        if pyttsx3:
            try:
                self.tts_engine = pyttsx3.init()
                self.tts_engine.setProperty("rate", 160)
                self.tts_engine.setProperty("volume", 0.9)
            except Exception:
                self.tts_engine = None

        self._select_microphone()

    def set_language(self, lang):
        self.language = lang or "en-US"

    def _select_microphone(self):
        if not sr:
            return
        try:
            names = sr.Microphone.list_microphone_names()
        except Exception as e:
            print("Mic enumeration failed:", e)
            return
        print("Microphones detected:", len(names))
        if not names:
            print("No microphone available.")
            return
        # Prefer realtek microphone array over virtual devices
        preferred_keywords = [
            "microphone array",
            "realtek",
            "frontmic",
            "array",
            "airpods",
            "headset",
        ]
        excluded_keywords = [
            "itop",
            "virtual",
        ]
        chosen_index = None
        for idx, name in enumerate(names):
            low = name.lower()
            if any(k in low for k in preferred_keywords) and not any(k in low for k in excluded_keywords):
                chosen_index = idx
                break
        if chosen_index is None:
            # fallback: first input-capable device
            for idx, name in enumerate(names):
                if "output" not in name.lower():
                    chosen_index = idx
                    break
        if chosen_index is None:
            chosen_index = 0
        try:
            self.microphone = sr.Microphone(device_index=chosen_index)
            self.microphone_name = names[chosen_index]
            print(f"Selected microphone index {chosen_index}: {self.microphone_name}")
        except Exception as e:
            print(f"Failed to open microphone index {chosen_index}: {e}")

    def start_listening(self, on_result=None, on_error=None):
        """Start background listening thread."""
        if self.is_listening:
            return
        self.is_listening = True
        self.listening_callback = on_result
        self.listening_callback_error = on_error
        t = threading.Thread(target=self._listen_loop, daemon=True)
        t.start()
        try:
            self._play_beep()
        except Exception:
            pass

    def stop_listening(self):
        """Stop listening."""
        self.is_listening = False
        try:
            if self._mic_active and hasattr(self, '_mic_source'):
                pass
        except Exception:
            pass

    def _listen_loop(self):
        """Background listening loop using speech_recognition."""
        if not sr or not self.microphone:
            err = "speech_recognition library not installed or microphone not available."
            print("VOICE ERROR:", err)
            if self.listening_callback_error:
                self.listening_callback_error(err)
            self.is_listening = False
            return

        print("Voice thread started")
        try:
            with self.microphone as source:
                print("Microphone opened, adjusting ambient noise...")
                self.recognizer.adjust_for_ambient_noise(source, duration=1)
                print("Ambient noise calibration done. Listening...")
                while self.is_listening:
                    try:
                        print("Waiting for speech...")
                        audio = self.recognizer.listen(source, timeout=3, phrase_time_limit=8)
                        print("Audio captured")
                    except sr.WaitTimeoutError:
                        print("Listen timeout: no speech detected")
                        continue
                    try:
                        print("Recognizing...")
                        text = self.recognizer.recognize_google(audio, language=self.language)
                        print("Recognized:", text)
                        if text and self.listening_callback:
                            self.listening_callback(text)
                    except sr.UnknownValueError:
                        print("Could not understand audio (UnknownValueError)")
                        if self.listening_callback_error:
                            self.listening_callback_error("Could not understand audio")
                        continue
                    except sr.RequestError as e:
                        msg = f"Google recognition error: {e}"
                        print(msg)
                        if self.listening_callback_error:
                            self.listening_callback_error(msg)
                        time.sleep(0.5)
                    except Exception as e:
                        msg = f"Recognition unexpected error: {e}"
                        print("VOICE ERROR:", msg)
                        if self.listening_callback_error:
                            self.listening_callback_error(msg)
                        time.sleep(0.5)
        except Exception as e:
            msg = f"Microphone/open error: {e}"
            print("VOICE ERROR:", msg)
            if self.listening_callback_error:
                self.listening_callback_error(msg)
        finally:
            print("Voice thread stopping")
            self.is_listening = False

    def speak(self, text):
        """Speak text aloud using TTS."""
        if not self.voice_enabled:
            return
        if not self.tts_engine:
            return
        threading.Thread(target=self._speak_thread, args=(text,), daemon=True).start()

    def _speak_thread(self, text):
        """Speak in background thread."""
        try:
            self.is_speaking = True
            if self.speaking_callback:
                self.speaking_callback(True)
            self.tts_engine.say(text)
            self.tts_engine.runAndWait()
        except Exception:
            pass
        finally:
            self.is_speaking = False
            if self.speaking_callback:
                self.speaking_callback(False)

    def stop_speaking(self):
        """Stop current speech."""
        try:
            if self.tts_engine:
                self.tts_engine.stop()
        except Exception:
            pass
        self.is_speaking = False

    def set_voice_enabled(self, enabled):
        """Enable or disable voice output."""
        self.voice_enabled = enabled

    def is_voice_available(self):
        """Check if voice libraries are installed."""
        return pyttsx3 is not None and sr is not None


# Singleton voice engine
_voice_engine = None


def get_voice_engine():
    """Get or create the global voice engine."""
    global _voice_engine
    if _voice_engine is None:
        _voice_engine = VoiceEngine()
    return _voice_engine' -> True: search_web, Pred: open_app
2026-07-09 08:20:26,998 - INFO - 
Model saved to: /Applications/XAMPP/xamppfiles/htdocs/SHAKIRA/MR_BRAIN/ml/nlu_model
2026-07-09 08:20:26,998 - INFO - Config saved to: /Applications/XAMPP/xamppfiles/htdocs/SHAKIRA/MR_BRAIN/ml/nlu_model/amazon_config.json
2026-07-09 08:20:26,998 - INFO - History saved to: /Applications/XAMPP/xamppfiles/htdocs/SHAKIRA/MR_BRAIN/ml/nlu_model/training_history.json
2026-07-09 08:20:26,998 - INFO - Training completed at: 2026-07-09 08:20:26.998884
2026-07-09 08:20:26,999 - INFO - ============================================================
2026-07-09 08:20:26,999 - INFO - ✅ Training complete!
2026-07-09 08:29:11,151 - INFO - Using device: cpu
2026-07-09 08:29:11,151 - INFO - ============================================================
2026-07-09 08:29:11,151 - INFO - AMAZON AI - DistilBERT NLU Model Training
2026-07-09 08:29:11,151 - INFO - ============================================================
2026-07-09 08:29:11,151 - INFO - Started at: 2026-07-09 08:29:11.151977
2026-07-09 08:29:11,152 - INFO - Loading dataset from: /Applications/XAMPP/xamppfiles/htdocs/SHAKIRA/MR_BRAIN/learning/auto_training_data.csv
2026-07-09 08:29:11,158 - INFO - Loaded 33 samples, 10 unique intents
2026-07-09 08:29:11,159 - INFO - Intent distribution:
intent
open_app             9
greeting             8
os_command           4
system_info          3
create_folder        2
empty_trash          2
generate_document    2
list_processes       1
search_web           1
create_file          1
Name: count, dtype: int64
2026-07-09 08:29:11,159 - INFO - Number of unique intents: 10
2026-07-09 08:29:11,159 - INFO - Intents: ['create_file', 'create_folder', 'empty_trash', 'generate_document', 'greeting', 'list_processes', 'open_app', 'os_command', 'search_web', 'system_info']
2026-07-09 08:29:11,160 - INFO - Label map saved to: /Applications/XAMPP/xamppfiles/htdocs/SHAKIRA/MR_BRAIN/ml/label_map.json
2026-07-09 08:29:11,160 - INFO - Some classes have < 2 samples, using simple split
2026-07-09 08:29:11,161 - INFO - Train: 26 samples
2026-07-09 08:29:11,162 - INFO - Test: 7 samples
2026-07-09 08:29:11,162 - INFO - Loading tokenizer: distilbert-base-uncased
2026-07-09 08:29:13,822 - INFO - Loading model: distilbert-base-uncased (10 classes)
2026-07-09 08:29:14,958 - INFO - Total steps: 20, Warmup steps: 2
2026-07-09 08:29:14,958 - INFO - 
============================================================
2026-07-09 08:29:14,958 - INFO - Training for 10 epochs on cpu
2026-07-09 08:29:14,958 - INFO - Total steps: 20, Warmup: 2
2026-07-09 08:29:14,958 - INFO - ============================================================

2026-07-09 08:29:18,810 - INFO - Epoch 1/10 | Train Loss: 2.3053 | Train Acc: 15.38% | Test Loss: 2.3724 | Test Acc: 0.00%
2026-07-09 08:29:25,111 - INFO - Epoch 2/10 | Train Loss: 2.3070 | Train Acc: 3.85% | Test Loss: 2.3290 | Test Acc: 0.00%
2026-07-09 08:29:29,774 - INFO - Epoch 3/10 | Train Loss: 2.2593 | Train Acc: 15.38% | Test Loss: 2.2690 | Test Acc: 14.29%
2026-07-09 08:29:32,519 - INFO -   -> Best model saved (accuracy: 14.29%)
2026-07-09 08:29:37,387 - INFO - Epoch 4/10 | Train Loss: 2.2161 | Train Acc: 26.92% | Test Loss: 2.2098 | Test Acc: 57.14%
2026-07-09 08:29:39,689 - INFO -   -> Best model saved (accuracy: 57.14%)
2026-07-09 08:29:44,416 - INFO - Epoch 5/10 | Train Loss: 2.1678 | Train Acc: 50.00% | Test Loss: 2.1587 | Test Acc: 57.14%
2026-07-09 08:29:49,473 - INFO - Epoch 6/10 | Train Loss: 2.1302 | Train Acc: 53.85% | Test Loss: 2.1138 | Test Acc: 71.43%
2026-07-09 08:29:51,852 - INFO -   -> Best model saved (accuracy: 71.43%)
2026-07-09 08:29:56,905 - INFO - Epoch 7/10 | Train Loss: 2.1044 | Train Acc: 53.85% | Test Loss: 2.0744 | Test Acc: 71.43%
2026-07-09 08:30:01,732 - INFO - Epoch 8/10 | Train Loss: 2.0943 | Train Acc: 61.54% | Test Loss: 2.0430 | Test Acc: 71.43%
2026-07-09 08:30:06,817 - INFO - Epoch 9/10 | Train Loss: 2.0551 | Train Acc: 53.85% | Test Loss: 2.0214 | Test Acc: 71.43%
2026-07-09 08:30:11,956 - INFO - Epoch 10/10 | Train Loss: 2.0407 | Train Acc: 57.69% | Test Loss: 2.0118 | Test Acc: 71.43%
2026-07-09 08:30:14,423 - INFO - 
============================================================
2026-07-09 08:30:14,424 - INFO - Final Evaluation
2026-07-09 08:30:14,424 - INFO - ============================================================
2026-07-09 08:30:14,681 - INFO - 
Best Accuracy: 71.43%
2026-07-09 08:30:14,681 - INFO - Final Accuracy: 71.43%
2026-07-09 08:30:14,681 - INFO - 
Classification Report:
              precision    recall  f1-score   support

    greeting     1.0000    1.0000    1.0000         2
    open_app     0.6000    1.0000    0.7500         3
  os_command     0.0000    0.0000    0.0000         1
  search_web     0.0000    0.0000    0.0000         1

    accuracy                         0.7143         7
   macro avg     0.4000    0.5000    0.4375         7
weighted avg     0.5429    0.7143    0.6071         7

2026-07-09 08:30:14,683 - INFO - 
Confusion Matrix:
[[2 0 0 0]
 [0 3 0 0]
 [0 1 0 0]
 [0 1 0 0]]
2026-07-09 08:30:14,683 - INFO - 
Misclassified examples (2):
2026-07-09 08:30:14,683 - INFO -   Text: 'Installed Apps' -> True: os_command, Pred: open_app
2026-07-09 08:30:14,683 - INFO -   Text: 'analyse """
Voice Input/Output Module for AMAZON AI
Adds speech recognition (voice commands) and text-to-speech (voice responses) to the desktop assistant.
"""
import threading
import queue
import time
from pathlib import Path

try:
    import pyttsx3
except ImportError:
    pyttsx3 = None

try:
    import speech_recognition as sr
except ImportError:
    sr = None


class VoiceEngine:
    """Handles voice input (speech-to-text) and voice output (text-to-speech)."""

    def __init__(self):
        self.recognizer = sr.Recognizer() if sr else None
        self.microphone = None
        self.microphone_name = None
        self.tts_engine = None
        self.is_listening = False
        self.is_speaking = False
        self.voice_enabled = True
        self.listening_callback = None
        self.listening_callback_error = None
        self.speaking_callback = None
        self.language = "en-US"

        if pyttsx3:
            try:
                self.tts_engine = pyttsx3.init()
                self.tts_engine.setProperty("rate", 160)
                self.tts_engine.setProperty("volume", 0.9)
            except Exception:
                self.tts_engine = None

        self._select_microphone()

    def set_language(self, lang):
        self.language = lang or "en-US"

    def _select_microphone(self):
        if not sr:
            return
        try:
            names = sr.Microphone.list_microphone_names()
        except Exception as e:
            print("Mic enumeration failed:", e)
            return
        print("Microphones detected:", len(names))
        if not names:
            print("No microphone available.")
            return
        # Prefer realtek microphone array over virtual devices
        preferred_keywords = [
            "microphone array",
            "realtek",
            "frontmic",
            "array",
            "airpods",
            "headset",
        ]
        excluded_keywords = [
            "itop",
            "virtual",
        ]
        chosen_index = None
        for idx, name in enumerate(names):
            low = name.lower()
            if any(k in low for k in preferred_keywords) and not any(k in low for k in excluded_keywords):
                chosen_index = idx
                break
        if chosen_index is None:
            # fallback: first input-capable device
            for idx, name in enumerate(names):
                if "output" not in name.lower():
                    chosen_index = idx
                    break
        if chosen_index is None:
            chosen_index = 0
        try:
            self.microphone = sr.Microphone(device_index=chosen_index)
            self.microphone_name = names[chosen_index]
            print(f"Selected microphone index {chosen_index}: {self.microphone_name}")
        except Exception as e:
            print(f"Failed to open microphone index {chosen_index}: {e}")

    def start_listening(self, on_result=None, on_error=None):
        """Start background listening thread."""
        if self.is_listening:
            return
        self.is_listening = True
        self.listening_callback = on_result
        self.listening_callback_error = on_error
        t = threading.Thread(target=self._listen_loop, daemon=True)
        t.start()
        try:
            self._play_beep()
        except Exception:
            pass

    def stop_listening(self):
        """Stop listening."""
        self.is_listening = False
        try:
            if self._mic_active and hasattr(self, '_mic_source'):
                pass
        except Exception:
            pass

    def _listen_loop(self):
        """Background listening loop using speech_recognition."""
        if not sr or not self.microphone:
            err = "speech_recognition library not installed or microphone not available."
            print("VOICE ERROR:", err)
            if self.listening_callback_error:
                self.listening_callback_error(err)
            self.is_listening = False
            return

        print("Voice thread started")
        try:
            with self.microphone as source:
                print("Microphone opened, adjusting ambient noise...")
                self.recognizer.adjust_for_ambient_noise(source, duration=1)
                print("Ambient noise calibration done. Listening...")
                while self.is_listening:
                    try:
                        print("Waiting for speech...")
                        audio = self.recognizer.listen(source, timeout=3, phrase_time_limit=8)
                        print("Audio captured")
                    except sr.WaitTimeoutError:
                        print("Listen timeout: no speech detected")
                        continue
                    try:
                        print("Recognizing...")
                        text = self.recognizer.recognize_google(audio, language=self.language)
                        print("Recognized:", text)
                        if text and self.listening_callback:
                            self.listening_callback(text)
                    except sr.UnknownValueError:
                        print("Could not understand audio (UnknownValueError)")
                        if self.listening_callback_error:
                            self.listening_callback_error("Could not understand audio")
                        continue
                    except sr.RequestError as e:
                        msg = f"Google recognition error: {e}"
                        print(msg)
                        if self.listening_callback_error:
                            self.listening_callback_error(msg)
                        time.sleep(0.5)
                    except Exception as e:
                        msg = f"Recognition unexpected error: {e}"
                        print("VOICE ERROR:", msg)
                        if self.listening_callback_error:
                            self.listening_callback_error(msg)
                        time.sleep(0.5)
        except Exception as e:
            msg = f"Microphone/open error: {e}"
            print("VOICE ERROR:", msg)
            if self.listening_callback_error:
                self.listening_callback_error(msg)
        finally:
            print("Voice thread stopping")
            self.is_listening = False

    def speak(self, text):
        """Speak text aloud using TTS."""
        if not self.voice_enabled:
            return
        if not self.tts_engine:
            return
        threading.Thread(target=self._speak_thread, args=(text,), daemon=True).start()

    def _speak_thread(self, text):
        """Speak in background thread."""
        try:
            self.is_speaking = True
            if self.speaking_callback:
                self.speaking_callback(True)
            self.tts_engine.say(text)
            self.tts_engine.runAndWait()
        except Exception:
            pass
        finally:
            self.is_speaking = False
            if self.speaking_callback:
                self.speaking_callback(False)

    def stop_speaking(self):
        """Stop current speech."""
        try:
            if self.tts_engine:
                self.tts_engine.stop()
        except Exception:
            pass
        self.is_speaking = False

    def set_voice_enabled(self, enabled):
        """Enable or disable voice output."""
        self.voice_enabled = enabled

    def is_voice_available(self):
        """Check if voice libraries are installed."""
        return pyttsx3 is not None and sr is not None


# Singleton voice engine
_voice_engine = None


def get_voice_engine():
    """Get or create the global voice engine."""
    global _voice_engine
    if _voice_engine is None:
        _voice_engine = VoiceEngine()
    return _voice_engine' -> True: search_web, Pred: open_app
2026-07-09 08:30:14,685 - INFO - 
Model saved to: /Applications/XAMPP/xamppfiles/htdocs/SHAKIRA/MR_BRAIN/ml/nlu_model
2026-07-09 08:30:14,685 - INFO - Config saved to: /Applications/XAMPP/xamppfiles/htdocs/SHAKIRA/MR_BRAIN/ml/nlu_model/amazon_config.json
2026-07-09 08:30:14,685 - INFO - History saved to: /Applications/XAMPP/xamppfiles/htdocs/SHAKIRA/MR_BRAIN/ml/nlu_model/training_history.json
2026-07-09 08:30:14,686 - INFO - Training completed at: 2026-07-09 08:30:14.686008
2026-07-09 08:30:14,686 - INFO - ============================================================
2026-07-09 08:30:14,686 - INFO - ✅ Training complete!
2026-07-09 08:35:03,893 - INFO - Using device: cpu
2026-07-09 08:35:03,893 - INFO - ============================================================
2026-07-09 08:35:03,893 - INFO - AMAZON AI - DistilBERT NLU Model Training
2026-07-09 08:35:03,894 - INFO - ============================================================
2026-07-09 08:35:03,894 - INFO - Started at: 2026-07-09 08:35:03.894101
2026-07-09 08:35:03,894 - INFO - Loading dataset from: /Applications/XAMPP/xamppfiles/htdocs/SHAKIRA/MR_BRAIN/learning/auto_training_data.csv
2026-07-09 08:35:03,900 - INFO - Loaded 32 samples, 10 unique intents
2026-07-09 08:35:03,901 - INFO - Intent distribution:
intent
open_app             9
greeting             8
os_command           4
create_folder        2
system_info          2
empty_trash          2
generate_document    2
list_processes       1
search_web           1
create_file          1
Name: count, dtype: int64
2026-07-09 08:35:03,902 - INFO - Number of unique intents: 10
2026-07-09 08:35:03,902 - INFO - Intents: ['create_file', 'create_folder', 'empty_trash', 'generate_document', 'greeting', 'list_processes', 'open_app', 'os_command', 'search_web', 'system_info']
2026-07-09 08:35:03,903 - INFO - Label map saved to: /Applications/XAMPP/xamppfiles/htdocs/SHAKIRA/MR_BRAIN/ml/label_map.json
2026-07-09 08:35:03,903 - INFO - Some classes have < 2 samples, using simple split
2026-07-09 08:35:03,904 - INFO - Train: 25 samples
2026-07-09 08:35:03,904 - INFO - Test: 7 samples
2026-07-09 08:35:03,905 - INFO - Loading tokenizer: distilbert-base-uncased
2026-07-09 08:35:06,217 - INFO - Loading model: distilbert-base-uncased (10 classes)
2026-07-09 08:35:07,003 - INFO - Total steps: 20, Warmup steps: 2
2026-07-09 08:35:07,003 - INFO - 
============================================================
2026-07-09 08:35:07,003 - INFO - Training for 10 epochs on cpu
2026-07-09 08:35:07,003 - INFO - Total steps: 20, Warmup: 2
2026-07-09 08:35:07,003 - INFO - ============================================================

2026-07-09 08:35:10,420 - INFO - Epoch 1/10 | Train Loss: 2.3156 | Train Acc: 12.00% | Test Loss: 2.3236 | Test Acc: 14.29%
2026-07-09 08:35:13,139 - INFO -   -> Best model saved (accuracy: 14.29%)
2026-07-09 08:35:18,489 - INFO - Epoch 2/10 | Train Loss: 2.3253 | Train Acc: 4.00% | Test Loss: 2.2992 | Test Acc: 0.00%
2026-07-09 08:35:23,352 - INFO - Epoch 3/10 | Train Loss: 2.2598 | Train Acc: 16.00% | Test Loss: 2.2586 | Test Acc: 28.57%
2026-07-09 08:35:25,695 - INFO -   -> Best model saved (accuracy: 28.57%)
2026-07-09 08:35:30,408 - INFO - Epoch 4/10 | Train Loss: 2.2091 | Train Acc: 44.00% | Test Loss: 2.2260 | Test Acc: 42.86%
2026-07-09 08:35:32,688 - INFO -   -> Best model saved (accuracy: 42.86%)
2026-07-09 08:35:37,386 - INFO - Epoch 5/10 | Train Loss: 2.1634 | Train Acc: 56.00% | Test Loss: 2.1950 | Test Acc: 42.86%
2026-07-09 08:35:42,021 - INFO - Epoch 6/10 | Train Loss: 2.1333 | Train Acc: 56.00% | Test Loss: 2.1695 | Test Acc: 42.86%
2026-07-09 08:35:46,969 - INFO - Epoch 7/10 | Train Loss: 2.0795 | Train Acc: 56.00% | Test Loss: 2.1497 | Test Acc: 42.86%
2026-07-09 08:35:51,898 - INFO - Epoch 8/10 | Train Loss: 2.0671 | Train Acc: 48.00% | Test Loss: 2.1345 | Test Acc: 42.86%
2026-07-09 08:35:56,743 - INFO - Epoch 9/10 | Train Loss: 2.0259 | Train Acc: 60.00% | Test Loss: 2.1241 | Test Acc: 42.86%
2026-07-09 08:36:02,229 - INFO - Epoch 10/10 | Train Loss: 1.9739 | Train Acc: 68.00% | Test Loss: 2.1192 | Test Acc: 42.86%
2026-07-09 08:36:04,429 - INFO - 
============================================================
2026-07-09 08:36:04,429 - INFO - Final Evaluation
2026-07-09 08:36:04,429 - INFO - ============================================================
2026-07-09 08:36:04,652 - INFO - 
Best Accuracy: 42.86%
2026-07-09 08:36:04,652 - INFO - Final Accuracy: 42.86%
2026-07-09 08:36:04,652 - INFO - 
Classification Report:
                   precision    recall  f1-score   support

generate_document     0.0000    0.0000    0.0000         1
         greeting     0.5000    1.0000    0.6667         1
         open_app     0.4000    1.0000    0.5714         2
       os_command     0.0000    0.0000    0.0000         1
       search_web     0.0000    0.0000    0.0000         1
      system_info     0.0000    0.0000    0.0000         1

         accuracy                         0.4286         7
        macro avg     0.1500    0.3333    0.2063         7
     weighted avg     0.1857    0.4286    0.2585         7

2026-07-09 08:36:04,654 - INFO - 
Confusion Matrix:
[[0 0 1 0 0 0]
 [0 1 0 0 0 0]
 [0 0 2 0 0 0]
 [0 0 1 0 0 0]
 [0 0 1 0 0 0]
 [0 1 0 0 0 0]]
2026-07-09 08:36:04,654 - INFO - 
Misclassified examples (4):
2026-07-09 08:36:04,654 - INFO -   Text: 'create excel file' -> True: generate_document, Pred: open_app
2026-07-09 08:36:04,654 - INFO -   Text: 'lists installed applications' -> True: os_command, Pred: open_app
2026-07-09 08:36:04,654 - INFO -   Text: 'analyse """
Voice Input/Output Module for AMAZON AI
Adds speech recognition (voice commands) and text-to-speech (voice responses) to the desktop assistant.
"""
import threading
import queue
import time
from pathlib import Path

try:
    import pyttsx3
except ImportError:
    pyttsx3 = None

try:
    import speech_recognition as sr
except ImportError:
    sr = None


class VoiceEngine:
    """Handles voice input (speech-to-text) and voice output (text-to-speech)."""

    def __init__(self):
        self.recognizer = sr.Recognizer() if sr else None
        self.microphone = None
        self.microphone_name = None
        self.tts_engine = None
        self.is_listening = False
        self.is_speaking = False
        self.voice_enabled = True
        self.listening_callback = None
        self.listening_callback_error = None
        self.speaking_callback = None
        self.language = "en-US"

        if pyttsx3:
            try:
                self.tts_engine = pyttsx3.init()
                self.tts_engine.setProperty("rate", 160)
                self.tts_engine.setProperty("volume", 0.9)
            except Exception:
                self.tts_engine = None

        self._select_microphone()

    def set_language(self, lang):
        self.language = lang or "en-US"

    def _select_microphone(self):
        if not sr:
            return
        try:
            names = sr.Microphone.list_microphone_names()
        except Exception as e:
            print("Mic enumeration failed:", e)
            return
        print("Microphones detected:", len(names))
        if not names:
            print("No microphone available.")
            return
        # Prefer realtek microphone array over virtual devices
        preferred_keywords = [
            "microphone array",
            "realtek",
            "frontmic",
            "array",
            "airpods",
            "headset",
        ]
        excluded_keywords = [
            "itop",
            "virtual",
        ]
        chosen_index = None
        for idx, name in enumerate(names):
            low = name.lower()
            if any(k in low for k in preferred_keywords) and not any(k in low for k in excluded_keywords):
                chosen_index = idx
                break
        if chosen_index is None:
            # fallback: first input-capable device
            for idx, name in enumerate(names):
                if "output" not in name.lower():
                    chosen_index = idx
                    break
        if chosen_index is None:
            chosen_index = 0
        try:
            self.microphone = sr.Microphone(device_index=chosen_index)
            self.microphone_name = names[chosen_index]
            print(f"Selected microphone index {chosen_index}: {self.microphone_name}")
        except Exception as e:
            print(f"Failed to open microphone index {chosen_index}: {e}")

    def start_listening(self, on_result=None, on_error=None):
        """Start background listening thread."""
        if self.is_listening:
            return
        self.is_listening = True
        self.listening_callback = on_result
        self.listening_callback_error = on_error
        t = threading.Thread(target=self._listen_loop, daemon=True)
        t.start()
        try:
            self._play_beep()
        except Exception:
            pass

    def stop_listening(self):
        """Stop listening."""
        self.is_listening = False
        try:
            if self._mic_active and hasattr(self, '_mic_source'):
                pass
        except Exception:
            pass

    def _listen_loop(self):
        """Background listening loop using speech_recognition."""
        if not sr or not self.microphone:
            err = "speech_recognition library not installed or microphone not available."
            print("VOICE ERROR:", err)
            if self.listening_callback_error:
                self.listening_callback_error(err)
            self.is_listening = False
            return

        print("Voice thread started")
        try:
            with self.microphone as source:
                print("Microphone opened, adjusting ambient noise...")
                self.recognizer.adjust_for_ambient_noise(source, duration=1)
                print("Ambient noise calibration done. Listening...")
                while self.is_listening:
                    try:
                        print("Waiting for speech...")
                        audio = self.recognizer.listen(source, timeout=3, phrase_time_limit=8)
                        print("Audio captured")
                    except sr.WaitTimeoutError:
                        print("Listen timeout: no speech detected")
                        continue
                    try:
                        print("Recognizing...")
                        text = self.recognizer.recognize_google(audio, language=self.language)
                        print("Recognized:", text)
                        if text and self.listening_callback:
                            self.listening_callback(text)
                    except sr.UnknownValueError:
                        print("Could not understand audio (UnknownValueError)")
                        if self.listening_callback_error:
                            self.listening_callback_error("Could not understand audio")
                        continue
                    except sr.RequestError as e:
                        msg = f"Google recognition error: {e}"
                        print(msg)
                        if self.listening_callback_error:
                            self.listening_callback_error(msg)
                        time.sleep(0.5)
                    except Exception as e:
                        msg = f"Recognition unexpected error: {e}"
                        print("VOICE ERROR:", msg)
                        if self.listening_callback_error:
                            self.listening_callback_error(msg)
                        time.sleep(0.5)
        except Exception as e:
            msg = f"Microphone/open error: {e}"
            print("VOICE ERROR:", msg)
            if self.listening_callback_error:
                self.listening_callback_error(msg)
        finally:
            print("Voice thread stopping")
            self.is_listening = False

    def speak(self, text):
        """Speak text aloud using TTS."""
        if not self.voice_enabled:
            return
        if not self.tts_engine:
            return
        threading.Thread(target=self._speak_thread, args=(text,), daemon=True).start()

    def _speak_thread(self, text):
        """Speak in background thread."""
        try:
            self.is_speaking = True
            if self.speaking_callback:
                self.speaking_callback(True)
            self.tts_engine.say(text)
            self.tts_engine.runAndWait()
        except Exception:
            pass
        finally:
            self.is_speaking = False
            if self.speaking_callback:
                self.speaking_callback(False)

    def stop_speaking(self):
        """Stop current speech."""
        try:
            if self.tts_engine:
                self.tts_engine.stop()
        except Exception:
            pass
        self.is_speaking = False

    def set_voice_enabled(self, enabled):
        """Enable or disable voice output."""
        self.voice_enabled = enabled

    def is_voice_available(self):
        """Check if voice libraries are installed."""
        return pyttsx3 is not None and sr is not None


# Singleton voice engine
_voice_engine = None


def get_voice_engine():
    """Get or create the global voice engine."""
    global _voice_engine
    if _voice_engine is None:
        _voice_engine = VoiceEngine()
    return _voice_engine' -> True: search_web, Pred: open_app
2026-07-09 08:36:04,654 - INFO -   Text: 'scan computer' -> True: system_info, Pred: greeting
2026-07-09 08:36:04,657 - INFO - 
Model saved to: /Applications/XAMPP/xamppfiles/htdocs/SHAKIRA/MR_BRAIN/ml/nlu_model
2026-07-09 08:36:04,657 - INFO - Config saved to: /Applications/XAMPP/xamppfiles/htdocs/SHAKIRA/MR_BRAIN/ml/nlu_model/amazon_config.json
2026-07-09 08:36:04,657 - INFO - History saved to: /Applications/XAMPP/xamppfiles/htdocs/SHAKIRA/MR_BRAIN/ml/nlu_model/training_history.json
2026-07-09 08:36:04,657 - INFO - Training completed at: 2026-07-09 08:36:04.657370
2026-07-09 08:36:04,657 - INFO - ============================================================
2026-07-09 08:36:04,657 - INFO - ✅ Training complete!
2026-07-09 08:39:16,048 - INFO - Using device: cpu
2026-07-09 08:39:16,048 - INFO - ============================================================
2026-07-09 08:39:16,049 - INFO - AMAZON AI - DistilBERT NLU Model Training
2026-07-09 08:39:16,049 - INFO - ============================================================
2026-07-09 08:39:16,049 - INFO - Started at: 2026-07-09 08:39:16.049187
2026-07-09 08:39:16,049 - INFO - Loading dataset from: /Applications/XAMPP/xamppfiles/htdocs/SHAKIRA/MR_BRAIN/learning/auto_training_data.csv
2026-07-09 08:39:16,055 - INFO - Loaded 32 samples, 10 unique intents
2026-07-09 08:39:16,056 - INFO - Intent distribution:
intent
open_app             9
greeting             8
os_command           4
create_folder        2
system_info          2
empty_trash          2
generate_document    2
list_processes       1
search_web           1
create_file          1
Name: count, dtype: int64
2026-07-09 08:39:16,057 - INFO - Number of unique intents: 10
2026-07-09 08:39:16,057 - INFO - Intents: ['create_file', 'create_folder', 'empty_trash', 'generate_document', 'greeting', 'list_processes', 'open_app', 'os_command', 'search_web', 'system_info']
2026-07-09 08:39:16,058 - INFO - Label map saved to: /Applications/XAMPP/xamppfiles/htdocs/SHAKIRA/MR_BRAIN/ml/label_map.json
2026-07-09 08:39:16,058 - INFO - Some classes have < 2 samples, using simple split
2026-07-09 08:39:16,059 - INFO - Train: 25 samples
2026-07-09 08:39:16,059 - INFO - Test: 7 samples
2026-07-09 08:39:16,059 - INFO - Loading tokenizer: distilbert-base-uncased
2026-07-09 08:39:22,304 - INFO - Loading model: distilbert-base-uncased (10 classes)
2026-07-09 08:39:23,279 - INFO - Total steps: 20, Warmup steps: 2
2026-07-09 08:39:23,279 - INFO - 
============================================================
2026-07-09 08:39:23,280 - INFO - Training for 10 epochs on cpu
2026-07-09 08:39:23,280 - INFO - Total steps: 20, Warmup: 2
2026-07-09 08:39:23,280 - INFO - ============================================================

2026-07-09 08:39:26,899 - INFO - Epoch 1/10 | Train Loss: 2.3156 | Train Acc: 12.00% | Test Loss: 2.3236 | Test Acc: 14.29%
2026-07-09 08:39:29,347 - INFO -   -> Best model saved (accuracy: 14.29%)
2026-07-09 08:39:34,470 - INFO - Epoch 2/10 | Train Loss: 2.3253 | Train Acc: 4.00% | Test Loss: 2.2992 | Test Acc: 0.00%
2026-07-09 08:39:39,187 - INFO - Epoch 3/10 | Train Loss: 2.2598 | Train Acc: 16.00% | Test Loss: 2.2586 | Test Acc: 28.57%
2026-07-09 08:39:41,637 - INFO -   -> Best model saved (accuracy: 28.57%)
2026-07-09 08:39:46,650 - INFO - Epoch 4/10 | Train Loss: 2.2091 | Train Acc: 44.00% | Test Loss: 2.2260 | Test Acc: 42.86%
2026-07-09 08:39:49,170 - INFO -   -> Best model saved (accuracy: 42.86%)
2026-07-09 08:39:54,356 - INFO - Epoch 5/10 | Train Loss: 2.1634 | Train Acc: 56.00% | Test Loss: 2.1950 | Test Acc: 42.86%
2026-07-09 08:39:59,443 - INFO - Epoch 6/10 | Train Loss: 2.1333 | Train Acc: 56.00% | Test Loss: 2.1695 | Test Acc: 42.86%
2026-07-09 08:40:04,439 - INFO - Epoch 7/10 | Train Loss: 2.0795 | Train Acc: 56.00% | Test Loss: 2.1497 | Test Acc: 42.86%
2026-07-09 08:40:09,224 - INFO - Epoch 8/10 | Train Loss: 2.0671 | Train Acc: 48.00% | Test Loss: 2.1345 | Test Acc: 42.86%
2026-07-09 08:40:14,137 - INFO - Epoch 9/10 | Train Loss: 2.0259 | Train Acc: 60.00% | Test Loss: 2.1241 | Test Acc: 42.86%
2026-07-09 08:40:22,269 - INFO - Epoch 10/10 | Train Loss: 1.9739 | Train Acc: 68.00% | Test Loss: 2.1192 | Test Acc: 42.86%
2026-07-09 08:40:24,341 - INFO - 
============================================================
2026-07-09 08:40:24,341 - INFO - Final Evaluation
2026-07-09 08:40:24,341 - INFO - ============================================================
2026-07-09 08:40:24,570 - INFO - 
Best Accuracy: 42.86%
2026-07-09 08:40:24,570 - INFO - Final Accuracy: 42.86%
2026-07-09 08:40:24,570 - INFO - 
Classification Report:
                   precision    recall  f1-score   support

generate_document     0.0000    0.0000    0.0000         1
         greeting     0.5000    1.0000    0.6667         1
         open_app     0.4000    1.0000    0.5714         2
       os_command     0.0000    0.0000    0.0000         1
       search_web     0.0000    0.0000    0.0000         1
      system_info     0.0000    0.0000    0.0000         1

         accuracy                         0.4286         7
        macro avg     0.1500    0.3333    0.2063         7
     weighted avg     0.1857    0.4286    0.2585         7

2026-07-09 08:40:24,572 - INFO - 
Confusion Matrix:
[[0 0 1 0 0 0]
 [0 1 0 0 0 0]
 [0 0 2 0 0 0]
 [0 0 1 0 0 0]
 [0 0 1 0 0 0]
 [0 1 0 0 0 0]]
2026-07-09 08:40:24,572 - INFO - 
Misclassified examples (4):
2026-07-09 08:40:24,572 - INFO -   Text: 'create excel file' -> True: generate_document, Pred: open_app
2026-07-09 08:40:24,572 - INFO -   Text: 'lists installed applications' -> True: os_command, Pred: open_app
2026-07-09 08:40:24,572 - INFO -   Text: 'analyse """
Voice Input/Output Module for AMAZON AI
Adds speech recognition (voice commands) and text-to-speech (voice responses) to the desktop assistant.
"""
import threading
import queue
import time
from pathlib import Path

try:
    import pyttsx3
except ImportError:
    pyttsx3 = None

try:
    import speech_recognition as sr
except ImportError:
    sr = None


class VoiceEngine:
    """Handles voice input (speech-to-text) and voice output (text-to-speech)."""

    def __init__(self):
        self.recognizer = sr.Recognizer() if sr else None
        self.microphone = None
        self.microphone_name = None
        self.tts_engine = None
        self.is_listening = False
        self.is_speaking = False
        self.voice_enabled = True
        self.listening_callback = None
        self.listening_callback_error = None
        self.speaking_callback = None
        self.language = "en-US"

        if pyttsx3:
            try:
                self.tts_engine = pyttsx3.init()
                self.tts_engine.setProperty("rate", 160)
                self.tts_engine.setProperty("volume", 0.9)
            except Exception:
                self.tts_engine = None

        self._select_microphone()

    def set_language(self, lang):
        self.language = lang or "en-US"

    def _select_microphone(self):
        if not sr:
            return
        try:
            names = sr.Microphone.list_microphone_names()
        except Exception as e:
            print("Mic enumeration failed:", e)
            return
        print("Microphones detected:", len(names))
        if not names:
            print("No microphone available.")
            return
        # Prefer realtek microphone array over virtual devices
        preferred_keywords = [
            "microphone array",
            "realtek",
            "frontmic",
            "array",
            "airpods",
            "headset",
        ]
        excluded_keywords = [
            "itop",
            "virtual",
        ]
        chosen_index = None
        for idx, name in enumerate(names):
            low = name.lower()
            if any(k in low for k in preferred_keywords) and not any(k in low for k in excluded_keywords):
                chosen_index = idx
                break
        if chosen_index is None:
            # fallback: first input-capable device
            for idx, name in enumerate(names):
                if "output" not in name.lower():
                    chosen_index = idx
                    break
        if chosen_index is None:
            chosen_index = 0
        try:
            self.microphone = sr.Microphone(device_index=chosen_index)
            self.microphone_name = names[chosen_index]
            print(f"Selected microphone index {chosen_index}: {self.microphone_name}")
        except Exception as e:
            print(f"Failed to open microphone index {chosen_index}: {e}")

    def start_listening(self, on_result=None, on_error=None):
        """Start background listening thread."""
        if self.is_listening:
            return
        self.is_listening = True
        self.listening_callback = on_result
        self.listening_callback_error = on_error
        t = threading.Thread(target=self._listen_loop, daemon=True)
        t.start()
        try:
            self._play_beep()
        except Exception:
            pass

    def stop_listening(self):
        """Stop listening."""
        self.is_listening = False
        try:
            if self._mic_active and hasattr(self, '_mic_source'):
                pass
        except Exception:
            pass

    def _listen_loop(self):
        """Background listening loop using speech_recognition."""
        if not sr or not self.microphone:
            err = "speech_recognition library not installed or microphone not available."
            print("VOICE ERROR:", err)
            if self.listening_callback_error:
                self.listening_callback_error(err)
            self.is_listening = False
            return

        print("Voice thread started")
        try:
            with self.microphone as source:
                print("Microphone opened, adjusting ambient noise...")
                self.recognizer.adjust_for_ambient_noise(source, duration=1)
                print("Ambient noise calibration done. Listening...")
                while self.is_listening:
                    try:
                        print("Waiting for speech...")
                        audio = self.recognizer.listen(source, timeout=3, phrase_time_limit=8)
                        print("Audio captured")
                    except sr.WaitTimeoutError:
                        print("Listen timeout: no speech detected")
                        continue
                    try:
                        print("Recognizing...")
                        text = self.recognizer.recognize_google(audio, language=self.language)
                        print("Recognized:", text)
                        if text and self.listening_callback:
                            self.listening_callback(text)
                    except sr.UnknownValueError:
                        print("Could not understand audio (UnknownValueError)")
                        if self.listening_callback_error:
                            self.listening_callback_error("Could not understand audio")
                        continue
                    except sr.RequestError as e:
                        msg = f"Google recognition error: {e}"
                        print(msg)
                        if self.listening_callback_error:
                            self.listening_callback_error(msg)
                        time.sleep(0.5)
                    except Exception as e:
                        msg = f"Recognition unexpected error: {e}"
                        print("VOICE ERROR:", msg)
                        if self.listening_callback_error:
                            self.listening_callback_error(msg)
                        time.sleep(0.5)
        except Exception as e:
            msg = f"Microphone/open error: {e}"
            print("VOICE ERROR:", msg)
            if self.listening_callback_error:
                self.listening_callback_error(msg)
        finally:
            print("Voice thread stopping")
            self.is_listening = False

    def speak(self, text):
        """Speak text aloud using TTS."""
        if not self.voice_enabled:
            return
        if not self.tts_engine:
            return
        threading.Thread(target=self._speak_thread, args=(text,), daemon=True).start()

    def _speak_thread(self, text):
        """Speak in background thread."""
        try:
            self.is_speaking = True
            if self.speaking_callback:
                self.speaking_callback(True)
            self.tts_engine.say(text)
            self.tts_engine.runAndWait()
        except Exception:
            pass
        finally:
            self.is_speaking = False
            if self.speaking_callback:
                self.speaking_callback(False)

    def stop_speaking(self):
        """Stop current speech."""
        try:
            if self.tts_engine:
                self.tts_engine.stop()
        except Exception:
            pass
        self.is_speaking = False

    def set_voice_enabled(self, enabled):
        """Enable or disable voice output."""
        self.voice_enabled = enabled

    def is_voice_available(self):
        """Check if voice libraries are installed."""
        return pyttsx3 is not None and sr is not None


# Singleton voice engine
_voice_engine = None


def get_voice_engine():
    """Get or create the global voice engine."""
    global _voice_engine
    if _voice_engine is None:
        _voice_engine = VoiceEngine()
    return _voice_engine' -> True: search_web, Pred: open_app
2026-07-09 08:40:24,573 - INFO -   Text: 'scan computer' -> True: system_info, Pred: greeting
2026-07-09 08:40:24,575 - INFO - 
Model saved to: /Applications/XAMPP/xamppfiles/htdocs/SHAKIRA/MR_BRAIN/ml/nlu_model
2026-07-09 08:40:24,575 - INFO - Config saved to: /Applications/XAMPP/xamppfiles/htdocs/SHAKIRA/MR_BRAIN/ml/nlu_model/amazon_config.json
2026-07-09 08:40:24,575 - INFO - History saved to: /Applications/XAMPP/xamppfiles/htdocs/SHAKIRA/MR_BRAIN/ml/nlu_model/training_history.json
2026-07-09 08:40:24,575 - INFO - Training completed at: 2026-07-09 08:40:24.575571
2026-07-09 08:40:24,575 - INFO - ============================================================
2026-07-09 08:40:24,575 - INFO - ✅ Training complete!
2026-07-09 08:42:42,315 - INFO - Using device: cpu
2026-07-09 08:42:42,315 - INFO - ============================================================
2026-07-09 08:42:42,315 - INFO - AMAZON AI - DistilBERT NLU Model Training
2026-07-09 08:42:42,315 - INFO - ============================================================
2026-07-09 08:42:42,315 - INFO - Started at: 2026-07-09 08:42:42.315889
2026-07-09 08:42:42,316 - INFO - Loading dataset from: /Applications/XAMPP/xamppfiles/htdocs/SHAKIRA/MR_BRAIN/learning/auto_training_data.csv
2026-07-09 08:42:42,322 - INFO - Loaded 32 samples, 10 unique intents
2026-07-09 08:42:42,323 - INFO - Intent distribution:
intent
open_app             9
greeting             8
os_command           4
create_folder        2
system_info          2
empty_trash          2
generate_document    2
list_processes       1
search_web           1
create_file          1
Name: count, dtype: int64
2026-07-09 08:42:42,323 - INFO - Number of unique intents: 10
2026-07-09 08:42:42,324 - INFO - Intents: ['create_file', 'create_folder', 'empty_trash', 'generate_document', 'greeting', 'list_processes', 'open_app', 'os_command', 'search_web', 'system_info']
2026-07-09 08:42:42,324 - INFO - Label map saved to: /Applications/XAMPP/xamppfiles/htdocs/SHAKIRA/MR_BRAIN/ml/label_map.json
2026-07-09 08:42:42,325 - INFO - Some classes have < 2 samples, using simple split
2026-07-09 08:42:42,326 - INFO - Train: 25 samples
2026-07-09 08:42:42,326 - INFO - Test: 7 samples
2026-07-09 08:42:42,326 - INFO - Loading tokenizer: distilbert-base-uncased
2026-07-09 08:42:47,950 - INFO - Loading model: distilbert-base-uncased (10 classes)
2026-07-09 08:42:49,964 - INFO - Total steps: 20, Warmup steps: 2
2026-07-09 08:42:49,964 - INFO - 
============================================================
2026-07-09 08:42:49,964 - INFO - Training for 10 epochs on cpu
2026-07-09 08:42:49,964 - INFO - Total steps: 20, Warmup: 2
2026-07-09 08:42:49,964 - INFO - ============================================================

2026-07-09 08:42:53,520 - INFO - Epoch 1/10 | Train Loss: 2.3156 | Train Acc: 12.00% | Test Loss: 2.3236 | Test Acc: 14.29%
2026-07-09 08:42:56,095 - INFO -   -> Best model saved (accuracy: 14.29%)
2026-07-09 08:43:01,415 - INFO - Epoch 2/10 | Train Loss: 2.3253 | Train Acc: 4.00% | Test Loss: 2.2992 | Test Acc: 0.00%
2026-07-09 08:43:06,368 - INFO - Epoch 3/10 | Train Loss: 2.2598 | Train Acc: 16.00% | Test Loss: 2.2586 | Test Acc: 28.57%
2026-07-09 08:43:08,709 - INFO -   -> Best model saved (accuracy: 28.57%)
2026-07-09 08:43:13,486 - INFO - Epoch 4/10 | Train Loss: 2.2091 | Train Acc: 44.00% | Test Loss: 2.2260 | Test Acc: 42.86%
2026-07-09 08:43:16,055 - INFO -   -> Best model saved (accuracy: 42.86%)
2026-07-09 08:43:20,956 - INFO - Epoch 5/10 | Train Loss: 2.1634 | Train Acc: 56.00% | Test Loss: 2.1950 | Test Acc: 42.86%
2026-07-09 08:43:26,091 - INFO - Epoch 6/10 | Train Loss: 2.1333 | Train Acc: 56.00% | Test Loss: 2.1695 | Test Acc: 42.86%
2026-07-09 08:43:30,783 - INFO - Epoch 7/10 | Train Loss: 2.0795 | Train Acc: 56.00% | Test Loss: 2.1497 | Test Acc: 42.86%
2026-07-09 08:43:35,947 - INFO - Epoch 8/10 | Train Loss: 2.0671 | Train Acc: 48.00% | Test Loss: 2.1345 | Test Acc: 42.86%
2026-07-09 08:43:42,579 - INFO - Epoch 9/10 | Train Loss: 2.0259 | Train Acc: 60.00% | Test Loss: 2.1241 | Test Acc: 42.86%
2026-07-09 08:43:47,891 - INFO - Epoch 10/10 | Train Loss: 1.9739 | Train Acc: 68.00% | Test Loss: 2.1192 | Test Acc: 42.86%
2026-07-09 08:43:50,209 - INFO - 
============================================================
2026-07-09 08:43:50,209 - INFO - Final Evaluation
2026-07-09 08:43:50,209 - INFO - ============================================================
2026-07-09 08:43:50,486 - INFO - 
Best Accuracy: 42.86%
2026-07-09 08:43:50,486 - INFO - Final Accuracy: 42.86%
2026-07-09 08:43:50,486 - INFO - 
Classification Report:
                   precision    recall  f1-score   support

generate_document     0.0000    0.0000    0.0000         1
         greeting     0.5000    1.0000    0.6667         1
         open_app     0.4000    1.0000    0.5714         2
       os_command     0.0000    0.0000    0.0000         1
       search_web     0.0000    0.0000    0.0000         1
      system_info     0.0000    0.0000    0.0000         1

         accuracy                         0.4286         7
        macro avg     0.1500    0.3333    0.2063         7
     weighted avg     0.1857    0.4286    0.2585         7

2026-07-09 08:43:50,488 - INFO - 
Confusion Matrix:
[[0 0 1 0 0 0]
 [0 1 0 0 0 0]
 [0 0 2 0 0 0]
 [0 0 1 0 0 0]
 [0 0 1 0 0 0]
 [0 1 0 0 0 0]]
2026-07-09 08:43:50,488 - INFO - 
Misclassified examples (4):
2026-07-09 08:43:50,489 - INFO -   Text: 'create excel file' -> True: generate_document, Pred: open_app
2026-07-09 08:43:50,489 - INFO -   Text: 'lists installed applications' -> True: os_command, Pred: open_app
2026-07-09 08:43:50,489 - INFO -   Text: 'analyse """
Voice Input/Output Module for AMAZON AI
Adds speech recognition (voice commands) and text-to-speech (voice responses) to the desktop assistant.
"""
import threading
import queue
import time
from pathlib import Path

try:
    import pyttsx3
except ImportError:
    pyttsx3 = None

try:
    import speech_recognition as sr
except ImportError:
    sr = None


class VoiceEngine:
    """Handles voice input (speech-to-text) and voice output (text-to-speech)."""

    def __init__(self):
        self.recognizer = sr.Recognizer() if sr else None
        self.microphone = None
        self.microphone_name = None
        self.tts_engine = None
        self.is_listening = False
        self.is_speaking = False
        self.voice_enabled = True
        self.listening_callback = None
        self.listening_callback_error = None
        self.speaking_callback = None
        self.language = "en-US"

        if pyttsx3:
            try:
                self.tts_engine = pyttsx3.init()
                self.tts_engine.setProperty("rate", 160)
                self.tts_engine.setProperty("volume", 0.9)
            except Exception:
                self.tts_engine = None

        self._select_microphone()

    def set_language(self, lang):
        self.language = lang or "en-US"

    def _select_microphone(self):
        if not sr:
            return
        try:
            names = sr.Microphone.list_microphone_names()
        except Exception as e:
            print("Mic enumeration failed:", e)
            return
        print("Microphones detected:", len(names))
        if not names:
            print("No microphone available.")
            return
        # Prefer realtek microphone array over virtual devices
        preferred_keywords = [
            "microphone array",
            "realtek",
            "frontmic",
            "array",
            "airpods",
            "headset",
        ]
        excluded_keywords = [
            "itop",
            "virtual",
        ]
        chosen_index = None
        for idx, name in enumerate(names):
            low = name.lower()
            if any(k in low for k in preferred_keywords) and not any(k in low for k in excluded_keywords):
                chosen_index = idx
                break
        if chosen_index is None:
            # fallback: first input-capable device
            for idx, name in enumerate(names):
                if "output" not in name.lower():
                    chosen_index = idx
                    break
        if chosen_index is None:
            chosen_index = 0
        try:
            self.microphone = sr.Microphone(device_index=chosen_index)
            self.microphone_name = names[chosen_index]
            print(f"Selected microphone index {chosen_index}: {self.microphone_name}")
        except Exception as e:
            print(f"Failed to open microphone index {chosen_index}: {e}")

    def start_listening(self, on_result=None, on_error=None):
        """Start background listening thread."""
        if self.is_listening:
            return
        self.is_listening = True
        self.listening_callback = on_result
        self.listening_callback_error = on_error
        t = threading.Thread(target=self._listen_loop, daemon=True)
        t.start()
        try:
            self._play_beep()
        except Exception:
            pass

    def stop_listening(self):
        """Stop listening."""
        self.is_listening = False
        try:
            if self._mic_active and hasattr(self, '_mic_source'):
                pass
        except Exception:
            pass

    def _listen_loop(self):
        """Background listening loop using speech_recognition."""
        if not sr or not self.microphone:
            err = "speech_recognition library not installed or microphone not available."
            print("VOICE ERROR:", err)
            if self.listening_callback_error:
                self.listening_callback_error(err)
            self.is_listening = False
            return

        print("Voice thread started")
        try:
            with self.microphone as source:
                print("Microphone opened, adjusting ambient noise...")
                self.recognizer.adjust_for_ambient_noise(source, duration=1)
                print("Ambient noise calibration done. Listening...")
                while self.is_listening:
                    try:
                        print("Waiting for speech...")
                        audio = self.recognizer.listen(source, timeout=3, phrase_time_limit=8)
                        print("Audio captured")
                    except sr.WaitTimeoutError:
                        print("Listen timeout: no speech detected")
                        continue
                    try:
                        print("Recognizing...")
                        text = self.recognizer.recognize_google(audio, language=self.language)
                        print("Recognized:", text)
                        if text and self.listening_callback:
                            self.listening_callback(text)
                    except sr.UnknownValueError:
                        print("Could not understand audio (UnknownValueError)")
                        if self.listening_callback_error:
                            self.listening_callback_error("Could not understand audio")
                        continue
                    except sr.RequestError as e:
                        msg = f"Google recognition error: {e}"
                        print(msg)
                        if self.listening_callback_error:
                            self.listening_callback_error(msg)
                        time.sleep(0.5)
                    except Exception as e:
                        msg = f"Recognition unexpected error: {e}"
                        print("VOICE ERROR:", msg)
                        if self.listening_callback_error:
                            self.listening_callback_error(msg)
                        time.sleep(0.5)
        except Exception as e:
            msg = f"Microphone/open error: {e}"
            print("VOICE ERROR:", msg)
            if self.listening_callback_error:
                self.listening_callback_error(msg)
        finally:
            print("Voice thread stopping")
            self.is_listening = False

    def speak(self, text):
        """Speak text aloud using TTS."""
        if not self.voice_enabled:
            return
        if not self.tts_engine:
            return
        threading.Thread(target=self._speak_thread, args=(text,), daemon=True).start()

    def _speak_thread(self, text):
        """Speak in background thread."""
        try:
            self.is_speaking = True
            if self.speaking_callback:
                self.speaking_callback(True)
            self.tts_engine.say(text)
            self.tts_engine.runAndWait()
        except Exception:
            pass
        finally:
            self.is_speaking = False
            if self.speaking_callback:
                self.speaking_callback(False)

    def stop_speaking(self):
        """Stop current speech."""
        try:
            if self.tts_engine:
                self.tts_engine.stop()
        except Exception:
            pass
        self.is_speaking = False

    def set_voice_enabled(self, enabled):
        """Enable or disable voice output."""
        self.voice_enabled = enabled

    def is_voice_available(self):
        """Check if voice libraries are installed."""
        return pyttsx3 is not None and sr is not None


# Singleton voice engine
_voice_engine = None


def get_voice_engine():
    """Get or create the global voice engine."""
    global _voice_engine
    if _voice_engine is None:
        _voice_engine = VoiceEngine()
    return _voice_engine' -> True: search_web, Pred: open_app
2026-07-09 08:43:50,489 - INFO -   Text: 'scan computer' -> True: system_info, Pred: greeting
2026-07-09 08:43:50,491 - INFO - 
Model saved to: /Applications/XAMPP/xamppfiles/htdocs/SHAKIRA/MR_BRAIN/ml/nlu_model
2026-07-09 08:43:50,491 - INFO - Config saved to: /Applications/XAMPP/xamppfiles/htdocs/SHAKIRA/MR_BRAIN/ml/nlu_model/amazon_config.json
2026-07-09 08:43:50,492 - INFO - History saved to: /Applications/XAMPP/xamppfiles/htdocs/SHAKIRA/MR_BRAIN/ml/nlu_model/training_history.json
2026-07-09 08:43:50,492 - INFO - Training completed at: 2026-07-09 08:43:50.492116
2026-07-09 08:43:50,492 - INFO - ============================================================
2026-07-09 08:43:50,492 - INFO - ✅ Training complete!
2026-07-09 09:28:47,312 - INFO - Using device: cpu
2026-07-09 09:28:47,313 - INFO - ============================================================
2026-07-09 09:28:47,313 - INFO - AMAZON AI - DistilBERT NLU Model Training
2026-07-09 09:28:47,313 - INFO - ============================================================
2026-07-09 09:28:47,313 - INFO - Started at: 2026-07-09 09:28:47.313506
2026-07-09 09:28:47,313 - INFO - Loading dataset from: /Applications/XAMPP/xamppfiles/htdocs/SHAKIRA/MR_BRAIN/learning/auto_training_data.csv
2026-07-09 09:28:47,319 - INFO - Loaded 32 samples, 10 unique intents
2026-07-09 09:28:47,321 - INFO - Intent distribution:
intent
open_app             9
greeting             8
os_command           4
create_folder        2
system_info          2
empty_trash          2
generate_document    2
list_processes       1
search_web           1
create_file          1
Name: count, dtype: int64
2026-07-09 09:28:47,321 - INFO - Number of unique intents: 10
2026-07-09 09:28:47,321 - INFO - Intents: ['create_file', 'create_folder', 'empty_trash', 'generate_document', 'greeting', 'list_processes', 'open_app', 'os_command', 'search_web', 'system_info']
2026-07-09 09:28:47,322 - INFO - Label map saved to: /Applications/XAMPP/xamppfiles/htdocs/SHAKIRA/MR_BRAIN/ml/label_map.json
2026-07-09 09:28:47,323 - INFO - Some classes have < 2 samples, using simple split
2026-07-09 09:28:47,324 - INFO - Train: 25 samples
2026-07-09 09:28:47,324 - INFO - Test: 7 samples
2026-07-09 09:28:47,324 - INFO - Loading tokenizer: distilbert-base-uncased
2026-07-09 09:28:50,062 - INFO - Loading model: distilbert-base-uncased (10 classes)
2026-07-09 09:28:51,100 - INFO - Total steps: 20, Warmup steps: 2
2026-07-09 09:28:51,100 - INFO - 
============================================================
2026-07-09 09:28:51,100 - INFO - Training for 10 epochs on cpu
2026-07-09 09:28:51,100 - INFO - Total steps: 20, Warmup: 2
2026-07-09 09:28:51,100 - INFO - ============================================================

2026-07-09 09:28:55,826 - INFO - Epoch 1/10 | Train Loss: 2.3156 | Train Acc: 12.00% | Test Loss: 2.3236 | Test Acc: 14.29%
2026-07-09 09:28:58,683 - INFO -   -> Best model saved (accuracy: 14.29%)
2026-07-09 09:29:03,942 - INFO - Epoch 2/10 | Train Loss: 2.3253 | Train Acc: 4.00% | Test Loss: 2.2992 | Test Acc: 0.00%
2026-07-09 09:29:08,886 - INFO - Epoch 3/10 | Train Loss: 2.2598 | Train Acc: 16.00% | Test Loss: 2.2586 | Test Acc: 28.57%
2026-07-09 09:29:11,201 - INFO -   -> Best model saved (accuracy: 28.57%)
2026-07-09 09:29:15,915 - INFO - Epoch 4/10 | Train Loss: 2.2091 | Train Acc: 44.00% | Test Loss: 2.2260 | Test Acc: 42.86%
2026-07-09 09:29:18,201 - INFO -   -> Best model saved (accuracy: 42.86%)
2026-07-09 09:29:22,799 - INFO - Epoch 5/10 | Train Loss: 2.1634 | Train Acc: 56.00% | Test Loss: 2.1950 | Test Acc: 42.86%
2026-07-09 09:29:27,328 - INFO - Epoch 6/10 | Train Loss: 2.1333 | Train Acc: 56.00% | Test Loss: 2.1695 | Test Acc: 42.86%
2026-07-09 09:29:31,879 - INFO - Epoch 7/10 | Train Loss: 2.0795 | Train Acc: 56.00% | Test Loss: 2.1497 | Test Acc: 42.86%
2026-07-09 09:29:36,687 - INFO - Epoch 8/10 | Train Loss: 2.0671 | Train Acc: 48.00% | Test Loss: 2.1345 | Test Acc: 42.86%
2026-07-09 09:29:41,334 - INFO - Epoch 9/10 | Train Loss: 2.0259 | Train Acc: 60.00% | Test Loss: 2.1241 | Test Acc: 42.86%
2026-07-09 09:29:46,044 - INFO - Epoch 10/10 | Train Loss: 1.9739 | Train Acc: 68.00% | Test Loss: 2.1192 | Test Acc: 42.86%
2026-07-09 09:29:48,085 - INFO - 
============================================================
2026-07-09 09:29:48,085 - INFO - Final Evaluation
2026-07-09 09:29:48,085 - INFO - ============================================================
2026-07-09 09:29:48,281 - INFO - 
Best Accuracy: 42.86%
2026-07-09 09:29:48,282 - INFO - Final Accuracy: 42.86%
2026-07-09 09:29:48,282 - INFO - 
Classification Report:
                   precision    recall  f1-score   support

generate_document     0.0000    0.0000    0.0000         1
         greeting     0.5000    1.0000    0.6667         1
         open_app     0.4000    1.0000    0.5714         2
       os_command     0.0000    0.0000    0.0000         1
       search_web     0.0000    0.0000    0.0000         1
      system_info     0.0000    0.0000    0.0000         1

         accuracy                         0.4286         7
        macro avg     0.1500    0.3333    0.2063         7
     weighted avg     0.1857    0.4286    0.2585         7

2026-07-09 09:29:48,283 - INFO - 
Confusion Matrix:
[[0 0 1 0 0 0]
 [0 1 0 0 0 0]
 [0 0 2 0 0 0]
 [0 0 1 0 0 0]
 [0 0 1 0 0 0]
 [0 1 0 0 0 0]]
2026-07-09 09:29:48,283 - INFO - 
Misclassified examples (4):
2026-07-09 09:29:48,283 - INFO -   Text: 'create excel file' -> True: generate_document, Pred: open_app
2026-07-09 09:29:48,283 - INFO -   Text: 'lists installed applications' -> True: os_command, Pred: open_app
2026-07-09 09:29:48,284 - INFO -   Text: 'analyse """
Voice Input/Output Module for AMAZON AI
Adds speech recognition (voice commands) and text-to-speech (voice responses) to the desktop assistant.
"""
import threading
import queue
import time
from pathlib import Path

try:
    import pyttsx3
except ImportError:
    pyttsx3 = None

try:
    import speech_recognition as sr
except ImportError:
    sr = None


class VoiceEngine:
    """Handles voice input (speech-to-text) and voice output (text-to-speech)."""

    def __init__(self):
        self.recognizer = sr.Recognizer() if sr else None
        self.microphone = None
        self.microphone_name = None
        self.tts_engine = None
        self.is_listening = False
        self.is_speaking = False
        self.voice_enabled = True
        self.listening_callback = None
        self.listening_callback_error = None
        self.speaking_callback = None
        self.language = "en-US"

        if pyttsx3:
            try:
                self.tts_engine = pyttsx3.init()
                self.tts_engine.setProperty("rate", 160)
                self.tts_engine.setProperty("volume", 0.9)
            except Exception:
                self.tts_engine = None

        self._select_microphone()

    def set_language(self, lang):
        self.language = lang or "en-US"

    def _select_microphone(self):
        if not sr:
            return
        try:
            names = sr.Microphone.list_microphone_names()
        except Exception as e:
            print("Mic enumeration failed:", e)
            return
        print("Microphones detected:", len(names))
        if not names:
            print("No microphone available.")
            return
        # Prefer realtek microphone array over virtual devices
        preferred_keywords = [
            "microphone array",
            "realtek",
            "frontmic",
            "array",
            "airpods",
            "headset",
        ]
        excluded_keywords = [
            "itop",
            "virtual",
        ]
        chosen_index = None
        for idx, name in enumerate(names):
            low = name.lower()
            if any(k in low for k in preferred_keywords) and not any(k in low for k in excluded_keywords):
                chosen_index = idx
                break
        if chosen_index is None:
            # fallback: first input-capable device
            for idx, name in enumerate(names):
                if "output" not in name.lower():
                    chosen_index = idx
                    break
        if chosen_index is None:
            chosen_index = 0
        try:
            self.microphone = sr.Microphone(device_index=chosen_index)
            self.microphone_name = names[chosen_index]
            print(f"Selected microphone index {chosen_index}: {self.microphone_name}")
        except Exception as e:
            print(f"Failed to open microphone index {chosen_index}: {e}")

    def start_listening(self, on_result=None, on_error=None):
        """Start background listening thread."""
        if self.is_listening:
            return
        self.is_listening = True
        self.listening_callback = on_result
        self.listening_callback_error = on_error
        t = threading.Thread(target=self._listen_loop, daemon=True)
        t.start()
        try:
            self._play_beep()
        except Exception:
            pass

    def stop_listening(self):
        """Stop listening."""
        self.is_listening = False
        try:
            if self._mic_active and hasattr(self, '_mic_source'):
                pass
        except Exception:
            pass

    def _listen_loop(self):
        """Background listening loop using speech_recognition."""
        if not sr or not self.microphone:
            err = "speech_recognition library not installed or microphone not available."
            print("VOICE ERROR:", err)
            if self.listening_callback_error:
                self.listening_callback_error(err)
            self.is_listening = False
            return

        print("Voice thread started")
        try:
            with self.microphone as source:
                print("Microphone opened, adjusting ambient noise...")
                self.recognizer.adjust_for_ambient_noise(source, duration=1)
                print("Ambient noise calibration done. Listening...")
                while self.is_listening:
                    try:
                        print("Waiting for speech...")
                        audio = self.recognizer.listen(source, timeout=3, phrase_time_limit=8)
                        print("Audio captured")
                    except sr.WaitTimeoutError:
                        print("Listen timeout: no speech detected")
                        continue
                    try:
                        print("Recognizing...")
                        text = self.recognizer.recognize_google(audio, language=self.language)
                        print("Recognized:", text)
                        if text and self.listening_callback:
                            self.listening_callback(text)
                    except sr.UnknownValueError:
                        print("Could not understand audio (UnknownValueError)")
                        if self.listening_callback_error:
                            self.listening_callback_error("Could not understand audio")
                        continue
                    except sr.RequestError as e:
                        msg = f"Google recognition error: {e}"
                        print(msg)
                        if self.listening_callback_error:
                            self.listening_callback_error(msg)
                        time.sleep(0.5)
                    except Exception as e:
                        msg = f"Recognition unexpected error: {e}"
                        print("VOICE ERROR:", msg)
                        if self.listening_callback_error:
                            self.listening_callback_error(msg)
                        time.sleep(0.5)
        except Exception as e:
            msg = f"Microphone/open error: {e}"
            print("VOICE ERROR:", msg)
            if self.listening_callback_error:
                self.listening_callback_error(msg)
        finally:
            print("Voice thread stopping")
            self.is_listening = False

    def speak(self, text):
        """Speak text aloud using TTS."""
        if not self.voice_enabled:
            return
        if not self.tts_engine:
            return
        threading.Thread(target=self._speak_thread, args=(text,), daemon=True).start()

    def _speak_thread(self, text):
        """Speak in background thread."""
        try:
            self.is_speaking = True
            if self.speaking_callback:
                self.speaking_callback(True)
            self.tts_engine.say(text)
            self.tts_engine.runAndWait()
        except Exception:
            pass
        finally:
            self.is_speaking = False
            if self.speaking_callback:
                self.speaking_callback(False)

    def stop_speaking(self):
        """Stop current speech."""
        try:
            if self.tts_engine:
                self.tts_engine.stop()
        except Exception:
            pass
        self.is_speaking = False

    def set_voice_enabled(self, enabled):
        """Enable or disable voice output."""
        self.voice_enabled = enabled

    def is_voice_available(self):
        """Check if voice libraries are installed."""
        return pyttsx3 is not None and sr is not None


# Singleton voice engine
_voice_engine = None


def get_voice_engine():
    """Get or create the global voice engine."""
    global _voice_engine
    if _voice_engine is None:
        _voice_engine = VoiceEngine()
    return _voice_engine' -> True: search_web, Pred: open_app
2026-07-09 09:29:48,284 - INFO -   Text: 'scan computer' -> True: system_info, Pred: greeting
2026-07-09 09:29:48,286 - INFO - 
Model saved to: /Applications/XAMPP/xamppfiles/htdocs/SHAKIRA/MR_BRAIN/ml/nlu_model
2026-07-09 09:29:48,286 - INFO - Config saved to: /Applications/XAMPP/xamppfiles/htdocs/SHAKIRA/MR_BRAIN/ml/nlu_model/amazon_config.json
2026-07-09 09:29:48,286 - INFO - History saved to: /Applications/XAMPP/xamppfiles/htdocs/SHAKIRA/MR_BRAIN/ml/nlu_model/training_history.json
2026-07-09 09:29:48,286 - INFO - Training completed at: 2026-07-09 09:29:48.286414
2026-07-09 09:29:48,286 - INFO - ============================================================
2026-07-09 09:29:48,286 - INFO - ✅ Training complete!
2026-07-09 10:59:20,420 - INFO - Using device: cpu
2026-07-09 10:59:20,421 - INFO - ============================================================
2026-07-09 10:59:20,421 - INFO - AMAZON AI - DistilBERT NLU Model Training
2026-07-09 10:59:20,421 - INFO - ============================================================
2026-07-09 10:59:20,421 - INFO - Started at: 2026-07-09 10:59:20.421438
2026-07-09 10:59:20,421 - INFO - Loading dataset from: /Applications/XAMPP/xamppfiles/htdocs/SHAKIRA/MR_BRAIN/learning/auto_training_data.csv
2026-07-09 10:59:20,429 - INFO - Loaded 33 samples, 11 unique intents
2026-07-09 10:59:20,431 - INFO - Intent distribution:
intent
open_app             9
greeting             8
os_command           4
create_folder        2
system_info          2
empty_trash          2
generate_document    2
list_processes       1
search_web           1
create_file          1
follow_up            1
Name: count, dtype: int64
2026-07-09 10:59:20,431 - INFO - Number of unique intents: 11
2026-07-09 10:59:20,431 - INFO - Intents: ['create_file', 'create_folder', 'empty_trash', 'follow_up', 'generate_document', 'greeting', 'list_processes', 'open_app', 'os_command', 'search_web', 'system_info']
2026-07-09 10:59:20,433 - INFO - Label map saved to: /Applications/XAMPP/xamppfiles/htdocs/SHAKIRA/MR_BRAIN/ml/label_map.json
2026-07-09 10:59:20,433 - INFO - Some classes have < 2 samples, using simple split
2026-07-09 10:59:20,435 - INFO - Train: 26 samples
2026-07-09 10:59:20,435 - INFO - Test: 7 samples
2026-07-09 10:59:20,435 - INFO - Loading tokenizer: distilbert-base-uncased
2026-07-09 10:59:22,780 - INFO - Loading model: distilbert-base-uncased (11 classes)
2026-07-09 10:59:23,616 - INFO - Total steps: 20, Warmup steps: 2
2026-07-09 10:59:23,617 - INFO - 
============================================================
2026-07-09 10:59:23,617 - INFO - Training for 10 epochs on cpu
2026-07-09 10:59:23,617 - INFO - Total steps: 20, Warmup: 2
2026-07-09 10:59:23,617 - INFO - ============================================================

2026-07-09 10:59:29,644 - INFO - Epoch 1/10 | Train Loss: 2.4052 | Train Acc: 11.54% | Test Loss: 2.3787 | Test Acc: 28.57%
2026-07-09 10:59:32,863 - INFO -   -> Best model saved (accuracy: 28.57%)
2026-07-09 10:59:39,848 - INFO - Epoch 2/10 | Train Loss: 2.3876 | Train Acc: 11.54% | Test Loss: 2.3466 | Test Acc: 42.86%
2026-07-09 10:59:42,690 - INFO -   -> Best model saved (accuracy: 42.86%)
2026-07-09 10:59:48,780 - INFO - Epoch 3/10 | Train Loss: 2.3889 | Train Acc: 11.54% | Test Loss: 2.3221 | Test Acc: 42.86%
2026-07-09 10:59:54,236 - INFO - Epoch 4/10 | Train Loss: 2.3430 | Train Acc: 19.23% | Test Loss: 2.2963 | Test Acc: 42.86%
2026-07-09 10:59:59,453 - INFO - Epoch 5/10 | Train Loss: 2.3238 | Train Acc: 34.62% | Test Loss: 2.2628 | Test Acc: 42.86%
2026-07-09 11:00:04,573 - INFO - Epoch 6/10 | Train Loss: 2.2950 | Train Acc: 34.62% | Test Loss: 2.2249 | Test Acc: 71.43%
2026-07-09 11:00:06,595 - INFO -   -> Best model saved (accuracy: 71.43%)
2026-07-09 11:00:11,928 - INFO - Epoch 7/10 | Train Loss: 2.2343 | Train Acc: 42.31% | Test Loss: 2.1860 | Test Acc: 71.43%
2026-07-09 11:00:17,262 - INFO - Epoch 8/10 | Train Loss: 2.2376 | Train Acc: 53.85% | Test Loss: 2.1598 | Test Acc: 71.43%
2026-07-09 11:00:23,339 - INFO - Epoch 9/10 | Train Loss: 2.1838 | Train Acc: 42.31% | Test Loss: 2.1422 | Test Acc: 71.43%
2026-07-09 11:00:28,758 - INFO - Epoch 10/10 | Train Loss: 2.1613 | Train Acc: 57.69% | Test Loss: 2.1344 | Test Acc: 71.43%
2026-07-09 11:00:30,766 - INFO - 
============================================================
2026-07-09 11:00:30,766 - INFO - Final Evaluation
2026-07-09 11:00:30,766 - INFO - ============================================================
2026-07-09 11:00:31,050 - INFO - 
Best Accuracy: 71.43%
2026-07-09 11:00:31,050 - INFO - Final Accuracy: 71.43%
2026-07-09 11:00:31,050 - INFO - 
Classification Report:
              precision    recall  f1-score   support

    greeting     1.0000    1.0000    1.0000         2
    open_app     0.6000    1.0000    0.7500         3
  os_command     0.0000    0.0000    0.0000         1
  search_web     0.0000    0.0000    0.0000         1

    accuracy                         0.7143         7
   macro avg     0.4000    0.5000    0.4375         7
weighted avg     0.5429    0.7143    0.6071         7

2026-07-09 11:00:31,053 - INFO - 
Confusion Matrix:
[[2 0 0 0]
 [0 3 0 0]
 [0 1 0 0]
 [0 1 0 0]]
2026-07-09 11:00:31,053 - INFO - 
Misclassified examples (2):
2026-07-09 11:00:31,053 - INFO -   Text: 'Installed Apps' -> True: os_command, Pred: open_app
2026-07-09 11:00:31,053 - INFO -   Text: 'analyse """
Voice Input/Output Module for AMAZON AI
Adds speech recognition (voice commands) and text-to-speech (voice responses) to the desktop assistant.
"""
import threading
import queue
import time
from pathlib import Path

try:
    import pyttsx3
except ImportError:
    pyttsx3 = None

try:
    import speech_recognition as sr
except ImportError:
    sr = None


class VoiceEngine:
    """Handles voice input (speech-to-text) and voice output (text-to-speech)."""

    def __init__(self):
        self.recognizer = sr.Recognizer() if sr else None
        self.microphone = None
        self.microphone_name = None
        self.tts_engine = None
        self.is_listening = False
        self.is_speaking = False
        self.voice_enabled = True
        self.listening_callback = None
        self.listening_callback_error = None
        self.speaking_callback = None
        self.language = "en-US"

        if pyttsx3:
            try:
                self.tts_engine = pyttsx3.init()
                self.tts_engine.setProperty("rate", 160)
                self.tts_engine.setProperty("volume", 0.9)
            except Exception:
                self.tts_engine = None

        self._select_microphone()

    def set_language(self, lang):
        self.language = lang or "en-US"

    def _select_microphone(self):
        if not sr:
            return
        try:
            names = sr.Microphone.list_microphone_names()
        except Exception as e:
            print("Mic enumeration failed:", e)
            return
        print("Microphones detected:", len(names))
        if not names:
            print("No microphone available.")
            return
        # Prefer realtek microphone array over virtual devices
        preferred_keywords = [
            "microphone array",
            "realtek",
            "frontmic",
            "array",
            "airpods",
            "headset",
        ]
        excluded_keywords = [
            "itop",
            "virtual",
        ]
        chosen_index = None
        for idx, name in enumerate(names):
            low = name.lower()
            if any(k in low for k in preferred_keywords) and not any(k in low for k in excluded_keywords):
                chosen_index = idx
                break
        if chosen_index is None:
            # fallback: first input-capable device
            for idx, name in enumerate(names):
                if "output" not in name.lower():
                    chosen_index = idx
                    break
        if chosen_index is None:
            chosen_index = 0
        try:
            self.microphone = sr.Microphone(device_index=chosen_index)
            self.microphone_name = names[chosen_index]
            print(f"Selected microphone index {chosen_index}: {self.microphone_name}")
        except Exception as e:
            print(f"Failed to open microphone index {chosen_index}: {e}")

    def start_listening(self, on_result=None, on_error=None):
        """Start background listening thread."""
        if self.is_listening:
            return
        self.is_listening = True
        self.listening_callback = on_result
        self.listening_callback_error = on_error
        t = threading.Thread(target=self._listen_loop, daemon=True)
        t.start()
        try:
            self._play_beep()
        except Exception:
            pass

    def stop_listening(self):
        """Stop listening."""
        self.is_listening = False
        try:
            if self._mic_active and hasattr(self, '_mic_source'):
                pass
        except Exception:
            pass

    def _listen_loop(self):
        """Background listening loop using speech_recognition."""
        if not sr or not self.microphone:
            err = "speech_recognition library not installed or microphone not available."
            print("VOICE ERROR:", err)
            if self.listening_callback_error:
                self.listening_callback_error(err)
            self.is_listening = False
            return

        print("Voice thread started")
        try:
            with self.microphone as source:
                print("Microphone opened, adjusting ambient noise...")
                self.recognizer.adjust_for_ambient_noise(source, duration=1)
                print("Ambient noise calibration done. Listening...")
                while self.is_listening:
                    try:
                        print("Waiting for speech...")
                        audio = self.recognizer.listen(source, timeout=3, phrase_time_limit=8)
                        print("Audio captured")
                    except sr.WaitTimeoutError:
                        print("Listen timeout: no speech detected")
                        continue
                    try:
                        print("Recognizing...")
                        text = self.recognizer.recognize_google(audio, language=self.language)
                        print("Recognized:", text)
                        if text and self.listening_callback:
                            self.listening_callback(text)
                    except sr.UnknownValueError:
                        print("Could not understand audio (UnknownValueError)")
                        if self.listening_callback_error:
                            self.listening_callback_error("Could not understand audio")
                        continue
                    except sr.RequestError as e:
                        msg = f"Google recognition error: {e}"
                        print(msg)
                        if self.listening_callback_error:
                            self.listening_callback_error(msg)
                        time.sleep(0.5)
                    except Exception as e:
                        msg = f"Recognition unexpected error: {e}"
                        print("VOICE ERROR:", msg)
                        if self.listening_callback_error:
                            self.listening_callback_error(msg)
                        time.sleep(0.5)
        except Exception as e:
            msg = f"Microphone/open error: {e}"
            print("VOICE ERROR:", msg)
            if self.listening_callback_error:
                self.listening_callback_error(msg)
        finally:
            print("Voice thread stopping")
            self.is_listening = False

    def speak(self, text):
        """Speak text aloud using TTS."""
        if not self.voice_enabled:
            return
        if not self.tts_engine:
            return
        threading.Thread(target=self._speak_thread, args=(text,), daemon=True).start()

    def _speak_thread(self, text):
        """Speak in background thread."""
        try:
            self.is_speaking = True
            if self.speaking_callback:
                self.speaking_callback(True)
            self.tts_engine.say(text)
            self.tts_engine.runAndWait()
        except Exception:
            pass
        finally:
            self.is_speaking = False
            if self.speaking_callback:
                self.speaking_callback(False)

    def stop_speaking(self):
        """Stop current speech."""
        try:
            if self.tts_engine:
                self.tts_engine.stop()
        except Exception:
            pass
        self.is_speaking = False

    def set_voice_enabled(self, enabled):
        """Enable or disable voice output."""
        self.voice_enabled = enabled

    def is_voice_available(self):
        """Check if voice libraries are installed."""
        return pyttsx3 is not None and sr is not None


# Singleton voice engine
_voice_engine = None


def get_voice_engine():
    """Get or create the global voice engine."""
    global _voice_engine
    if _voice_engine is None:
        _voice_engine = VoiceEngine()
    return _voice_engine' -> True: search_web, Pred: open_app
2026-07-09 11:00:31,056 - INFO - 
Model saved to: /Applications/XAMPP/xamppfiles/htdocs/SHAKIRA/MR_BRAIN/ml/nlu_model
2026-07-09 11:00:31,056 - INFO - Config saved to: /Applications/XAMPP/xamppfiles/htdocs/SHAKIRA/MR_BRAIN/ml/nlu_model/amazon_config.json
2026-07-09 11:00:31,056 - INFO - History saved to: /Applications/XAMPP/xamppfiles/htdocs/SHAKIRA/MR_BRAIN/ml/nlu_model/training_history.json
2026-07-09 11:00:31,057 - INFO - Training completed at: 2026-07-09 11:00:31.057081
2026-07-09 11:00:31,057 - INFO - ============================================================
2026-07-09 11:00:31,057 - INFO - ✅ Training complete!
2026-07-09 11:05:36,402 - INFO - Using device: cpu
2026-07-09 11:05:36,403 - INFO - ============================================================
2026-07-09 11:05:36,403 - INFO - AMAZON AI - DistilBERT NLU Model Training
2026-07-09 11:05:36,403 - INFO - ============================================================
2026-07-09 11:05:36,403 - INFO - Started at: 2026-07-09 11:05:36.403745
2026-07-09 11:05:36,403 - INFO - Loading dataset from: /Applications/XAMPP/xamppfiles/htdocs/SHAKIRA/MR_BRAIN/learning/auto_training_data.csv
2026-07-09 11:05:36,410 - INFO - Loaded 35 samples, 11 unique intents
2026-07-09 11:05:36,411 - INFO - Intent distribution:
intent
open_app             11
greeting              8
os_command            4
create_folder         2
system_info           2
empty_trash           2
generate_document     2
list_processes        1
search_web            1
create_file           1
follow_up             1
Name: count, dtype: int64
2026-07-09 11:05:36,411 - INFO - Number of unique intents: 11
2026-07-09 11:05:36,411 - INFO - Intents: ['create_file', 'create_folder', 'empty_trash', 'follow_up', 'generate_document', 'greeting', 'list_processes', 'open_app', 'os_command', 'search_web', 'system_info']
2026-07-09 11:05:36,412 - INFO - Label map saved to: /Applications/XAMPP/xamppfiles/htdocs/SHAKIRA/MR_BRAIN/ml/label_map.json
2026-07-09 11:05:36,412 - INFO - Some classes have < 2 samples, using simple split
2026-07-09 11:05:36,413 - INFO - Train: 28 samples
2026-07-09 11:05:36,414 - INFO - Test: 7 samples
2026-07-09 11:05:36,414 - INFO - Loading tokenizer: distilbert-base-uncased
2026-07-09 11:05:40,196 - INFO - Loading model: distilbert-base-uncased (11 classes)
2026-07-09 11:05:41,264 - INFO - Total steps: 20, Warmup steps: 2
2026-07-09 11:05:41,265 - INFO - 
============================================================
2026-07-09 11:05:41,265 - INFO - Training for 10 epochs on cpu
2026-07-09 11:05:41,265 - INFO - Total steps: 20, Warmup: 2
2026-07-09 11:05:41,265 - INFO - ============================================================

2026-07-09 11:05:46,366 - INFO - Epoch 1/10 | Train Loss: 2.3941 | Train Acc: 17.86% | Test Loss: 2.3801 | Test Acc: 28.57%
2026-07-09 11:05:49,634 - INFO -   -> Best model saved (accuracy: 28.57%)
2026-07-09 11:05:56,119 - INFO - Epoch 2/10 | Train Loss: 2.3676 | Train Acc: 25.00% | Test Loss: 2.3467 | Test Acc: 42.86%
2026-07-09 11:05:58,667 - INFO -   -> Best model saved (accuracy: 42.86%)
2026-07-09 11:06:03,320 - INFO - Epoch 3/10 | Train Loss: 2.3653 | Train Acc: 32.14% | Test Loss: 2.3224 | Test Acc: 42.86%
2026-07-09 11:06:07,740 - INFO - Epoch 4/10 | Train Loss: 2.3410 | Train Acc: 17.86% | Test Loss: 2.2994 | Test Acc: 42.86%
2026-07-09 11:06:12,606 - INFO - Epoch 5/10 | Train Loss: 2.3085 | Train Acc: 35.71% | Test Loss: 2.2713 | Test Acc: 42.86%
2026-07-09 11:06:17,439 - INFO - Epoch 6/10 | Train Loss: 2.2793 | Train Acc: 42.86% | Test Loss: 2.2367 | Test Acc: 57.14%
2026-07-09 11:06:19,914 - INFO -   -> Best model saved (accuracy: 57.14%)
2026-07-09 11:06:24,395 - INFO - Epoch 7/10 | Train Loss: 2.2316 | Train Acc: 42.86% | Test Loss: 2.1976 | Test Acc: 57.14%
2026-07-09 11:06:28,785 - INFO - Epoch 8/10 | Train Loss: 2.2068 | Train Acc: 39.29% | Test Loss: 2.1627 | Test Acc: 57.14%
2026-07-09 11:06:33,376 - INFO - Epoch 9/10 | Train Loss: 2.1535 | Train Acc: 50.00% | Test Loss: 2.1396 | Test Acc: 57.14%
2026-07-09 11:06:42,545 - INFO - Epoch 10/10 | Train Loss: 2.1612 | Train Acc: 53.57% | Test Loss: 2.1303 | Test Acc: 57.14%
2026-07-09 11:06:44,813 - INFO - 
============================================================
2026-07-09 11:06:44,813 - INFO - Final Evaluation
2026-07-09 11:06:44,813 - INFO - ============================================================
2026-07-09 11:06:45,107 - INFO - 
Best Accuracy: 57.14%
2026-07-09 11:06:45,108 - INFO - Final Accuracy: 57.14%
2026-07-09 11:06:45,108 - INFO - 
Classification Report:
                   precision    recall  f1-score   support

      empty_trash     0.0000    0.0000    0.0000         1
generate_document     0.0000    0.0000    0.0000         1
         greeting     1.0000    1.0000    1.0000         1
         open_app     0.5000    1.0000    0.6667         3
       os_command     0.0000    0.0000    0.0000         1

         accuracy                         0.5714         7
        macro avg     0.3000    0.4000    0.3333         7
     weighted avg     0.3571    0.5714    0.4286         7

2026-07-09 11:06:45,112 - INFO - 
Confusion Matrix:
[[0 0 0 1 0]
 [0 0 0 1 0]
 [0 0 1 0 0]
 [0 0 0 3 0]
 [0 0 0 1 0]]
2026-07-09 11:06:45,112 - INFO - 
Misclassified examples (3):
2026-07-09 11:06:45,112 - INFO -   Text: 'empty my trash and let me comfirm' -> True: empty_trash, Pred: open_app
2026-07-09 11:06:45,112 - INFO -   Text: 'lists installed applications' -> True: os_command, Pred: open_app
2026-07-09 11:06:45,112 - INFO -   Text: 'create excel file' -> True: generate_document, Pred: open_app
2026-07-09 11:06:45,114 - INFO - 
Model saved to: /Applications/XAMPP/xamppfiles/htdocs/SHAKIRA/MR_BRAIN/ml/nlu_model
2026-07-09 11:06:45,115 - INFO - Config saved to: /Applications/XAMPP/xamppfiles/htdocs/SHAKIRA/MR_BRAIN/ml/nlu_model/amazon_config.json
2026-07-09 11:06:45,115 - INFO - History saved to: /Applications/XAMPP/xamppfiles/htdocs/SHAKIRA/MR_BRAIN/ml/nlu_model/training_history.json
2026-07-09 11:06:45,115 - INFO - Training completed at: 2026-07-09 11:06:45.115237
2026-07-09 11:06:45,115 - INFO - ============================================================
2026-07-09 11:06:45,115 - INFO - ✅ Training complete!
2026-07-09 11:19:16,082 - INFO - Using device: cpu
2026-07-09 11:19:16,083 - INFO - ============================================================
2026-07-09 11:19:16,083 - INFO - AMAZON AI - DistilBERT NLU Model Training
2026-07-09 11:19:16,083 - INFO - ============================================================
2026-07-09 11:19:16,083 - INFO - Started at: 2026-07-09 11:19:16.083553
2026-07-09 11:19:16,083 - INFO - Loading dataset from: /Applications/XAMPP/xamppfiles/htdocs/SHAKIRA/MR_BRAIN/learning/auto_training_data.csv
2026-07-09 11:19:16,089 - INFO - Loaded 35 samples, 11 unique intents
2026-07-09 11:19:16,090 - INFO - Intent distribution:
intent
open_app             11
greeting              8
os_command            4
create_folder         2
system_info           2
empty_trash           2
generate_document     2
list_processes        1
search_web            1
create_file           1
follow_up             1
Name: count, dtype: int64
2026-07-09 11:19:16,091 - INFO - Number of unique intents: 11
2026-07-09 11:19:16,091 - INFO - Intents: ['create_file', 'create_folder', 'empty_trash', 'follow_up', 'generate_document', 'greeting', 'list_processes', 'open_app', 'os_command', 'search_web', 'system_info']
2026-07-09 11:19:16,092 - INFO - Label map saved to: /Applications/XAMPP/xamppfiles/htdocs/SHAKIRA/MR_BRAIN/ml/label_map.json
2026-07-09 11:19:16,092 - INFO - Some classes have < 2 samples, using simple split
2026-07-09 11:19:16,093 - INFO - Train: 28 samples
2026-07-09 11:19:16,093 - INFO - Test: 7 samples
2026-07-09 11:19:16,093 - INFO - Loading tokenizer: distilbert-base-uncased
2026-07-09 11:19:19,321 - INFO - Loading model: distilbert-base-uncased (11 classes)
2026-07-09 11:19:20,366 - INFO - Total steps: 20, Warmup steps: 2
2026-07-09 11:19:20,367 - INFO - 
============================================================
2026-07-09 11:19:20,367 - INFO - Training for 10 epochs on cpu
2026-07-09 11:19:20,367 - INFO - Total steps: 20, Warmup: 2
2026-07-09 11:19:20,367 - INFO - ============================================================

2026-07-09 11:19:26,205 - INFO - Epoch 1/10 | Train Loss: 2.3941 | Train Acc: 17.86% | Test Loss: 2.3801 | Test Acc: 28.57%
2026-07-09 11:19:29,179 - INFO -   -> Best model saved (accuracy: 28.57%)
2026-07-09 11:19:35,445 - INFO - Epoch 2/10 | Train Loss: 2.3676 | Train Acc: 25.00% | Test Loss: 2.3467 | Test Acc: 42.86%
2026-07-09 11:19:38,186 - INFO -   -> Best model saved (accuracy: 42.86%)
2026-07-09 11:19:43,988 - INFO - Epoch 3/10 | Train Loss: 2.3653 | Train Acc: 32.14% | Test Loss: 2.3224 | Test Acc: 42.86%
2026-07-09 11:19:49,424 - INFO - Epoch 4/10 | Train Loss: 2.3410 | Train Acc: 17.86% | Test Loss: 2.2994 | Test Acc: 42.86%
2026-07-09 11:19:54,878 - INFO - Epoch 5/10 | Train Loss: 2.3085 | Train Acc: 35.71% | Test Loss: 2.2713 | Test Acc: 42.86%
2026-07-09 11:20:00,475 - INFO - Epoch 6/10 | Train Loss: 2.2793 | Train Acc: 42.86% | Test Loss: 2.2367 | Test Acc: 57.14%
2026-07-09 11:20:02,772 - INFO -   -> Best model saved (accuracy: 57.14%)
2026-07-09 11:20:07,400 - INFO - Epoch 7/10 | Train Loss: 2.2316 | Train Acc: 42.86% | Test Loss: 2.1976 | Test Acc: 57.14%
2026-07-09 11:20:11,858 - INFO - Epoch 8/10 | Train Loss: 2.2068 | Train Acc: 39.29% | Test Loss: 2.1627 | Test Acc: 57.14%
2026-07-09 11:20:16,698 - INFO - Epoch 9/10 | Train Loss: 2.1535 | Train Acc: 50.00% | Test Loss: 2.1396 | Test Acc: 57.14%
2026-07-09 11:20:21,423 - INFO - Epoch 10/10 | Train Loss: 2.1612 | Train Acc: 53.57% | Test Loss: 2.1303 | Test Acc: 57.14%
2026-07-09 11:20:23,304 - INFO - 
============================================================
2026-07-09 11:20:23,305 - INFO - Final Evaluation
2026-07-09 11:20:23,305 - INFO - ============================================================
2026-07-09 11:20:23,479 - INFO - 
Best Accuracy: 57.14%
2026-07-09 11:20:23,479 - INFO - Final Accuracy: 57.14%
2026-07-09 11:20:23,479 - INFO - 
Classification Report:
                   precision    recall  f1-score   support

      empty_trash     0.0000    0.0000    0.0000         1
generate_document     0.0000    0.0000    0.0000         1
         greeting     1.0000    1.0000    1.0000         1
         open_app     0.5000    1.0000    0.6667         3
       os_command     0.0000    0.0000    0.0000         1

         accuracy                         0.5714         7
        macro avg     0.3000    0.4000    0.3333         7
     weighted avg     0.3571    0.5714    0.4286         7

2026-07-09 11:20:23,481 - INFO - 
Confusion Matrix:
[[0 0 0 1 0]
 [0 0 0 1 0]
 [0 0 1 0 0]
 [0 0 0 3 0]
 [0 0 0 1 0]]
2026-07-09 11:20:23,481 - INFO - 
Misclassified examples (3):
2026-07-09 11:20:23,481 - INFO -   Text: 'empty my trash and let me comfirm' -> True: empty_trash, Pred: open_app
2026-07-09 11:20:23,481 - INFO -   Text: 'lists installed applications' -> True: os_command, Pred: open_app
2026-07-09 11:20:23,481 - INFO -   Text: 'create excel file' -> True: generate_document, Pred: open_app
2026-07-09 11:20:23,483 - INFO - 
Model saved to: /Applications/XAMPP/xamppfiles/htdocs/SHAKIRA/MR_BRAIN/ml/nlu_model
2026-07-09 11:20:23,483 - INFO - Config saved to: /Applications/XAMPP/xamppfiles/htdocs/SHAKIRA/MR_BRAIN/ml/nlu_model/amazon_config.json
2026-07-09 11:20:23,483 - INFO - History saved to: /Applications/XAMPP/xamppfiles/htdocs/SHAKIRA/MR_BRAIN/ml/nlu_model/training_history.json
2026-07-09 11:20:23,483 - INFO - Training completed at: 2026-07-09 11:20:23.483733
2026-07-09 11:20:23,483 - INFO - ============================================================
2026-07-09 11:20:23,483 - INFO - ✅ Training complete!
2026-07-09 11:27:40,935 - INFO - Using device: cpu
2026-07-09 11:27:40,935 - INFO - ============================================================
2026-07-09 11:27:40,935 - INFO - AMAZON AI - DistilBERT NLU Model Training
2026-07-09 11:27:40,936 - INFO - ============================================================
2026-07-09 11:27:40,936 - INFO - Started at: 2026-07-09 11:27:40.936105
2026-07-09 11:27:40,936 - INFO - Loading dataset from: /Applications/XAMPP/xamppfiles/htdocs/SHAKIRA/MR_BRAIN/learning/auto_training_data.csv
2026-07-09 11:27:40,943 - INFO - Loaded 35 samples, 11 unique intents
2026-07-09 11:27:40,944 - INFO - Intent distribution:
intent
open_app             11
greeting              8
os_command            4
create_folder         2
system_info           2
empty_trash           2
generate_document     2
list_processes        1
search_web            1
create_file           1
follow_up             1
Name: count, dtype: int64
2026-07-09 11:27:40,944 - INFO - Number of unique intents: 11
2026-07-09 11:27:40,944 - INFO - Intents: ['create_file', 'create_folder', 'empty_trash', 'follow_up', 'generate_document', 'greeting', 'list_processes', 'open_app', 'os_command', 'search_web', 'system_info']
2026-07-09 11:27:40,945 - INFO - Label map saved to: /Applications/XAMPP/xamppfiles/htdocs/SHAKIRA/MR_BRAIN/ml/label_map.json
2026-07-09 11:27:40,946 - INFO - Some classes have < 2 samples, using simple split
2026-07-09 11:27:40,947 - INFO - Train: 28 samples
2026-07-09 11:27:40,947 - INFO - Test: 7 samples
2026-07-09 11:27:40,947 - INFO - Loading tokenizer: distilbert-base-uncased
2026-07-09 11:27:43,357 - INFO - Loading model: distilbert-base-uncased (11 classes)
2026-07-09 11:27:44,224 - INFO - Total steps: 20, Warmup steps: 2
2026-07-09 11:27:44,224 - INFO - 
============================================================
2026-07-09 11:27:44,224 - INFO - Training for 10 epochs on cpu
2026-07-09 11:27:44,224 - INFO - Total steps: 20, Warmup: 2
2026-07-09 11:27:44,224 - INFO - ============================================================

2026-07-09 11:27:48,719 - INFO - Epoch 1/10 | Train Loss: 2.3941 | Train Acc: 17.86% | Test Loss: 2.3801 | Test Acc: 28.57%
2026-07-09 11:27:51,423 - INFO -   -> Best model saved (accuracy: 28.57%)
2026-07-09 11:27:57,848 - INFO - Epoch 2/10 | Train Loss: 2.3676 | Train Acc: 25.00% | Test Loss: 2.3467 | Test Acc: 42.86%
2026-07-09 11:28:00,215 - INFO -   -> Best model saved (accuracy: 42.86%)
2026-07-09 11:28:05,809 - INFO - Epoch 3/10 | Train Loss: 2.3653 | Train Acc: 32.14% | Test Loss: 2.3224 | Test Acc: 42.86%
2026-07-09 11:28:11,250 - INFO - Epoch 4/10 | Train Loss: 2.3410 | Train Acc: 17.86% | Test Loss: 2.2994 | Test Acc: 42.86%
2026-07-09 11:28:16,806 - INFO - Epoch 5/10 | Train Loss: 2.3085 | Train Acc: 35.71% | Test Loss: 2.2713 | Test Acc: 42.86%
2026-07-09 11:28:22,408 - INFO - Epoch 6/10 | Train Loss: 2.2793 | Train Acc: 42.86% | Test Loss: 2.2367 | Test Acc: 57.14%
2026-07-09 11:28:25,084 - INFO -   -> Best model saved (accuracy: 57.14%)
2026-07-09 11:28:31,647 - INFO - Epoch 7/10 | Train Loss: 2.2316 | Train Acc: 42.86% | Test Loss: 2.1976 | Test Acc: 57.14%
2026-07-09 11:28:37,187 - INFO - Epoch 8/10 | Train Loss: 2.2068 | Train Acc: 39.29% | Test Loss: 2.1627 | Test Acc: 57.14%
2026-07-09 11:28:43,042 - INFO - Epoch 9/10 | Train Loss: 2.1535 | Train Acc: 50.00% | Test Loss: 2.1396 | Test Acc: 57.14%
2026-07-09 11:28:48,886 - INFO - Epoch 10/10 | Train Loss: 2.1612 | Train Acc: 53.57% | Test Loss: 2.1303 | Test Acc: 57.14%
2026-07-09 11:28:51,226 - INFO - 
============================================================
2026-07-09 11:28:51,226 - INFO - Final Evaluation
2026-07-09 11:28:51,226 - INFO - ============================================================
2026-07-09 11:28:51,521 - INFO - 
Best Accuracy: 57.14%
2026-07-09 11:28:51,522 - INFO - Final Accuracy: 57.14%
2026-07-09 11:28:51,522 - INFO - 
Classification Report:
                   precision    recall  f1-score   support

      empty_trash     0.0000    0.0000    0.0000         1
generate_document     0.0000    0.0000    0.0000         1
         greeting     1.0000    1.0000    1.0000         1
         open_app     0.5000    1.0000    0.6667         3
       os_command     0.0000    0.0000    0.0000         1

         accuracy                         0.5714         7
        macro avg     0.3000    0.4000    0.3333         7
     weighted avg     0.3571    0.5714    0.4286         7

2026-07-09 11:28:51,524 - INFO - 
Confusion Matrix:
[[0 0 0 1 0]
 [0 0 0 1 0]
 [0 0 1 0 0]
 [0 0 0 3 0]
 [0 0 0 1 0]]
2026-07-09 11:28:51,524 - INFO - 
Misclassified examples (3):
2026-07-09 11:28:51,524 - INFO -   Text: 'empty my trash and let me comfirm' -> True: empty_trash, Pred: open_app
2026-07-09 11:28:51,524 - INFO -   Text: 'lists installed applications' -> True: os_command, Pred: open_app
2026-07-09 11:28:51,524 - INFO -   Text: 'create excel file' -> True: generate_document, Pred: open_app
2026-07-09 11:28:51,527 - INFO - 
Model saved to: /Applications/XAMPP/xamppfiles/htdocs/SHAKIRA/MR_BRAIN/ml/nlu_model
2026-07-09 11:28:51,527 - INFO - Config saved to: /Applications/XAMPP/xamppfiles/htdocs/SHAKIRA/MR_BRAIN/ml/nlu_model/amazon_config.json
2026-07-09 11:28:51,527 - INFO - History saved to: /Applications/XAMPP/xamppfiles/htdocs/SHAKIRA/MR_BRAIN/ml/nlu_model/training_history.json
2026-07-09 11:28:51,527 - INFO - Training completed at: 2026-07-09 11:28:51.527624
2026-07-09 11:28:51,527 - INFO - ============================================================
2026-07-09 11:28:51,527 - INFO - ✅ Training complete!
2026-07-09 12:28:44,912 - INFO - Using device: cpu
2026-07-09 12:28:44,912 - INFO - ============================================================
2026-07-09 12:28:44,912 - INFO - AMAZON AI - DistilBERT NLU Model Training
2026-07-09 12:28:44,912 - INFO - ============================================================
2026-07-09 12:28:44,912 - INFO - Started at: 2026-07-09 12:28:44.912982
2026-07-09 12:28:44,913 - INFO - Loading dataset from: /Applications/XAMPP/xamppfiles/htdocs/SHAKIRA/MR_BRAIN/learning/auto_training_data.csv
2026-07-09 12:28:44,919 - INFO - Loaded 35 samples, 11 unique intents
2026-07-09 12:28:44,921 - INFO - Intent distribution:
intent
open_app             11
greeting              8
os_command            4
create_folder         2
system_info           2
empty_trash           2
generate_document     2
list_processes        1
search_web            1
create_file           1
follow_up             1
Name: count, dtype: int64
2026-07-09 12:28:44,921 - INFO - Number of unique intents: 11
2026-07-09 12:28:44,921 - INFO - Intents: ['create_file', 'create_folder', 'empty_trash', 'follow_up', 'generate_document', 'greeting', 'list_processes', 'open_app', 'os_command', 'search_web', 'system_info']
2026-07-09 12:28:44,923 - INFO - Label map saved to: /Applications/XAMPP/xamppfiles/htdocs/SHAKIRA/MR_BRAIN/ml/label_map.json
2026-07-09 12:28:44,923 - INFO - Some classes have < 2 samples, using simple split
2026-07-09 12:28:44,924 - INFO - Train: 28 samples
2026-07-09 12:28:44,924 - INFO - Test: 7 samples
2026-07-09 12:28:44,924 - INFO - Loading tokenizer: distilbert-base-uncased
2026-07-09 12:29:06,951 - INFO - Loading model: distilbert-base-uncased (11 classes)
2026-07-09 12:29:11,472 - INFO - Total steps: 20, Warmup steps: 2
2026-07-09 12:29:11,472 - INFO - 
============================================================
2026-07-09 12:29:11,472 - INFO - Training for 10 epochs on cpu
2026-07-09 12:29:11,472 - INFO - Total steps: 20, Warmup: 2
2026-07-09 12:29:11,472 - INFO - ============================================================

2026-07-09 12:29:16,893 - INFO - Epoch 1/10 | Train Loss: 2.3941 | Train Acc: 17.86% | Test Loss: 2.3801 | Test Acc: 28.57%
2026-07-09 12:29:19,884 - INFO -   -> Best model saved (accuracy: 28.57%)
2026-07-09 12:29:25,296 - INFO - Epoch 2/10 | Train Loss: 2.3676 | Train Acc: 25.00% | Test Loss: 2.3467 | Test Acc: 42.86%
2026-07-09 12:29:27,852 - INFO -   -> Best model saved (accuracy: 42.86%)
2026-07-09 12:29:33,016 - INFO - Epoch 3/10 | Train Loss: 2.3653 | Train Acc: 32.14% | Test Loss: 2.3224 | Test Acc: 42.86%
2026-07-09 12:29:38,208 - INFO - Epoch 4/10 | Train Loss: 2.3410 | Train Acc: 17.86% | Test Loss: 2.2994 | Test Acc: 42.86%
2026-07-09 12:29:43,106 - INFO - Epoch 5/10 | Train Loss: 2.3085 | Train Acc: 35.71% | Test Loss: 2.2713 | Test Acc: 42.86%
2026-07-09 12:29:48,452 - INFO - Epoch 6/10 | Train Loss: 2.2793 | Train Acc: 42.86% | Test Loss: 2.2367 | Test Acc: 57.14%
2026-07-09 12:29:50,796 - INFO -   -> Best model saved (accuracy: 57.14%)
2026-07-09 12:29:55,415 - INFO - Epoch 7/10 | Train Loss: 2.2316 | Train Acc: 42.86% | Test Loss: 2.1976 | Test Acc: 57.14%
2026-07-09 12:30:01,073 - INFO - Epoch 8/10 | Train Loss: 2.2068 | Train Acc: 39.29% | Test Loss: 2.1627 | Test Acc: 57.14%
2026-07-09 12:30:06,329 - INFO - Epoch 9/10 | Train Loss: 2.1535 | Train Acc: 50.00% | Test Loss: 2.1396 | Test Acc: 57.14%
2026-07-09 12:30:11,202 - INFO - Epoch 10/10 | Train Loss: 2.1612 | Train Acc: 53.57% | Test Loss: 2.1303 | Test Acc: 57.14%
2026-07-09 12:30:13,043 - INFO - 
============================================================
2026-07-09 12:30:13,043 - INFO - Final Evaluation
2026-07-09 12:30:13,044 - INFO - ============================================================
2026-07-09 12:30:13,225 - INFO - 
Best Accuracy: 57.14%
2026-07-09 12:30:13,225 - INFO - Final Accuracy: 57.14%
2026-07-09 12:30:13,225 - INFO - 
Classification Report:
                   precision    recall  f1-score   support

      empty_trash     0.0000    0.0000    0.0000         1
generate_document     0.0000    0.0000    0.0000         1
         greeting     1.0000    1.0000    1.0000         1
         open_app     0.5000    1.0000    0.6667         3
       os_command     0.0000    0.0000    0.0000         1

         accuracy                         0.5714         7
        macro avg     0.3000    0.4000    0.3333         7
     weighted avg     0.3571    0.5714    0.4286         7

2026-07-09 12:30:13,228 - INFO - 
Confusion Matrix:
[[0 0 0 1 0]
 [0 0 0 1 0]
 [0 0 1 0 0]
 [0 0 0 3 0]
 [0 0 0 1 0]]
2026-07-09 12:30:13,228 - INFO - 
Misclassified examples (3):
2026-07-09 12:30:13,228 - INFO -   Text: 'empty my trash and let me comfirm' -> True: empty_trash, Pred: open_app
2026-07-09 12:30:13,228 - INFO -   Text: 'lists installed applications' -> True: os_command, Pred: open_app
2026-07-09 12:30:13,228 - INFO -   Text: 'create excel file' -> True: generate_document, Pred: open_app
2026-07-09 12:30:13,231 - INFO - 
Model saved to: /Applications/XAMPP/xamppfiles/htdocs/SHAKIRA/MR_BRAIN/ml/nlu_model
2026-07-09 12:30:13,231 - INFO - Config saved to: /Applications/XAMPP/xamppfiles/htdocs/SHAKIRA/MR_BRAIN/ml/nlu_model/amazon_config.json
2026-07-09 12:30:13,231 - INFO - History saved to: /Applications/XAMPP/xamppfiles/htdocs/SHAKIRA/MR_BRAIN/ml/nlu_model/training_history.json
2026-07-09 12:30:13,232 - INFO - Training completed at: 2026-07-09 12:30:13.232087
2026-07-09 12:30:13,232 - INFO - ============================================================
2026-07-09 12:30:13,232 - INFO - ✅ Training complete!
2026-07-09 12:35:55,654 - INFO - Using device: cpu
2026-07-09 12:35:55,654 - INFO - ============================================================
2026-07-09 12:35:55,655 - INFO - AMAZON AI - DistilBERT NLU Model Training
2026-07-09 12:35:55,655 - INFO - ============================================================
2026-07-09 12:35:55,655 - INFO - Started at: 2026-07-09 12:35:55.655265
2026-07-09 12:35:55,655 - INFO - Loading dataset from: /Applications/XAMPP/xamppfiles/htdocs/SHAKIRA/MR_BRAIN/learning/auto_training_data.csv
2026-07-09 12:35:55,662 - INFO - Loaded 30 samples, 11 unique intents
2026-07-09 12:35:55,663 - INFO - Intent distribution:
intent
open_app             10
greeting              5
os_command            4
system_info           2
empty_trash           2
generate_document     2
list_processes        1
search_web            1
create_file           1
create_folder         1
follow_up             1
Name: count, dtype: int64
2026-07-09 12:35:55,663 - INFO - Number of unique intents: 11
2026-07-09 12:35:55,664 - INFO - Intents: ['create_file', 'create_folder', 'empty_trash', 'follow_up', 'generate_document', 'greeting', 'list_processes', 'open_app', 'os_command', 'search_web', 'system_info']
2026-07-09 12:35:55,665 - INFO - Label map saved to: /Applications/XAMPP/xamppfiles/htdocs/SHAKIRA/MR_BRAIN/ml/label_map.json
2026-07-09 12:35:55,665 - INFO - Some classes have < 2 samples, using simple split
2026-07-09 12:35:55,666 - INFO - Train: 24 samples
2026-07-09 12:35:55,666 - INFO - Test: 6 samples
2026-07-09 12:35:55,666 - INFO - Loading tokenizer: distilbert-base-uncased
2026-07-09 12:35:58,518 - INFO - Loading model: distilbert-base-uncased (11 classes)
2026-07-09 12:35:59,434 - INFO - Total steps: 20, Warmup steps: 2
2026-07-09 12:35:59,435 - INFO - 
============================================================
2026-07-09 12:35:59,435 - INFO - Training for 10 epochs on cpu
2026-07-09 12:35:59,435 - INFO - Total steps: 20, Warmup: 2
2026-07-09 12:35:59,435 - INFO - ============================================================

2026-07-09 12:36:03,197 - INFO - Epoch 1/10 | Train Loss: 2.3721 | Train Acc: 16.67% | Test Loss: 2.3877 | Test Acc: 0.00%
2026-07-09 12:36:08,966 - INFO - Epoch 2/10 | Train Loss: 2.3886 | Train Acc: 8.33% | Test Loss: 2.3694 | Test Acc: 16.67%
2026-07-09 12:36:12,007 - INFO -   -> Best model saved (accuracy: 16.67%)
2026-07-09 12:36:17,038 - INFO - Epoch 3/10 | Train Loss: 2.3453 | Train Acc: 33.33% | Test Loss: 2.3554 | Test Acc: 16.67%
2026-07-09 12:36:21,751 - INFO - Epoch 4/10 | Train Loss: 2.2904 | Train Acc: 37.50% | Test Loss: 2.3378 | Test Acc: 16.67%
2026-07-09 12:36:26,497 - INFO - Epoch 5/10 | Train Loss: 2.2432 | Train Acc: 37.50% | Test Loss: 2.3148 | Test Acc: 16.67%
2026-07-09 12:36:30,902 - INFO - Epoch 6/10 | Train Loss: 2.1941 | Train Acc: 37.50% | Test Loss: 2.2924 | Test Acc: 16.67%
2026-07-09 12:36:35,268 - INFO - Epoch 7/10 | Train Loss: 2.1209 | Train Acc: 37.50% | Test Loss: 2.2736 | Test Acc: 16.67%
2026-07-09 12:36:40,770 - INFO - Epoch 8/10 | Train Loss: 2.1141 | Train Acc: 37.50% | Test Loss: 2.2612 | Test Acc: 16.67%
2026-07-09 12:36:46,669 - INFO - Epoch 9/10 | Train Loss: 2.0725 | Train Acc: 37.50% | Test Loss: 2.2538 | Test Acc: 16.67%
2026-07-09 12:36:51,684 - INFO - Epoch 10/10 | Train Loss: 2.0811 | Train Acc: 37.50% | Test Loss: 2.2506 | Test Acc: 16.67%
2026-07-09 12:36:53,556 - INFO - 
============================================================
2026-07-09 12:36:53,557 - INFO - Final Evaluation
2026-07-09 12:36:53,557 - INFO - ============================================================
2026-07-09 12:36:53,737 - INFO - 
Best Accuracy: 16.67%
2026-07-09 12:36:53,738 - INFO - Final Accuracy: 16.67%
2026-07-09 12:36:53,738 - INFO - 
Classification Report:
                   precision    recall  f1-score   support

      empty_trash     0.0000    0.0000    0.0000         1
        follow_up     0.0000    0.0000    0.0000         1
generate_document     0.0000    0.0000    0.0000         1
         greeting     0.0000    0.0000    0.0000         1
         open_app     0.1667    1.0000    0.2857         1
       os_command     0.0000    0.0000    0.0000         1

         accuracy                         0.1667         6
        macro avg     0.0278    0.1667    0.0476         6
     weighted avg     0.0278    0.1667    0.0476         6

2026-07-09 12:36:53,739 - INFO - 
Confusion Matrix:
[[0 0 0 0 1 0]
 [0 0 0 0 1 0]
 [0 0 0 0 1 0]
 [0 0 0 0 1 0]
 [0 0 0 0 1 0]
 [0 0 0 0 1 0]]
2026-07-09 12:36:53,740 - INFO - 
Misclassified examples (5):
2026-07-09 12:36:53,740 - INFO -   Text: 'yes' -> True: follow_up, Pred: open_app
2026-07-09 12:36:53,740 - INFO -   Text: 'hello' -> True: greeting, Pred: open_app
2026-07-09 12:36:53,740 - INFO -   Text: 'List processes' -> True: os_command, Pred: open_app
2026-07-09 12:36:53,740 - INFO -   Text: 'make excel sheet about budget' -> True: generate_document, Pred: open_app
2026-07-09 12:36:53,740 - INFO -   Text: 'empty my trash and let me comfirm' -> True: empty_trash, Pred: open_app
2026-07-09 12:36:53,742 - INFO - 
Model saved to: /Applications/XAMPP/xamppfiles/htdocs/SHAKIRA/MR_BRAIN/ml/nlu_model
2026-07-09 12:36:53,742 - INFO - Config saved to: /Applications/XAMPP/xamppfiles/htdocs/SHAKIRA/MR_BRAIN/ml/nlu_model/amazon_config.json
2026-07-09 12:36:53,742 - INFO - History saved to: /Applications/XAMPP/xamppfiles/htdocs/SHAKIRA/MR_BRAIN/ml/nlu_model/training_history.json
2026-07-09 12:36:53,742 - INFO - Training completed at: 2026-07-09 12:36:53.742615
2026-07-09 12:36:53,742 - INFO - ============================================================
2026-07-09 12:36:53,742 - INFO - ✅ Training complete!
2026-07-09 13:39:00,945 - INFO - Using device: cpu
2026-07-09 13:39:00,945 - INFO - ============================================================
2026-07-09 13:39:00,945 - INFO - AMAZON AI - DistilBERT NLU Model Training
2026-07-09 13:39:00,945 - INFO - ============================================================
2026-07-09 13:39:00,945 - INFO - Started at: 2026-07-09 13:39:00.945978
2026-07-09 13:39:00,946 - INFO - Loading dataset from: /Applications/XAMPP/xamppfiles/htdocs/SHAKIRA/MR_BRAIN/learning/auto_training_data.csv
2026-07-09 13:39:00,952 - INFO - Loaded 31 samples, 12 unique intents
2026-07-09 13:39:00,953 - INFO - Intent distribution:
intent
open_app             10
greeting              5
os_command            4
system_info           2
empty_trash           2
generate_document     2
list_processes        1
search_web            1
create_file           1
create_folder         1
follow_up             1
gpt_chat              1
Name: count, dtype: int64
2026-07-09 13:39:00,954 - INFO - Number of unique intents: 12
2026-07-09 13:39:00,954 - INFO - Intents: ['create_file', 'create_folder', 'empty_trash', 'follow_up', 'generate_document', 'gpt_chat', 'greeting', 'list_processes', 'open_app', 'os_command', 'search_web', 'system_info']
2026-07-09 13:39:00,955 - INFO - Label map saved to: /Applications/XAMPP/xamppfiles/htdocs/SHAKIRA/MR_BRAIN/ml/label_map.json
2026-07-09 13:39:00,955 - INFO - Some classes have < 2 samples, using simple split
2026-07-09 13:39:00,957 - INFO - Train: 24 samples
2026-07-09 13:39:00,957 - INFO - Test: 7 samples
2026-07-09 13:39:00,957 - INFO - Loading tokenizer: distilbert-base-uncased
2026-07-09 13:39:04,617 - INFO - Loading model: distilbert-base-uncased (12 classes)
2026-07-09 13:39:05,828 - INFO - Total steps: 20, Warmup steps: 2
2026-07-09 13:39:05,829 - INFO - 
============================================================
2026-07-09 13:39:05,829 - INFO - Training for 10 epochs on cpu
2026-07-09 13:39:05,829 - INFO - Total steps: 20, Warmup: 2
2026-07-09 13:39:05,829 - INFO - ============================================================

2026-07-09 13:39:10,308 - INFO - Epoch 1/10 | Train Loss: 2.5416 | Train Acc: 4.17% | Test Loss: 2.4909 | Test Acc: 28.57%
2026-07-09 13:39:13,215 - INFO -   -> Best model saved (accuracy: 28.57%)
2026-07-09 13:39:18,534 - INFO - Epoch 2/10 | Train Loss: 2.5078 | Train Acc: 12.50% | Test Loss: 2.4438 | Test Acc: 28.57%
2026-07-09 13:39:23,618 - INFO - Epoch 3/10 | Train Loss: 2.4519 | Train Acc: 16.67% | Test Loss: 2.4033 | Test Acc: 42.86%
2026-07-09 13:39:26,153 - INFO -   -> Best model saved (accuracy: 42.86%)
2026-07-09 13:39:31,544 - INFO - Epoch 4/10 | Train Loss: 2.3824 | Train Acc: 37.50% | Test Loss: 2.3567 | Test Acc: 57.14%
2026-07-09 13:39:34,111 - INFO -   -> Best model saved (accuracy: 57.14%)
2026-07-09 13:39:38,888 - INFO - Epoch 5/10 | Train Loss: 2.3268 | Train Acc: 50.00% | Test Loss: 2.3114 | Test Acc: 57.14%
2026-07-09 13:39:43,646 - INFO - Epoch 6/10 | Train Loss: 2.2372 | Train Acc: 62.50% | Test Loss: 2.2723 | Test Acc: 57.14%
2026-07-09 13:39:48,353 - INFO - Epoch 7/10 | Train Loss: 2.2076 | Train Acc: 58.33% | Test Loss: 2.2439 | Test Acc: 57.14%
2026-07-09 13:39:53,617 - INFO - Epoch 8/10 | Train Loss: 2.1923 | Train Acc: 50.00% | Test Loss: 2.2254 | Test Acc: 42.86%
2026-07-09 13:39:58,437 - INFO - Epoch 9/10 | Train Loss: 2.1195 | Train Acc: 54.17% | Test Loss: 2.2136 | Test Acc: 42.86%
2026-07-09 13:40:04,408 - INFO - Epoch 10/10 | Train Loss: 2.1476 | Train Acc: 54.17% | Test Loss: 2.2084 | Test Acc: 42.86%
2026-07-09 13:40:06,392 - INFO - Early stopping at epoch 10 - no improvement in last 3 epochs
2026-07-09 13:40:06,392 - INFO - 
============================================================
2026-07-09 13:40:06,392 - INFO - Final Evaluation
2026-07-09 13:40:06,392 - INFO - ============================================================
2026-07-09 13:40:06,591 - INFO - 
Best Accuracy: 57.14%
2026-07-09 13:40:06,591 - INFO - Final Accuracy: 42.86%
2026-07-09 13:40:06,591 - INFO - 
Classification Report:
                   precision    recall  f1-score   support

      empty_trash     0.0000    0.0000    0.0000         1
        follow_up     0.0000    0.0000    0.0000         1
generate_document     0.0000    0.0000    0.0000         1
         greeting     0.5000    1.0000    0.6667         1
         open_app     0.5000    1.0000    0.6667         2
       os_command     0.0000    0.0000    0.0000         1

         accuracy                         0.4286         7
        macro avg     0.1667    0.3333    0.2222         7
     weighted avg     0.2143    0.4286    0.2857         7

2026-07-09 13:40:06,593 - INFO - 
Confusion Matrix:
[[0 0 0 0 0 1]
 [0 0 0 1 0 0]
 [0 0 0 0 1 0]
 [0 0 0 1 0 0]
 [0 0 0 0 2 0]
 [0 0 0 0 1 0]]
2026-07-09 13:40:06,593 - INFO - 
Misclassified examples (4):
2026-07-09 13:40:06,593 - INFO -   Text: 'yes' -> True: follow_up, Pred: greeting
2026-07-09 13:40:06,594 - INFO -   Text: 'List processes' -> True: os_command, Pred: open_app
2026-07-09 13:40:06,594 - INFO -   Text: 'make excel sheet about budget' -> True: generate_document, Pred: open_app
2026-07-09 13:40:06,594 - INFO -   Text: 'empty my trash and let me comfirm' -> True: empty_trash, Pred: os_command
2026-07-09 13:40:06,596 - INFO - 
Model saved to: /Applications/XAMPP/xamppfiles/htdocs/SHAKIRA/MR_BRAIN/ml/nlu_model
2026-07-09 13:40:06,596 - INFO - Config saved to: /Applications/XAMPP/xamppfiles/htdocs/SHAKIRA/MR_BRAIN/ml/nlu_model/amazon_config.json
2026-07-09 13:40:06,596 - INFO - History saved to: /Applications/XAMPP/xamppfiles/htdocs/SHAKIRA/MR_BRAIN/ml/nlu_model/training_history.json
2026-07-09 13:40:06,596 - INFO - Training completed at: 2026-07-09 13:40:06.596902
2026-07-09 13:40:06,597 - INFO - ============================================================
2026-07-09 13:40:06,597 - INFO - ✅ Training complete!
2026-07-09 13:50:20,908 - INFO - Using device: cpu
2026-07-09 13:50:20,908 - INFO - ============================================================
2026-07-09 13:50:20,908 - INFO - AMAZON AI - DistilBERT NLU Model Training
2026-07-09 13:50:20,909 - INFO - ============================================================
2026-07-09 13:50:20,909 - INFO - Started at: 2026-07-09 13:50:20.909119
2026-07-09 13:50:20,909 - INFO - Loading dataset from: /Applications/XAMPP/xamppfiles/htdocs/SHAKIRA/MR_BRAIN/learning/auto_training_data.csv
2026-07-09 13:50:20,915 - INFO - Loaded 31 samples, 12 unique intents
2026-07-09 13:50:20,917 - INFO - Intent distribution:
intent
open_app             10
greeting              5
os_command            4
system_info           2
empty_trash           2
generate_document     2
list_processes        1
search_web            1
create_file           1
create_folder         1
follow_up             1
gpt_chat              1
Name: count, dtype: int64
2026-07-09 13:50:20,917 - INFO - Number of unique intents: 12
2026-07-09 13:50:20,917 - INFO - Intents: ['create_file', 'create_folder', 'empty_trash', 'follow_up', 'generate_document', 'gpt_chat', 'greeting', 'list_processes', 'open_app', 'os_command', 'search_web', 'system_info']
2026-07-09 13:50:20,918 - INFO - Label map saved to: /Applications/XAMPP/xamppfiles/htdocs/SHAKIRA/MR_BRAIN/ml/label_map.json
2026-07-09 13:50:20,918 - INFO - Some classes have < 2 samples, using simple split
2026-07-09 13:50:20,920 - INFO - Train: 24 samples
2026-07-09 13:50:20,920 - INFO - Test: 7 samples
2026-07-09 13:50:20,920 - INFO - Loading tokenizer: distilbert-base-uncased
2026-07-09 13:50:23,378 - INFO - Loading model: distilbert-base-uncased (12 classes)
2026-07-09 13:50:24,228 - INFO - Total steps: 20, Warmup steps: 2
2026-07-09 13:50:24,228 - INFO - 
============================================================
2026-07-09 13:50:24,228 - INFO - Training for 10 epochs on cpu
2026-07-09 13:50:24,229 - INFO - Total steps: 20, Warmup: 2
2026-07-09 13:50:24,229 - INFO - ============================================================

2026-07-09 13:50:29,856 - INFO - Epoch 1/10 | Train Loss: 2.5416 | Train Acc: 4.17% | Test Loss: 2.4909 | Test Acc: 28.57%
2026-07-09 13:50:32,934 - INFO -   -> Best model saved (accuracy: 28.57%)
2026-07-09 13:50:38,849 - INFO - Epoch 2/10 | Train Loss: 2.5078 | Train Acc: 12.50% | Test Loss: 2.4438 | Test Acc: 28.57%
2026-07-09 13:50:43,788 - INFO - Epoch 3/10 | Train Loss: 2.4519 | Train Acc: 16.67% | Test Loss: 2.4033 | Test Acc: 42.86%
2026-07-09 13:50:46,663 - INFO -   -> Best model saved (accuracy: 42.86%)
2026-07-09 13:50:51,354 - INFO - Epoch 4/10 | Train Loss: 2.3824 | Train Acc: 37.50% | Test Loss: 2.3567 | Test Acc: 57.14%
2026-07-09 13:50:54,033 - INFO -   -> Best model saved (accuracy: 57.14%)
2026-07-09 13:50:59,151 - INFO - Epoch 5/10 | Train Loss: 2.3268 | Train Acc: 50.00% | Test Loss: 2.3114 | Test Acc: 57.14%
2026-07-09 13:51:03,731 - INFO - Epoch 6/10 | Train Loss: 2.2372 | Train Acc: 62.50% | Test Loss: 2.2723 | Test Acc: 57.14%
2026-07-09 13:51:08,943 - INFO - Epoch 7/10 | Train Loss: 2.2076 | Train Acc: 58.33% | Test Loss: 2.2439 | Test Acc: 57.14%
2026-07-09 13:51:14,506 - INFO - Epoch 8/10 | Train Loss: 2.1923 | Train Acc: 50.00% | Test Loss: 2.2254 | Test Acc: 42.86%
2026-07-09 13:51:19,790 - INFO - Epoch 9/10 | Train Loss: 2.1195 | Train Acc: 54.17% | Test Loss: 2.2136 | Test Acc: 42.86%
2026-07-09 13:51:24,657 - INFO - Epoch 10/10 | Train Loss: 2.1476 | Train Acc: 54.17% | Test Loss: 2.2084 | Test Acc: 42.86%
2026-07-09 13:51:26,703 - INFO - Early stopping at epoch 10 - no improvement in last 3 epochs
2026-07-09 13:51:26,703 - INFO - 
============================================================
2026-07-09 13:51:26,703 - INFO - Final Evaluation
2026-07-09 13:51:26,704 - INFO - ============================================================
2026-07-09 13:51:26,922 - INFO - 
Best Accuracy: 57.14%
2026-07-09 13:51:26,922 - INFO - Final Accuracy: 42.86%
2026-07-09 13:51:26,922 - INFO - 
Classification Report:
                   precision    recall  f1-score   support

      empty_trash     0.0000    0.0000    0.0000         1
        follow_up     0.0000    0.0000    0.0000         1
generate_document     0.0000    0.0000    0.0000         1
         greeting     0.5000    1.0000    0.6667         1
         open_app     0.5000    1.0000    0.6667         2
       os_command     0.0000    0.0000    0.0000         1

         accuracy                         0.4286         7
        macro avg     0.1667    0.3333    0.2222         7
     weighted avg     0.2143    0.4286    0.2857         7

2026-07-09 13:51:26,924 - INFO - 
Confusion Matrix:
[[0 0 0 0 0 1]
 [0 0 0 1 0 0]
 [0 0 0 0 1 0]
 [0 0 0 1 0 0]
 [0 0 0 0 2 0]
 [0 0 0 0 1 0]]
2026-07-09 13:51:26,924 - INFO - 
Misclassified examples (4):
2026-07-09 13:51:26,924 - INFO -   Text: 'yes' -> True: follow_up, Pred: greeting
2026-07-09 13:51:26,924 - INFO -   Text: 'List processes' -> True: os_command, Pred: open_app
2026-07-09 13:51:26,925 - INFO -   Text: 'make excel sheet about budget' -> True: generate_document, Pred: open_app
2026-07-09 13:51:26,925 - INFO -   Text: 'empty my trash and let me comfirm' -> True: empty_trash, Pred: os_command
2026-07-09 13:51:26,927 - INFO - 
Model saved to: /Applications/XAMPP/xamppfiles/htdocs/SHAKIRA/MR_BRAIN/ml/nlu_model
2026-07-09 13:51:26,927 - INFO - Config saved to: /Applications/XAMPP/xamppfiles/htdocs/SHAKIRA/MR_BRAIN/ml/nlu_model/amazon_config.json
2026-07-09 13:51:26,927 - INFO - History saved to: /Applications/XAMPP/xamppfiles/htdocs/SHAKIRA/MR_BRAIN/ml/nlu_model/training_history.json
2026-07-09 13:51:26,927 - INFO - Training completed at: 2026-07-09 13:51:26.927798
2026-07-09 13:51:26,927 - INFO - ============================================================
2026-07-09 13:51:26,928 - INFO - ✅ Training complete!
2026-07-09 14:16:36,730 - INFO - Using device: cpu
2026-07-09 14:16:36,730 - INFO - ============================================================
2026-07-09 14:16:36,730 - INFO - AMAZON AI - DistilBERT NLU Model Training
2026-07-09 14:16:36,730 - INFO - ============================================================
2026-07-09 14:16:36,731 - INFO - Started at: 2026-07-09 14:16:36.731029
2026-07-09 14:16:36,731 - INFO - Loading dataset from: /Applications/XAMPP/xamppfiles/htdocs/SHAKIRA/MR_BRAIN/learning/auto_training_data.csv
2026-07-09 14:16:36,739 - INFO - Loaded 31 samples, 12 unique intents
2026-07-09 14:16:36,740 - INFO - Intent distribution:
intent
open_app             10
greeting              5
os_command            4
system_info           2
empty_trash           2
generate_document     2
list_processes        1
search_web            1
create_file           1
create_folder         1
follow_up             1
amazon_chat           1
Name: count, dtype: int64
2026-07-09 14:16:36,740 - INFO - Number of unique intents: 12
2026-07-09 14:16:36,741 - INFO - Intents: ['amazon_chat', 'create_file', 'create_folder', 'empty_trash', 'follow_up', 'generate_document', 'greeting', 'list_processes', 'open_app', 'os_command', 'search_web', 'system_info']
2026-07-09 14:16:36,742 - INFO - Label map saved to: /Applications/XAMPP/xamppfiles/htdocs/SHAKIRA/MR_BRAIN/ml/label_map.json
2026-07-09 14:16:36,742 - INFO - Some classes have < 2 samples, using simple split
2026-07-09 14:16:36,743 - INFO - Train: 24 samples
2026-07-09 14:16:36,743 - INFO - Test: 7 samples
2026-07-09 14:16:36,743 - INFO - Loading tokenizer: distilbert-base-uncased
2026-07-09 14:16:41,205 - INFO - Loading model: distilbert-base-uncased (12 classes)
2026-07-09 14:16:42,433 - INFO - Total steps: 20, Warmup steps: 2
2026-07-09 14:16:42,434 - INFO - 
============================================================
2026-07-09 14:16:42,434 - INFO - Training for 10 epochs on cpu
2026-07-09 14:16:42,434 - INFO - Total steps: 20, Warmup: 2
2026-07-09 14:16:42,434 - INFO - ============================================================

2026-07-09 14:16:47,810 - INFO - Epoch 1/10 | Train Loss: 2.5365 | Train Acc: 8.33% | Test Loss: 2.4980 | Test Acc: 14.29%
2026-07-09 14:16:51,667 - INFO -   -> Best model saved (accuracy: 14.29%)
2026-07-09 14:16:57,864 - INFO - Epoch 2/10 | Train Loss: 2.5218 | Train Acc: 12.50% | Test Loss: 2.4553 | Test Acc: 14.29%
2026-07-09 14:17:03,112 - INFO - Epoch 3/10 | Train Loss: 2.4381 | Train Acc: 16.67% | Test Loss: 2.4214 | Test Acc: 42.86%
2026-07-09 14:17:05,572 - INFO -   -> Best model saved (accuracy: 42.86%)
2026-07-09 14:17:10,281 - INFO - Epoch 4/10 | Train Loss: 2.3824 | Train Acc: 33.33% | Test Loss: 2.3850 | Test Acc: 42.86%
2026-07-09 14:17:14,896 - INFO - Epoch 5/10 | Train Loss: 2.3470 | Train Acc: 50.00% | Test Loss: 2.3484 | Test Acc: 57.14%
2026-07-09 14:17:17,273 - INFO -   -> Best model saved (accuracy: 57.14%)
2026-07-09 14:17:22,666 - INFO - Epoch 6/10 | Train Loss: 2.2414 | Train Acc: 66.67% | Test Loss: 2.3131 | Test Acc: 57.14%
2026-07-09 14:17:28,738 - INFO - Epoch 7/10 | Train Loss: 2.2311 | Train Acc: 62.50% | Test Loss: 2.2845 | Test Acc: 57.14%
2026-07-09 14:17:34,232 - INFO - Epoch 8/10 | Train Loss: 2.1865 | Train Acc: 54.17% | Test Loss: 2.2646 | Test Acc: 57.14%
2026-07-09 14:17:39,253 - INFO - Epoch 9/10 | Train Loss: 2.1239 | Train Acc: 54.17% | Test Loss: 2.2528 | Test Acc: 42.86%
2026-07-09 14:17:44,425 - INFO - Epoch 10/10 | Train Loss: 2.1452 | Train Acc: 54.17% | Test Loss: 2.2478 | Test Acc: 42.86%
2026-07-09 14:17:48,268 - INFO - 
============================================================
2026-07-09 14:17:48,270 - INFO - Final Evaluation
2026-07-09 14:17:48,270 - INFO - ============================================================
2026-07-09 14:17:48,656 - INFO - 
Best Accuracy: 57.14%
2026-07-09 14:17:48,656 - INFO - Final Accuracy: 42.86%
2026-07-09 14:17:48,656 - INFO - 
Classification Report:
                   precision    recall  f1-score   support

      empty_trash     0.0000    0.0000    0.0000         1
        follow_up     0.0000    0.0000    0.0000         1
generate_document     0.0000    0.0000    0.0000         1
         greeting     0.5000    1.0000    0.6667         1
         open_app     0.5000    1.0000    0.6667         2
       os_command     0.0000    0.0000    0.0000         1

         accuracy                         0.4286         7
        macro avg     0.1667    0.3333    0.2222         7
     weighted avg     0.2143    0.4286    0.2857         7

2026-07-09 14:17:48,660 - INFO - 
Confusion Matrix:
[[0 0 0 0 0 1]
 [0 0 0 1 0 0]
 [0 0 0 0 1 0]
 [0 0 0 1 0 0]
 [0 0 0 0 2 0]
 [0 0 0 0 1 0]]
2026-07-09 14:17:48,660 - INFO - 
Misclassified examples (4):
2026-07-09 14:17:48,661 - INFO -   Text: 'yes' -> True: follow_up, Pred: greeting
2026-07-09 14:17:48,661 - INFO -   Text: 'List processes' -> True: os_command, Pred: open_app
2026-07-09 14:17:48,661 - INFO -   Text: 'make excel sheet about budget' -> True: generate_document, Pred: open_app
2026-07-09 14:17:48,661 - INFO -   Text: 'empty my trash and let me comfirm' -> True: empty_trash, Pred: os_command
2026-07-09 14:17:48,664 - INFO - 
Model saved to: /Applications/XAMPP/xamppfiles/htdocs/SHAKIRA/MR_BRAIN/ml/nlu_model
2026-07-09 14:17:48,664 - INFO - Config saved to: /Applications/XAMPP/xamppfiles/htdocs/SHAKIRA/MR_BRAIN/ml/nlu_model/amazon_config.json
2026-07-09 14:17:48,664 - INFO - History saved to: /Applications/XAMPP/xamppfiles/htdocs/SHAKIRA/MR_BRAIN/ml/nlu_model/training_history.json
2026-07-09 14:17:48,665 - INFO - Training completed at: 2026-07-09 14:17:48.664961
2026-07-09 14:17:48,665 - INFO - ============================================================
2026-07-09 14:17:48,665 - INFO - ✅ Training complete!
2026-07-09 14:39:23,228 - INFO - Using device: cpu
2026-07-09 14:39:23,229 - INFO - ============================================================
2026-07-09 14:39:23,229 - INFO - AMAZON AI - DistilBERT NLU Model Training
2026-07-09 14:39:23,229 - INFO - ============================================================
2026-07-09 14:39:23,229 - INFO - Started at: 2026-07-09 14:39:23.229743
2026-07-09 14:39:23,229 - INFO - Loading dataset from: /Applications/XAMPP/xamppfiles/htdocs/SHAKIRA/MR_BRAIN/learning/auto_training_data.csv
2026-07-09 14:39:23,236 - INFO - Loaded 34 samples, 11 unique intents
2026-07-09 14:39:23,237 - INFO - Intent distribution:
intent
open_app             11
search_web            4
os_command            4
amazon_chat           4
greeting              3
empty_trash           2
generate_document     2
create_file           1
create_folder         1
system_info           1
follow_up             1
Name: count, dtype: int64
2026-07-09 14:39:23,237 - INFO - Number of unique intents: 11
2026-07-09 14:39:23,238 - INFO - Intents: ['amazon_chat', 'create_file', 'create_folder', 'empty_trash', 'follow_up', 'generate_document', 'greeting', 'open_app', 'os_command', 'search_web', 'system_info']
2026-07-09 14:39:23,238 - INFO - Label map saved to: /Applications/XAMPP/xamppfiles/htdocs/SHAKIRA/MR_BRAIN/ml/label_map.json
2026-07-09 14:39:23,239 - INFO - Some classes have < 2 samples, using simple split
2026-07-09 14:39:23,240 - INFO - Train: 27 samples
2026-07-09 14:39:23,240 - INFO - Test: 7 samples
2026-07-09 14:39:23,240 - INFO - Loading tokenizer: distilbert-base-uncased
2026-07-09 14:39:26,006 - INFO - Loading model: distilbert-base-uncased (11 classes)
2026-07-09 14:39:26,844 - INFO - Total steps: 20, Warmup steps: 2
2026-07-09 14:39:26,844 - INFO - 
============================================================
2026-07-09 14:39:26,844 - INFO - Training for 10 epochs on cpu
2026-07-09 14:39:26,844 - INFO - Total steps: 20, Warmup: 2
2026-07-09 14:39:26,844 - INFO - ============================================================

2026-07-09 14:39:34,209 - INFO - Epoch 1/10 | Train Loss: 2.3727 | Train Acc: 14.81% | Test Loss: 2.4075 | Test Acc: 14.29%
2026-07-09 14:39:37,451 - INFO -   -> Best model saved (accuracy: 14.29%)
2026-07-09 14:39:43,013 - INFO - Epoch 2/10 | Train Loss: 2.3670 | Train Acc: 18.52% | Test Loss: 2.3843 | Test Acc: 28.57%
2026-07-09 14:39:45,486 - INFO -   -> Best model saved (accuracy: 28.57%)
2026-07-09 14:39:50,789 - INFO - Epoch 3/10 | Train Loss: 2.3040 | Train Acc: 48.15% | Test Loss: 2.3606 | Test Acc: 28.57%
2026-07-09 14:39:56,003 - INFO - Epoch 4/10 | Train Loss: 2.2581 | Train Acc: 44.44% | Test Loss: 2.3334 | Test Acc: 28.57%
2026-07-09 14:40:02,616 - INFO - Epoch 5/10 | Train Loss: 2.2154 | Train Acc: 51.85% | Test Loss: 2.3010 | Test Acc: 28.57%
2026-07-09 14:40:09,004 - INFO - Epoch 6/10 | Train Loss: 2.1750 | Train Acc: 48.15% | Test Loss: 2.2768 | Test Acc: 28.57%
2026-07-09 14:40:14,893 - INFO - Epoch 7/10 | Train Loss: 2.1234 | Train Acc: 55.56% | Test Loss: 2.2548 | Test Acc: 28.57%
2026-07-09 14:40:21,887 - INFO - Epoch 8/10 | Train Loss: 2.0545 | Train Acc: 59.26% | Test Loss: 2.2378 | Test Acc: 28.57%
2026-07-09 14:40:28,044 - INFO - Epoch 9/10 | Train Loss: 2.0664 | Train Acc: 55.56% | Test Loss: 2.2265 | Test Acc: 28.57%
2026-07-09 14:40:34,043 - INFO - Epoch 10/10 | Train Loss: 2.0537 | Train Acc: 51.85% | Test Loss: 2.2219 | Test Acc: 28.57%
2026-07-09 14:40:36,212 - INFO - 
============================================================
2026-07-09 14:40:36,212 - INFO - Final Evaluation
2026-07-09 14:40:36,212 - INFO - ============================================================
2026-07-09 14:40:36,464 - INFO - 
Best Accuracy: 28.57%
2026-07-09 14:40:36,465 - INFO - Final Accuracy: 28.57%
2026-07-09 14:40:36,465 - INFO - 
Classification Report:
              precision    recall  f1-score   support

 amazon_chat     0.0000    0.0000    0.0000         2
    open_app     0.2857    1.0000    0.4444         2
  os_command     0.0000    0.0000    0.0000         2
 system_info     0.0000    0.0000    0.0000         1

    accuracy                         0.2857         7
   macro avg     0.0714    0.2500    0.1111         7
weighted avg     0.0816    0.2857    0.1270         7

2026-07-09 14:40:36,467 - INFO - 
Confusion Matrix:
[[0 2 0 0]
 [0 2 0 0]
 [0 2 0 0]
 [0 1 0 0]]
2026-07-09 14:40:36,467 - INFO - 
Misclassified examples (5):
2026-07-09 14:40:36,467 - INFO -   Text: 'lists installed applications' -> True: os_command, Pred: open_app
2026-07-09 14:40:36,467 - INFO -   Text: 'List processes' -> True: os_command, Pred: open_app
2026-07-09 14:40:36,467 - INFO -   Text: 'what is you name' -> True: amazon_chat, Pred: open_app
2026-07-09 14:40:36,467 - INFO -   Text: 'What is the meaning of life' -> True: amazon_chat, Pred: open_app
2026-07-09 14:40:36,468 - INFO -   Text: 'scan computer' -> True: system_info, Pred: open_app
2026-07-09 14:40:36,470 - INFO - 
Model saved to: /Applications/XAMPP/xamppfiles/htdocs/SHAKIRA/MR_BRAIN/ml/nlu_model
2026-07-09 14:40:36,470 - INFO - Config saved to: /Applications/XAMPP/xamppfiles/htdocs/SHAKIRA/MR_BRAIN/ml/nlu_model/amazon_config.json
2026-07-09 14:40:36,471 - INFO - History saved to: /Applications/XAMPP/xamppfiles/htdocs/SHAKIRA/MR_BRAIN/ml/nlu_model/training_history.json
2026-07-09 14:40:36,471 - INFO - Training completed at: 2026-07-09 14:40:36.471186
2026-07-09 14:40:36,471 - INFO - ============================================================
2026-07-09 14:40:36,471 - INFO - ✅ Training complete!
2026-07-09 14:43:47,977 - INFO - Using device: cpu
2026-07-09 14:43:47,977 - INFO - ============================================================
2026-07-09 14:43:47,977 - INFO - AMAZON AI - DistilBERT NLU Model Training
2026-07-09 14:43:47,977 - INFO - ============================================================
2026-07-09 14:43:47,977 - INFO - Started at: 2026-07-09 14:43:47.977645
2026-07-09 14:43:47,977 - INFO - Loading dataset from: /Applications/XAMPP/xamppfiles/htdocs/SHAKIRA/MR_BRAIN/learning/auto_training_data.csv
2026-07-09 14:43:47,983 - INFO - Loaded 35 samples, 11 unique intents
2026-07-09 14:43:47,984 - INFO - Intent distribution:
intent
open_app             10
amazon_chat           5
os_command            4
search_web            4
greeting              3
empty_trash           2
generate_document     2
system_info           2
create_file           1
create_folder         1
follow_up             1
Name: count, dtype: int64
2026-07-09 14:43:47,985 - INFO - Number of unique intents: 11
2026-07-09 14:43:47,985 - INFO - Intents: ['amazon_chat', 'create_file', 'create_folder', 'empty_trash', 'follow_up', 'generate_document', 'greeting', 'open_app', 'os_command', 'search_web', 'system_info']
2026-07-09 14:43:47,986 - INFO - Label map saved to: /Applications/XAMPP/xamppfiles/htdocs/SHAKIRA/MR_BRAIN/ml/label_map.json
2026-07-09 14:43:47,986 - INFO - Some classes have < 2 samples, using simple split
2026-07-09 14:43:47,987 - INFO - Train: 28 samples
2026-07-09 14:43:47,987 - INFO - Test: 7 samples
2026-07-09 14:43:47,987 - INFO - Loading tokenizer: distilbert-base-uncased
2026-07-09 14:43:50,502 - INFO - Loading model: distilbert-base-uncased (11 classes)
2026-07-09 14:43:51,363 - INFO - Total steps: 20, Warmup steps: 2
2026-07-09 14:43:51,363 - INFO - 
============================================================
2026-07-09 14:43:51,363 - INFO - Training for 10 epochs on cpu
2026-07-09 14:43:51,363 - INFO - Total steps: 20, Warmup: 2
2026-07-09 14:43:51,363 - INFO - ============================================================

2026-07-09 14:43:55,382 - INFO - Epoch 1/10 | Train Loss: 2.3649 | Train Acc: 25.00% | Test Loss: 2.4018 | Test Acc: 14.29%
2026-07-09 14:43:58,236 - INFO -   -> Best model saved (accuracy: 14.29%)
2026-07-09 14:44:04,075 - INFO - Epoch 2/10 | Train Loss: 2.3568 | Train Acc: 14.29% | Test Loss: 2.3862 | Test Acc: 28.57%
2026-07-09 14:44:06,541 - INFO -   -> Best model saved (accuracy: 28.57%)
2026-07-09 14:44:11,508 - INFO - Epoch 3/10 | Train Loss: 2.3309 | Train Acc: 39.29% | Test Loss: 2.3701 | Test Acc: 28.57%
2026-07-09 14:44:16,323 - INFO - Epoch 4/10 | Train Loss: 2.3075 | Train Acc: 46.43% | Test Loss: 2.3515 | Test Acc: 28.57%
2026-07-09 14:44:21,626 - INFO - Epoch 5/10 | Train Loss: 2.2581 | Train Acc: 46.43% | Test Loss: 2.3308 | Test Acc: 28.57%
2026-07-09 14:44:26,346 - INFO - Epoch 6/10 | Train Loss: 2.1884 | Train Acc: 50.00% | Test Loss: 2.3128 | Test Acc: 28.57%
2026-07-09 14:44:32,774 - INFO - Epoch 7/10 | Train Loss: 2.1378 | Train Acc: 46.43% | Test Loss: 2.2991 | Test Acc: 28.57%
2026-07-09 14:44:38,581 - INFO - Epoch 8/10 | Train Loss: 2.1256 | Train Acc: 50.00% | Test Loss: 2.2882 | Test Acc: 28.57%
2026-07-09 14:44:49,728 - INFO - Epoch 9/10 | Train Loss: 2.0780 | Train Acc: 42.86% | Test Loss: 2.2812 | Test Acc: 28.57%
2026-07-09 14:44:58,305 - INFO - Epoch 10/10 | Train Loss: 2.0675 | Train Acc: 42.86% | Test Loss: 2.2779 | Test Acc: 28.57%
2026-07-09 14:45:01,139 - INFO - 
============================================================
2026-07-09 14:45:01,139 - INFO - Final Evaluation
2026-07-09 14:45:01,139 - INFO - ============================================================
2026-07-09 14:45:01,517 - INFO - 
Best Accuracy: 28.57%
2026-07-09 14:45:01,517 - INFO - Final Accuracy: 28.57%
2026-07-09 14:45:01,517 - INFO - 
Classification Report:
               precision    recall  f1-score   support

  amazon_chat     0.0000    0.0000    0.0000         2
create_folder     0.0000    0.0000    0.0000         1
     open_app     0.1667    1.0000    0.2857         1
   os_command     0.0000    0.0000    0.0000         2
   search_web     1.0000    1.0000    1.0000         1

     accuracy                         0.2857         7
    macro avg     0.2333    0.4000    0.2571         7
 weighted avg     0.1667    0.2857    0.1837         7

2026-07-09 14:45:01,519 - INFO - 
Confusion Matrix:
[[0 0 2 0 0]
 [0 0 1 0 0]
 [0 0 1 0 0]
 [0 0 2 0 0]
 [0 0 0 0 1]]
2026-07-09 14:45:01,520 - INFO - 
Misclassified examples (5):
2026-07-09 14:45:01,520 - INFO -   Text: 'what is you name' -> True: amazon_chat, Pred: open_app
2026-07-09 14:45:01,520 - INFO -   Text: 'list installed app' -> True: os_command, Pred: open_app
2026-07-09 14:45:01,520 - INFO -   Text: 'what is you name' -> True: amazon_chat, Pred: open_app
2026-07-09 14:45:01,520 - INFO -   Text: 'Create folder Projects' -> True: create_folder, Pred: open_app
2026-07-09 14:45:01,520 - INFO -   Text: 'Installed Apps' -> True: os_command, Pred: open_app
2026-07-09 14:45:01,523 - INFO - 
Model saved to: /Applications/XAMPP/xamppfiles/htdocs/SHAKIRA/MR_BRAIN/ml/nlu_model
2026-07-09 14:45:01,523 - INFO - Config saved to: /Applications/XAMPP/xamppfiles/htdocs/SHAKIRA/MR_BRAIN/ml/nlu_model/amazon_config.json
2026-07-09 14:45:01,523 - INFO - History saved to: /Applications/XAMPP/xamppfiles/htdocs/SHAKIRA/MR_BRAIN/ml/nlu_model/training_history.json
2026-07-09 14:45:01,523 - INFO - Training completed at: 2026-07-09 14:45:01.523753
2026-07-09 14:45:01,523 - INFO - ============================================================
2026-07-09 14:45:01,524 - INFO - ✅ Training complete!
2026-07-09 15:02:03,243 - INFO - Using device: cpu
2026-07-09 15:02:03,244 - INFO - ============================================================
2026-07-09 15:02:03,244 - INFO - AMAZON AI - DistilBERT NLU Model Training
2026-07-09 15:02:03,244 - INFO - ============================================================
2026-07-09 15:02:03,244 - INFO - Started at: 2026-07-09 15:02:03.244407
2026-07-09 15:02:03,244 - INFO - Loading dataset from: /Applications/XAMPP/xamppfiles/htdocs/SHAKIRA/MR_BRAIN/learning/auto_training_data.csv
2026-07-09 15:02:03,251 - INFO - Loaded 41 samples, 11 unique intents
2026-07-09 15:02:03,253 - INFO - Intent distribution:
intent
open_app             10
amazon_chat           9
search_web            6
os_command            4
greeting              3
empty_trash           2
generate_document     2
system_info           2
create_file           1
create_folder         1
follow_up             1
Name: count, dtype: int64
2026-07-09 15:02:03,253 - INFO - Number of unique intents: 11
2026-07-09 15:02:03,253 - INFO - Intents: ['amazon_chat', 'create_file', 'create_folder', 'empty_trash', 'follow_up', 'generate_document', 'greeting', 'open_app', 'os_command', 'search_web', 'system_info']
2026-07-09 15:02:03,255 - INFO - Label map saved to: /Applications/XAMPP/xamppfiles/htdocs/SHAKIRA/MR_BRAIN/ml/label_map.json
2026-07-09 15:02:03,255 - INFO - Some classes have < 2 samples, using simple split
2026-07-09 15:02:03,257 - INFO - Train: 32 samples
2026-07-09 15:02:03,257 - INFO - Test: 9 samples
2026-07-09 15:02:03,257 - INFO - Loading tokenizer: distilbert-base-uncased
2026-07-09 15:02:06,056 - INFO - Loading model: distilbert-base-uncased (11 classes)
2026-07-09 15:02:07,043 - INFO - Total steps: 20, Warmup steps: 2
2026-07-09 15:02:07,043 - INFO - 
============================================================
2026-07-09 15:02:07,043 - INFO - Training for 10 epochs on cpu
2026-07-09 15:02:07,044 - INFO - Total steps: 20, Warmup: 2
2026-07-09 15:02:07,044 - INFO - ============================================================

2026-07-09 15:02:14,314 - INFO - Epoch 1/10 | Train Loss: 2.3784 | Train Acc: 15.62% | Test Loss: 2.4056 | Test Acc: 11.11%
2026-07-09 15:02:18,435 - INFO -   -> Best model saved (accuracy: 11.11%)
2026-07-09 15:02:25,303 - INFO - Epoch 2/10 | Train Loss: 2.3537 | Train Acc: 21.88% | Test Loss: 2.3557 | Test Acc: 33.33%
2026-07-09 15:02:27,760 - INFO -   -> Best model saved (accuracy: 33.33%)
2026-07-09 15:02:32,938 - INFO - Epoch 3/10 | Train Loss: 2.3461 | Train Acc: 25.00% | Test Loss: 2.3082 | Test Acc: 44.44%
2026-07-09 15:02:35,282 - INFO -   -> Best model saved (accuracy: 44.44%)
2026-07-09 15:02:40,388 - INFO - Epoch 4/10 | Train Loss: 2.2933 | Train Acc: 25.00% | Test Loss: 2.2624 | Test Acc: 55.56%
2026-07-09 15:02:42,703 - INFO -   -> Best model saved (accuracy: 55.56%)
2026-07-09 15:02:50,194 - INFO - Epoch 5/10 | Train Loss: 2.2633 | Train Acc: 34.38% | Test Loss: 2.2190 | Test Acc: 55.56%
2026-07-09 15:02:58,819 - INFO - Epoch 6/10 | Train Loss: 2.2271 | Train Acc: 34.38% | Test Loss: 2.1782 | Test Acc: 66.67%
2026-07-09 15:03:01,773 - INFO -   -> Best model saved (accuracy: 66.67%)
2026-07-09 15:03:09,794 - INFO - Epoch 7/10 | Train Loss: 2.1773 | Train Acc: 46.88% | Test Loss: 2.1413 | Test Acc: 77.78%
2026-07-09 15:03:12,889 - INFO -   -> Best model saved (accuracy: 77.78%)
2026-07-09 15:03:23,320 - INFO - Epoch 8/10 | Train Loss: 2.1470 | Train Acc: 50.00% | Test Loss: 2.1122 | Test Acc: 77.78%
2026-07-09 15:03:29,754 - INFO - Epoch 9/10 | Train Loss: 2.1194 | Train Acc: 50.00% | Test Loss: 2.0928 | Test Acc: 77.78%
2026-07-09 15:03:34,763 - INFO - Epoch 10/10 | Train Loss: 2.1059 | Train Acc: 43.75% | Test Loss: 2.0842 | Test Acc: 77.78%
2026-07-09 15:03:36,682 - INFO - 
============================================================
2026-07-09 15:03:36,683 - INFO - Final Evaluation
2026-07-09 15:03:36,683 - INFO - ============================================================
2026-07-09 15:03:36,915 - INFO - 
Best Accuracy: 77.78%
2026-07-09 15:03:36,915 - INFO - Final Accuracy: 77.78%
2026-07-09 15:03:36,916 - INFO - 
Classification Report:
              precision    recall  f1-score   support

 amazon_chat     1.0000    1.0000    1.0000         3
    greeting     1.0000    1.0000    1.0000         1
    open_app     0.5000    1.0000    0.6667         2
  os_command     0.0000    0.0000    0.0000         2
  search_web     1.0000    1.0000    1.0000         1

    accuracy                         0.7778         9
   macro avg     0.7000    0.8000    0.7333         9
weighted avg     0.6667    0.7778    0.7037         9

2026-07-09 15:03:36,917 - INFO - 
Confusion Matrix:
[[3 0 0 0 0]
 [0 1 0 0 0]
 [0 0 2 0 0]
 [0 0 2 0 0]
 [0 0 0 0 1]]
2026-07-09 15:03:36,917 - INFO - 
Misclassified examples (2):
2026-07-09 15:03:36,917 - INFO -   Text: 'list installed app' -> True: os_command, Pred: open_app
2026-07-09 15:03:36,917 - INFO -   Text: 'Installed Apps' -> True: os_command, Pred: open_app
2026-07-09 15:03:36,919 - INFO - 
Model saved to: /Applications/XAMPP/xamppfiles/htdocs/SHAKIRA/MR_BRAIN/ml/nlu_model
2026-07-09 15:03:36,919 - INFO - Config saved to: /Applications/XAMPP/xamppfiles/htdocs/SHAKIRA/MR_BRAIN/ml/nlu_model/amazon_config.json
2026-07-09 15:03:36,919 - INFO - History saved to: /Applications/XAMPP/xamppfiles/htdocs/SHAKIRA/MR_BRAIN/ml/nlu_model/training_history.json
2026-07-09 15:03:36,920 - INFO - Training completed at: 2026-07-09 15:03:36.920001
2026-07-09 15:03:36,920 - INFO - ============================================================
2026-07-09 15:03:36,920 - INFO - ✅ Training complete!
2026-07-09 15:18:46,953 - INFO - Using device: cpu
2026-07-09 15:18:46,955 - INFO - ============================================================
2026-07-09 15:18:46,955 - INFO - AMAZON AI - DistilBERT NLU Model Training
2026-07-09 15:18:46,956 - INFO - ============================================================
2026-07-09 15:18:46,956 - INFO - Started at: 2026-07-09 15:18:46.956298
2026-07-09 15:18:46,956 - INFO - Loading dataset from: /Applications/XAMPP/xamppfiles/htdocs/SHAKIRA/MR_BRAIN/learning/auto_training_data.csv
2026-07-09 15:18:46,966 - INFO - Loaded 47 samples, 11 unique intents
2026-07-09 15:18:46,967 - INFO - Intent distribution:
intent
amazon_chat          12
open_app             10
search_web           10
os_command            4
empty_trash           2
greeting              2
generate_document     2
system_info           2
create_file           1
create_folder         1
follow_up             1
Name: count, dtype: int64
2026-07-09 15:18:46,967 - INFO - Number of unique intents: 11
2026-07-09 15:18:46,968 - INFO - Intents: ['amazon_chat', 'create_file', 'create_folder', 'empty_trash', 'follow_up', 'generate_document', 'greeting', 'open_app', 'os_command', 'search_web', 'system_info']
2026-07-09 15:18:46,969 - INFO - Label map saved to: /Applications/XAMPP/xamppfiles/htdocs/SHAKIRA/MR_BRAIN/ml/label_map.json
2026-07-09 15:18:46,969 - INFO - Some classes have < 2 samples, using simple split
2026-07-09 15:18:46,970 - INFO - Train: 37 samples
2026-07-09 15:18:46,970 - INFO - Test: 10 samples
2026-07-09 15:18:46,970 - INFO - Loading tokenizer: distilbert-base-uncased
2026-07-09 15:18:49,961 - INFO - Loading model: distilbert-base-uncased (11 classes)
2026-07-09 15:18:50,796 - INFO - Total steps: 30, Warmup steps: 3
2026-07-09 15:18:50,796 - INFO - 
============================================================
2026-07-09 15:18:50,796 - INFO - Training for 10 epochs on cpu
2026-07-09 15:18:50,796 - INFO - Total steps: 30, Warmup: 3
2026-07-09 15:18:50,796 - INFO - ============================================================

2026-07-09 15:18:51,685 - INFO - Using device: cpu
2026-07-09 15:18:51,685 - INFO - ============================================================
2026-07-09 15:18:51,686 - INFO - AMAZON AI - DistilBERT NLU Model Training
2026-07-09 15:18:51,686 - INFO - ============================================================
2026-07-09 15:18:51,686 - INFO - Started at: 2026-07-09 15:18:51.686455
2026-07-09 15:18:51,686 - INFO - Loading dataset from: /Applications/XAMPP/xamppfiles/htdocs/SHAKIRA/MR_BRAIN/learning/auto_training_data.csv
2026-07-09 15:18:51,697 - INFO - Loaded 47 samples, 11 unique intents
2026-07-09 15:18:51,698 - INFO - Intent distribution:
intent
amazon_chat          12
open_app             10
search_web           10
os_command            4
empty_trash           2
greeting              2
generate_document     2
system_info           2
create_file           1
create_folder         1
follow_up             1
Name: count, dtype: int64
2026-07-09 15:18:51,698 - INFO - Number of unique intents: 11
2026-07-09 15:18:51,699 - INFO - Intents: ['amazon_chat', 'create_file', 'create_folder', 'empty_trash', 'follow_up', 'generate_document', 'greeting', 'open_app', 'os_command', 'search_web', 'system_info']
2026-07-09 15:18:51,700 - INFO - Label map saved to: /Applications/XAMPP/xamppfiles/htdocs/SHAKIRA/MR_BRAIN/ml/label_map.json
2026-07-09 15:18:51,701 - INFO - Some classes have < 2 samples, using simple split
2026-07-09 15:18:51,703 - INFO - Train: 37 samples
2026-07-09 15:18:51,704 - INFO - Test: 10 samples
2026-07-09 15:18:51,704 - INFO - Loading tokenizer: distilbert-base-uncased
2026-07-09 15:18:54,019 - INFO - Loading model: distilbert-base-uncased (11 classes)
2026-07-09 15:18:54,942 - INFO - Total steps: 30, Warmup steps: 3
2026-07-09 15:18:54,942 - INFO - 
============================================================
2026-07-09 15:18:54,942 - INFO - Training for 10 epochs on cpu
2026-07-09 15:18:54,942 - INFO - Total steps: 30, Warmup: 3
2026-07-09 15:18:54,943 - INFO - ============================================================

2026-07-09 15:19:00,395 - INFO - Epoch 1/10 | Train Loss: 2.3566 | Train Acc: 18.92% | Test Loss: 2.3584 | Test Acc: 10.00%
2026-07-09 15:19:03,320 - INFO - Epoch 1/10 | Train Loss: 2.3566 | Train Acc: 18.92% | Test Loss: 2.3584 | Test Acc: 10.00%
2026-07-09 15:19:06,406 - INFO -   -> Best model saved (accuracy: 10.00%)
2026-07-09 15:19:08,079 - INFO -   -> Best model saved (accuracy: 10.00%)
2026-07-09 15:19:17,759 - INFO - Epoch 2/10 | Train Loss: 2.3308 | Train Acc: 29.73% | Test Loss: 2.3140 | Test Acc: 20.00%
2026-07-09 15:19:18,726 - INFO - Epoch 2/10 | Train Loss: 2.3308 | Train Acc: 29.73% | Test Loss: 2.3140 | Test Acc: 20.00%
2026-07-09 15:19:21,617 - INFO -   -> Best model saved (accuracy: 20.00%)
2026-07-09 15:19:22,097 - INFO -   -> Best model saved (accuracy: 20.00%)
2026-07-09 15:19:31,716 - INFO - Epoch 3/10 | Train Loss: 2.2960 | Train Acc: 27.03% | Test Loss: 2.2643 | Test Acc: 20.00%
2026-07-09 15:19:32,562 - INFO - Epoch 3/10 | Train Loss: 2.2960 | Train Acc: 27.03% | Test Loss: 2.2643 | Test Acc: 20.00%
2026-07-09 15:19:41,406 - INFO - Epoch 4/10 | Train Loss: 2.2063 | Train Acc: 45.95% | Test Loss: 2.2033 | Test Acc: 40.00%
2026-07-09 15:19:43,001 - INFO - Epoch 4/10 | Train Loss: 2.2063 | Train Acc: 45.95% | Test Loss: 2.2033 | Test Acc: 40.00%
2026-07-09 15:19:45,036 - INFO -   -> Best model saved (accuracy: 40.00%)
2026-07-09 15:19:45,892 - INFO -   -> Best model saved (accuracy: 40.00%)
2026-07-09 15:19:54,067 - INFO - Epoch 5/10 | Train Loss: 2.0870 | Train Acc: 45.95% | Test Loss: 2.1381 | Test Acc: 40.00%
2026-07-09 15:19:54,697 - INFO - Epoch 5/10 | Train Loss: 2.0870 | Train Acc: 45.95% | Test Loss: 2.1381 | Test Acc: 40.00%
2026-07-09 15:20:02,954 - INFO - Epoch 6/10 | Train Loss: 2.1006 | Train Acc: 45.95% | Test Loss: 2.0773 | Test Acc: 50.00%
2026-07-09 15:20:03,462 - INFO - Epoch 6/10 | Train Loss: 2.1006 | Train Acc: 45.95% | Test Loss: 2.0773 | Test Acc: 50.00%
2026-07-09 15:20:06,210 - INFO -   -> Best model saved (accuracy: 50.00%)
2026-07-09 15:20:06,681 - INFO -   -> Best model saved (accuracy: 50.00%)
2026-07-09 15:20:16,030 - INFO - Epoch 7/10 | Train Loss: 1.9909 | Train Acc: 56.76% | Test Loss: 2.0298 | Test Acc: 60.00%
2026-07-09 15:20:16,178 - INFO - Epoch 7/10 | Train Loss: 1.9909 | Train Acc: 56.76% | Test Loss: 2.0298 | Test Acc: 60.00%
2026-07-09 15:20:18,682 - INFO -   -> Best model saved (accuracy: 60.00%)
2026-07-09 15:20:19,021 - INFO -   -> Best model saved (accuracy: 60.00%)
2026-07-09 15:20:27,984 - INFO - Epoch 8/10 | Train Loss: 1.8988 | Train Acc: 56.76% | Test Loss: 1.9987 | Test Acc: 60.00%
2026-07-09 15:20:28,272 - INFO - Epoch 8/10 | Train Loss: 1.8988 | Train Acc: 56.76% | Test Loss: 1.9987 | Test Acc: 60.00%
2026-07-09 15:20:43,321 - INFO - Epoch 9/10 | Train Loss: 1.9168 | Train Acc: 54.05% | Test Loss: 1.9782 | Test Acc: 60.00%
2026-07-09 15:20:43,418 - INFO - Epoch 9/10 | Train Loss: 1.9168 | Train Acc: 54.05% | Test Loss: 1.9782 | Test Acc: 60.00%
2026-07-09 15:20:55,671 - INFO - Epoch 10/10 | Train Loss: 1.8696 | Train Acc: 62.16% | Test Loss: 1.9696 | Test Acc: 60.00%
2026-07-09 15:20:55,709 - INFO - Epoch 10/10 | Train Loss: 1.8696 | Train Acc: 62.16% | Test Loss: 1.9696 | Test Acc: 60.00%
2026-07-09 15:20:58,976 - INFO - 
============================================================
2026-07-09 15:20:58,976 - INFO - Final Evaluation
2026-07-09 15:20:58,976 - INFO - ============================================================
2026-07-09 15:20:58,979 - INFO - 
============================================================
2026-07-09 15:20:58,980 - INFO - Final Evaluation
2026-07-09 15:20:58,980 - INFO - ============================================================
2026-07-09 15:20:59,713 - INFO - 
Best Accuracy: 60.00%
2026-07-09 15:20:59,713 - INFO - Final Accuracy: 60.00%
2026-07-09 15:20:59,713 - INFO - 
Classification Report:
              precision    recall  f1-score   support

 amazon_chat     1.0000    0.6000    0.7500         5
   follow_up     0.0000    0.0000    0.0000         1
    open_app     0.6667    1.0000    0.8000         2
  os_command     0.0000    0.0000    0.0000         1
  search_web     0.2500    1.0000    0.4000         1

    accuracy                         0.6000        10
   macro avg     0.3833    0.5200    0.3900        10
weighted avg     0.6583    0.6000    0.5750        10

2026-07-09 15:20:59,717 - INFO - 
Confusion Matrix:
[[3 0 0 0 2]
 [0 0 0 0 1]
 [0 0 2 0 0]
 [0 0 1 0 0]
 [0 0 0 0 1]]
2026-07-09 15:20:59,717 - INFO - 
Misclassified examples (4):
2026-07-09 15:20:59,717 - INFO -   Text: 'generate it please' -> True: amazon_chat, Pred: search_web
2026-07-09 15:20:59,717 - INFO -   Text: 'I want to know all install the application' -> True: amazon_chat, Pred: search_web
2026-07-09 15:20:59,717 - INFO - 
Best Accuracy: 60.00%
2026-07-09 15:20:59,717 - INFO -   Text: 'list installed app' -> True: os_command, Pred: open_app
2026-07-09 15:20:59,717 - INFO - Final Accuracy: 60.00%
2026-07-09 15:20:59,717 - INFO -   Text: 'yes' -> True: follow_up, Pred: search_web
2026-07-09 15:20:59,718 - INFO - 
Classification Report:
              precision    recall  f1-score   support

 amazon_chat     1.0000    0.6000    0.7500         5
   follow_up     0.0000    0.0000    0.0000         1
    open_app     0.6667    1.0000    0.8000         2
  os_command     0.0000    0.0000    0.0000         1
  search_web     0.2500    1.0000    0.4000         1

    accuracy                         0.6000        10
   macro avg     0.3833    0.5200    0.3900        10
weighted avg     0.6583    0.6000    0.5750        10

2026-07-09 15:20:59,720 - INFO - 
Confusion Matrix:
[[3 0 0 0 2]
 [0 0 0 0 1]
 [0 0 2 0 0]
 [0 0 1 0 0]
 [0 0 0 0 1]]
2026-07-09 15:20:59,720 - INFO - 
Misclassified examples (4):
2026-07-09 15:20:59,721 - INFO - 
Model saved to: /Applications/XAMPP/xamppfiles/htdocs/SHAKIRA/MR_BRAIN/ml/nlu_model
2026-07-09 15:20:59,721 - INFO -   Text: 'generate it please' -> True: amazon_chat, Pred: search_web
2026-07-09 15:20:59,721 - INFO - Config saved to: /Applications/XAMPP/xamppfiles/htdocs/SHAKIRA/MR_BRAIN/ml/nlu_model/amazon_config.json
2026-07-09 15:20:59,721 - INFO -   Text: 'I want to know all install the application' -> True: amazon_chat, Pred: search_web
2026-07-09 15:20:59,721 - INFO -   Text: 'list installed app' -> True: os_command, Pred: open_app
2026-07-09 15:20:59,721 - INFO - History saved to: /Applications/XAMPP/xamppfiles/htdocs/SHAKIRA/MR_BRAIN/ml/nlu_model/training_history.json
2026-07-09 15:20:59,721 - INFO -   Text: 'yes' -> True: follow_up, Pred: search_web
2026-07-09 15:20:59,721 - INFO - Training completed at: 2026-07-09 15:20:59.721715
2026-07-09 15:20:59,721 - INFO - ============================================================
2026-07-09 15:20:59,722 - INFO - ✅ Training complete!
2026-07-09 15:20:59,724 - INFO - 
Model saved to: /Applications/XAMPP/xamppfiles/htdocs/SHAKIRA/MR_BRAIN/ml/nlu_model
2026-07-09 15:20:59,724 - INFO - Config saved to: /Applications/XAMPP/xamppfiles/htdocs/SHAKIRA/MR_BRAIN/ml/nlu_model/amazon_config.json
2026-07-09 15:20:59,724 - INFO - History saved to: /Applications/XAMPP/xamppfiles/htdocs/SHAKIRA/MR_BRAIN/ml/nlu_model/training_history.json
2026-07-09 15:20:59,724 - INFO - Training completed at: 2026-07-09 15:20:59.724851
2026-07-09 15:20:59,725 - INFO - ============================================================
2026-07-09 15:20:59,725 - INFO - ✅ Training complete!
2026-07-09 15:37:23,086 - INFO - Using device: cpu
2026-07-09 15:37:23,087 - INFO - ============================================================
2026-07-09 15:37:23,087 - INFO - AMAZON AI - DistilBERT NLU Model Training
2026-07-09 15:37:23,087 - INFO - ============================================================
2026-07-09 15:37:23,087 - INFO - Started at: 2026-07-09 15:37:23.087565
2026-07-09 15:37:23,087 - INFO - Loading dataset from: /Applications/XAMPP/xamppfiles/htdocs/SHAKIRA/MR_BRAIN/learning/auto_training_data.csv
2026-07-09 15:37:23,094 - INFO - Loaded 47 samples, 12 unique intents
2026-07-09 15:37:23,095 - INFO - Intent distribution:
intent
amazon_chat          11
open_app             10
search_web           10
os_command            4
empty_trash           2
greeting              2
generate_document     2
system_info           2
create_file           1
create_folder         1
follow_up             1
find_anything         1
Name: count, dtype: int64
2026-07-09 15:37:23,095 - INFO - Number of unique intents: 12
2026-07-09 15:37:23,095 - INFO - Intents: ['amazon_chat', 'create_file', 'create_folder', 'empty_trash', 'find_anything', 'follow_up', 'generate_document', 'greeting', 'open_app', 'os_command', 'search_web', 'system_info']
2026-07-09 15:37:23,096 - INFO - Label map saved to: /Applications/XAMPP/xamppfiles/htdocs/SHAKIRA/MR_BRAIN/ml/label_map.json
2026-07-09 15:37:23,097 - INFO - Some classes have < 2 samples, using simple split
2026-07-09 15:37:23,098 - INFO - Train: 37 samples
2026-07-09 15:37:23,098 - INFO - Test: 10 samples
2026-07-09 15:37:23,098 - INFO - Loading tokenizer: distilbert-base-uncased
2026-07-09 15:37:25,872 - INFO - Loading model: distilbert-base-uncased (12 classes)
2026-07-09 15:37:26,898 - INFO - Total steps: 30, Warmup steps: 3
2026-07-09 15:37:26,899 - INFO - 
============================================================
2026-07-09 15:37:26,899 - INFO - Training for 10 epochs on cpu
2026-07-09 15:37:26,899 - INFO - Total steps: 30, Warmup: 3
2026-07-09 15:37:26,899 - INFO - ============================================================

2026-07-09 15:37:32,142 - INFO - Epoch 1/10 | Train Loss: 2.4779 | Train Acc: 8.11% | Test Loss: 2.4729 | Test Acc: 0.00%
2026-07-09 15:37:39,290 - INFO - Epoch 2/10 | Train Loss: 2.4798 | Train Acc: 2.70% | Test Loss: 2.4328 | Test Acc: 30.00%
2026-07-09 15:37:42,015 - INFO -   -> Best model saved (accuracy: 30.00%)
2026-07-09 15:37:48,009 - INFO - Epoch 3/10 | Train Loss: 2.4177 | Train Acc: 35.14% | Test Loss: 2.3878 | Test Acc: 40.00%
2026-07-09 15:37:50,601 - INFO -   -> Best model saved (accuracy: 40.00%)
2026-07-09 15:37:57,538 - INFO - Epoch 4/10 | Train Loss: 2.2818 | Train Acc: 45.95% | Test Loss: 2.3348 | Test Acc: 30.00%
2026-07-09 15:38:03,324 - INFO - Epoch 5/10 | Train Loss: 2.2259 | Train Acc: 40.54% | Test Loss: 2.2819 | Test Acc: 30.00%
2026-07-09 15:38:09,604 - INFO - Epoch 6/10 | Train Loss: 2.1847 | Train Acc: 37.84% | Test Loss: 2.2422 | Test Acc: 30.00%
2026-07-09 15:38:11,441 - INFO - Early stopping at epoch 6 - no improvement in last 3 epochs
2026-07-09 15:38:11,442 - INFO - 
============================================================
2026-07-09 15:38:11,442 - INFO - Final Evaluation
2026-07-09 15:38:11,442 - INFO - ============================================================
2026-07-09 15:38:11,695 - INFO - 
Best Accuracy: 40.00%
2026-07-09 15:38:11,696 - INFO - Final Accuracy: 30.00%
2026-07-09 15:38:11,696 - INFO - 
Classification Report:
              precision    recall  f1-score   support

 amazon_chat     1.0000    0.4000    0.5714         5
   follow_up     0.0000    0.0000    0.0000         1
    open_app     0.0000    0.0000    0.0000         2
  os_command     0.0000    0.0000    0.0000         1
  search_web     0.1250    1.0000    0.2222         1

    accuracy                         0.3000        10
   macro avg     0.2250    0.2800    0.1587        10
weighted avg     0.5125    0.3000    0.3079        10

2026-07-09 15:38:11,697 - INFO - 
Confusion Matrix:
[[2 0 0 0 3]
 [0 0 0 0 1]
 [0 0 0 0 2]
 [0 0 0 0 1]
 [0 0 0 0 1]]
2026-07-09 15:38:11,698 - INFO - 
Misclassified examples (7):
2026-07-09 15:38:11,698 - INFO -   Text: 'generate it please' -> True: amazon_chat, Pred: search_web
2026-07-09 15:38:11,698 - INFO -   Text: 'why you redirect be to chrome??' -> True: amazon_chat, Pred: search_web
2026-07-09 15:38:11,698 - INFO -   Text: 'open chrome' -> True: open_app, Pred: search_web
2026-07-09 15:38:11,698 - INFO -   Text: 'I want to know all install the application' -> True: amazon_chat, Pred: search_web
2026-07-09 15:38:11,698 - INFO -   Text: 'list installed app' -> True: os_command, Pred: search_web
2026-07-09 15:38:11,698 - INFO -   Text: 'yes' -> True: follow_up, Pred: search_web
2026-07-09 15:38:11,698 - INFO -   Text: 'open app store' -> True: open_app, Pred: search_web
2026-07-09 15:38:11,700 - INFO - 
Model saved to: /Applications/XAMPP/xamppfiles/htdocs/SHAKIRA/MR_BRAIN/ml/nlu_model
2026-07-09 15:38:11,700 - INFO - Config saved to: /Applications/XAMPP/xamppfiles/htdocs/SHAKIRA/MR_BRAIN/ml/nlu_model/amazon_config.json
2026-07-09 15:38:11,701 - INFO - History saved to: /Applications/XAMPP/xamppfiles/htdocs/SHAKIRA/MR_BRAIN/ml/nlu_model/training_history.json
2026-07-09 15:38:11,701 - INFO - Training completed at: 2026-07-09 15:38:11.701181
2026-07-09 15:38:11,701 - INFO - ============================================================
2026-07-09 15:38:11,701 - INFO - ✅ Training complete!
2026-07-09 15:46:04,322 - INFO - Using device: cpu
2026-07-09 15:46:04,323 - INFO - ============================================================
2026-07-09 15:46:04,323 - INFO - AMAZON AI - DistilBERT NLU Model Training
2026-07-09 15:46:04,323 - INFO - ============================================================
2026-07-09 15:46:04,323 - INFO - Started at: 2026-07-09 15:46:04.323770
2026-07-09 15:46:04,323 - INFO - Loading dataset from: /Applications/XAMPP/xamppfiles/htdocs/SHAKIRA/MR_BRAIN/learning/auto_training_data.csv
2026-07-09 15:46:04,329 - INFO - Loaded 46 samples, 12 unique intents
2026-07-09 15:46:04,331 - INFO - Intent distribution:
intent
amazon_chat          11
search_web           10
open_app              9
os_command            4
greeting              2
generate_document     2
system_info           2
find_anything         2
create_file           1
create_folder         1
follow_up             1
empty_trash           1
Name: count, dtype: int64
2026-07-09 15:46:04,331 - INFO - Number of unique intents: 12
2026-07-09 15:46:04,331 - INFO - Intents: ['amazon_chat', 'create_file', 'create_folder', 'empty_trash', 'find_anything', 'follow_up', 'generate_document', 'greeting', 'open_app', 'os_command', 'search_web', 'system_info']
2026-07-09 15:46:04,332 - INFO - Label map saved to: /Applications/XAMPP/xamppfiles/htdocs/SHAKIRA/MR_BRAIN/ml/label_map.json
2026-07-09 15:46:04,332 - INFO - Some classes have < 2 samples, using simple split
2026-07-09 15:46:04,333 - INFO - Train: 36 samples
2026-07-09 15:46:04,333 - INFO - Test: 10 samples
2026-07-09 15:46:04,333 - INFO - Loading tokenizer: distilbert-base-uncased
2026-07-09 15:46:07,163 - INFO - Loading model: distilbert-base-uncased (12 classes)
2026-07-09 15:46:08,286 - INFO - Total steps: 30, Warmup steps: 3
2026-07-09 15:46:08,286 - INFO - 
============================================================
2026-07-09 15:46:08,286 - INFO - Training for 10 epochs on cpu
2026-07-09 15:46:08,286 - INFO - Total steps: 30, Warmup: 3
2026-07-09 15:46:08,286 - INFO - ============================================================

2026-07-09 15:46:13,381 - INFO - Epoch 1/10 | Train Loss: 2.5046 | Train Acc: 5.56% | Test Loss: 2.4853 | Test Acc: 0.00%
2026-07-09 15:46:19,800 - INFO - Epoch 2/10 | Train Loss: 2.4698 | Train Acc: 8.33% | Test Loss: 2.4331 | Test Acc: 20.00%
2026-07-09 15:46:22,199 - INFO -   -> Best model saved (accuracy: 20.00%)
2026-07-09 15:46:27,870 - INFO - Epoch 3/10 | Train Loss: 2.3808 | Train Acc: 33.33% | Test Loss: 2.3824 | Test Acc: 40.00%
2026-07-09 15:46:30,260 - INFO -   -> Best model saved (accuracy: 40.00%)
2026-07-09 15:46:36,417 - INFO - Epoch 4/10 | Train Loss: 2.3204 | Train Acc: 33.33% | Test Loss: 2.3310 | Test Acc: 40.00%
2026-07-09 15:46:42,819 - INFO - Epoch 5/10 | Train Loss: 2.2365 | Train Acc: 41.67% | Test Loss: 2.2824 | Test Acc: 30.00%
2026-07-09 15:46:48,729 - INFO - Epoch 6/10 | Train Loss: 2.1866 | Train Acc: 44.44% | Test Loss: 2.2391 | Test Acc: 30.00%
2026-07-09 15:46:54,500 - INFO - Epoch 7/10 | Train Loss: 2.1647 | Train Acc: 36.11% | Test Loss: 2.2066 | Test Acc: 40.00%
2026-07-09 15:47:00,935 - INFO - Epoch 8/10 | Train Loss: 2.0714 | Train Acc: 38.89% | Test Loss: 2.1852 | Test Acc: 40.00%
2026-07-09 15:47:06,864 - INFO - Epoch 9/10 | Train Loss: 2.0821 | Train Acc: 44.44% | Test Loss: 2.1704 | Test Acc: 40.00%
2026-07-09 15:47:12,957 - INFO - Epoch 10/10 | Train Loss: 1.9589 | Train Acc: 47.22% | Test Loss: 2.1653 | Test Acc: 50.00%
2026-07-09 15:47:15,260 - INFO -   -> Best model saved (accuracy: 50.00%)
2026-07-09 15:47:17,082 - INFO - 
============================================================
2026-07-09 15:47:17,082 - INFO - Final Evaluation
2026-07-09 15:47:17,082 - INFO - ============================================================
2026-07-09 15:47:17,347 - INFO - 
Best Accuracy: 50.00%
2026-07-09 15:47:17,347 - INFO - Final Accuracy: 50.00%
2026-07-09 15:47:17,347 - INFO - 
Classification Report:
               precision    recall  f1-score   support

  amazon_chat     1.0000    0.3333    0.5000         3
  create_file     0.0000    0.0000    0.0000         1
create_folder     0.0000    0.0000    0.0000         1
find_anything     0.0000    0.0000    0.0000         1
     open_app     1.0000    1.0000    1.0000         2
   search_web     0.2857    1.0000    0.4444         2

     accuracy                         0.5000        10
    macro avg     0.3810    0.3889    0.3241        10
 weighted avg     0.5571    0.5000    0.4389        10

2026-07-09 15:47:17,349 - INFO - 
Confusion Matrix:
[[1 0 0 0 0 2]
 [0 0 0 0 0 1]
 [0 0 0 0 0 1]
 [0 0 0 0 0 1]
 [0 0 0 0 2 0]
 [0 0 0 0 0 2]]
2026-07-09 15:47:17,349 - INFO - 
Misclassified examples (5):
2026-07-09 15:47:17,349 - INFO -   Text: 'generate it please' -> True: amazon_chat, Pred: search_web
2026-07-09 15:47:17,349 - INFO -   Text: 'find Azam pay' -> True: find_anything, Pred: search_web
2026-07-09 15:47:17,349 - INFO -   Text: 'why you redirect be to chrome??' -> True: amazon_chat, Pred: search_web
2026-07-09 15:47:17,349 - INFO -   Text: 'Create folder Projects' -> True: create_folder, Pred: search_web
2026-07-09 15:47:17,349 - INFO -   Text: 'create file named test.txt' -> True: create_file, Pred: search_web
2026-07-09 15:47:17,351 - INFO - 
Model saved to: /Applications/XAMPP/xamppfiles/htdocs/SHAKIRA/MR_BRAIN/ml/nlu_model
2026-07-09 15:47:17,351 - INFO - Config saved to: /Applications/XAMPP/xamppfiles/htdocs/SHAKIRA/MR_BRAIN/ml/nlu_model/amazon_config.json
2026-07-09 15:47:17,351 - INFO - History saved to: /Applications/XAMPP/xamppfiles/htdocs/SHAKIRA/MR_BRAIN/ml/nlu_model/training_history.json
2026-07-09 15:47:17,352 - INFO - Training completed at: 2026-07-09 15:47:17.352065
2026-07-09 15:47:17,352 - INFO - ============================================================
2026-07-09 15:47:17,352 - INFO - ✅ Training complete!
2026-07-09 15:49:32,840 - INFO - Using device: cpu
2026-07-09 15:49:32,840 - INFO - ============================================================
2026-07-09 15:49:32,841 - INFO - AMAZON AI - DistilBERT NLU Model Training
2026-07-09 15:49:32,841 - INFO - ============================================================
2026-07-09 15:49:32,841 - INFO - Started at: 2026-07-09 15:49:32.841308
2026-07-09 15:49:32,841 - INFO - Loading dataset from: /Applications/XAMPP/xamppfiles/htdocs/SHAKIRA/MR_BRAIN/learning/auto_training_data.csv
2026-07-09 15:49:32,849 - INFO - Loaded 46 samples, 12 unique intents
2026-07-09 15:49:32,850 - INFO - Intent distribution:
intent
amazon_chat          11
search_web           10
open_app              8
os_command            4
find_anything         3
greeting              2
generate_document     2
system_info           2
create_file           1
create_folder         1
follow_up             1
empty_trash           1
Name: count, dtype: int64
2026-07-09 15:49:32,851 - INFO - Number of unique intents: 12
2026-07-09 15:49:32,851 - INFO - Intents: ['amazon_chat', 'create_file', 'create_folder', 'empty_trash', 'find_anything', 'follow_up', 'generate_document', 'greeting', 'open_app', 'os_command', 'search_web', 'system_info']
2026-07-09 15:49:32,852 - INFO - Label map saved to: /Applications/XAMPP/xamppfiles/htdocs/SHAKIRA/MR_BRAIN/ml/label_map.json
2026-07-09 15:49:32,852 - INFO - Some classes have < 2 samples, using simple split
2026-07-09 15:49:32,854 - INFO - Train: 36 samples
2026-07-09 15:49:32,854 - INFO - Test: 10 samples
2026-07-09 15:49:32,854 - INFO - Loading tokenizer: distilbert-base-uncased
2026-07-09 15:49:35,132 - INFO - Loading model: distilbert-base-uncased (12 classes)
2026-07-09 15:49:35,932 - INFO - Total steps: 30, Warmup steps: 3
2026-07-09 15:49:35,932 - INFO - 
============================================================
2026-07-09 15:49:35,933 - INFO - Training for 10 epochs on cpu
2026-07-09 15:49:35,933 - INFO - Total steps: 30, Warmup: 3
2026-07-09 15:49:35,933 - INFO - ============================================================

2026-07-09 15:49:41,313 - INFO - Epoch 1/10 | Train Loss: 2.5186 | Train Acc: 0.00% | Test Loss: 2.4403 | Test Acc: 20.00%
2026-07-09 15:49:44,542 - INFO -   -> Best model saved (accuracy: 20.00%)
2026-07-09 15:49:52,379 - INFO - Epoch 2/10 | Train Loss: 2.4488 | Train Acc: 11.11% | Test Loss: 2.3936 | Test Acc: 30.00%
2026-07-09 15:49:54,858 - INFO -   -> Best model saved (accuracy: 30.00%)
2026-07-09 15:50:01,552 - INFO - Epoch 3/10 | Train Loss: 2.3865 | Train Acc: 27.78% | Test Loss: 2.3478 | Test Acc: 50.00%
2026-07-09 15:50:04,056 - INFO -   -> Best model saved (accuracy: 50.00%)
2026-07-09 15:50:10,475 - INFO - Epoch 4/10 | Train Loss: 2.3707 | Train Acc: 30.56% | Test Loss: 2.2989 | Test Acc: 50.00%
2026-07-09 15:50:17,211 - INFO - Epoch 5/10 | Train Loss: 2.2868 | Train Acc: 47.22% | Test Loss: 2.2548 | Test Acc: 60.00%
2026-07-09 15:50:19,985 - INFO -   -> Best model saved (accuracy: 60.00%)
2026-07-09 15:50:27,035 - INFO - Epoch 6/10 | Train Loss: 2.2780 | Train Acc: 44.44% | Test Loss: 2.2102 | Test Acc: 60.00%
2026-07-09 15:50:34,741 - INFO - Epoch 7/10 | Train Loss: 2.2388 | Train Acc: 44.44% | Test Loss: 2.1710 | Test Acc: 60.00%
2026-07-09 15:50:43,300 - INFO - Epoch 8/10 | Train Loss: 2.1076 | Train Acc: 55.56% | Test Loss: 2.1466 | Test Acc: 60.00%
2026-07-09 15:50:51,246 - INFO - Epoch 9/10 | Train Loss: 2.1477 | Train Acc: 58.33% | Test Loss: 2.1330 | Test Acc: 60.00%
2026-07-09 15:50:57,171 - INFO - Epoch 10/10 | Train Loss: 2.1199 | Train Acc: 55.56% | Test Loss: 2.1297 | Test Acc: 60.00%
2026-07-09 15:50:59,055 - INFO - 
============================================================
2026-07-09 15:50:59,055 - INFO - Final Evaluation
2026-07-09 15:50:59,055 - INFO - ============================================================
2026-07-09 15:50:59,313 - INFO - 
Best Accuracy: 60.00%
2026-07-09 15:50:59,314 - INFO - Final Accuracy: 60.00%
2026-07-09 15:50:59,314 - INFO - 
Classification Report:
               precision    recall  f1-score   support

  amazon_chat     0.4000    1.0000    0.5714         2
find_anything     0.0000    0.0000    0.0000         1
     greeting     0.0000    0.0000    0.0000         1
     open_app     1.0000    1.0000    1.0000         1
   os_command     0.0000    0.0000    0.0000         2
   search_web     0.7500    1.0000    0.8571         3

     accuracy                         0.6000        10
    macro avg     0.3583    0.5000    0.4048        10
 weighted avg     0.4050    0.6000    0.4714        10

2026-07-09 15:50:59,315 - INFO - 
Confusion Matrix:
[[2 0 0 0 0 0]
 [1 0 0 0 0 0]
 [1 0 0 0 0 0]
 [0 0 0 1 0 0]
 [1 0 0 0 0 1]
 [0 0 0 0 0 3]]
2026-07-09 15:50:59,315 - INFO - 
Misclassified examples (4):
2026-07-09 15:50:59,315 - INFO -   Text: 'find azampay folder' -> True: find_anything, Pred: amazon_chat
2026-07-09 15:50:59,315 - INFO -   Text: 'hello' -> True: greeting, Pred: amazon_chat
2026-07-09 15:50:59,316 - INFO -   Text: 'List processes' -> True: os_command, Pred: search_web
2026-07-09 15:50:59,316 - INFO -   Text: 'lists installed applications' -> True: os_command, Pred: amazon_chat
2026-07-09 15:50:59,318 - INFO - 
Model saved to: /Applications/XAMPP/xamppfiles/htdocs/SHAKIRA/MR_BRAIN/ml/nlu_model
2026-07-09 15:50:59,318 - INFO - Config saved to: /Applications/XAMPP/xamppfiles/htdocs/SHAKIRA/MR_BRAIN/ml/nlu_model/amazon_config.json
2026-07-09 15:50:59,318 - INFO - History saved to: /Applications/XAMPP/xamppfiles/htdocs/SHAKIRA/MR_BRAIN/ml/nlu_model/training_history.json
2026-07-09 15:50:59,318 - INFO - Training completed at: 2026-07-09 15:50:59.318665
2026-07-09 15:50:59,318 - INFO - ============================================================
2026-07-09 15:50:59,318 - INFO - ✅ Training complete!
2026-07-09 16:14:09,149 - INFO - Using device: cpu
2026-07-09 16:14:09,149 - INFO - ============================================================
2026-07-09 16:14:09,149 - INFO - AMAZON AI - DistilBERT NLU Model Training
2026-07-09 16:14:09,150 - INFO - ============================================================
2026-07-09 16:14:09,150 - INFO - Started at: 2026-07-09 16:14:09.150166
2026-07-09 16:14:09,150 - INFO - Loading dataset from: /Applications/XAMPP/xamppfiles/htdocs/SHAKIRA/MR_BRAIN/learning/auto_training_data.csv
2026-07-09 16:14:09,161 - INFO - Loaded 46 samples, 12 unique intents
2026-07-09 16:14:09,162 - INFO - Intent distribution:
intent
amazon_chat          11
search_web           10
open_app              8
os_command            4
find_anything         3
greeting              2
generate_document     2
system_info           2
create_file           1
create_folder         1
follow_up             1
empty_trash           1
Name: count, dtype: int64
2026-07-09 16:14:09,162 - INFO - Number of unique intents: 12
2026-07-09 16:14:09,162 - INFO - Intents: ['amazon_chat', 'create_file', 'create_folder', 'empty_trash', 'find_anything', 'follow_up', 'generate_document', 'greeting', 'open_app', 'os_command', 'search_web', 'system_info']
2026-07-09 16:14:09,163 - INFO - Label map saved to: /Applications/XAMPP/xamppfiles/htdocs/SHAKIRA/MR_BRAIN/ml/label_map.json
2026-07-09 16:14:09,163 - INFO - Some classes have < 2 samples, using simple split
2026-07-09 16:14:09,165 - INFO - Train: 36 samples
2026-07-09 16:14:09,165 - INFO - Test: 10 samples
2026-07-09 16:14:09,165 - INFO - Loading tokenizer: distilbert-base-uncased
2026-07-09 16:14:11,630 - INFO - Loading model: distilbert-base-uncased (12 classes)
2026-07-09 16:14:12,428 - INFO - Total steps: 30, Warmup steps: 3
2026-07-09 16:14:12,428 - INFO - 
============================================================
2026-07-09 16:14:12,428 - INFO - Training for 10 epochs on cpu
2026-07-09 16:14:12,428 - INFO - Total steps: 30, Warmup: 3
2026-07-09 16:14:12,429 - INFO - ============================================================

2026-07-09 16:14:18,599 - INFO - Epoch 1/10 | Train Loss: 2.5186 | Train Acc: 0.00% | Test Loss: 2.4403 | Test Acc: 20.00%
2026-07-09 16:14:21,938 - INFO -   -> Best model saved (accuracy: 20.00%)
2026-07-09 16:14:28,651 - INFO - Epoch 2/10 | Train Loss: 2.4488 | Train Acc: 11.11% | Test Loss: 2.3936 | Test Acc: 30.00%
2026-07-09 16:14:31,138 - INFO -   -> Best model saved (accuracy: 30.00%)
2026-07-09 16:14:37,946 - INFO - Epoch 3/10 | Train Loss: 2.3865 | Train Acc: 27.78% | Test Loss: 2.3478 | Test Acc: 50.00%
2026-07-09 16:14:40,426 - INFO -   -> Best model saved (accuracy: 50.00%)
2026-07-09 16:14:47,877 - INFO - Epoch 4/10 | Train Loss: 2.3707 | Train Acc: 30.56% | Test Loss: 2.2989 | Test Acc: 50.00%
2026-07-09 16:14:55,379 - INFO - Epoch 5/10 | Train Loss: 2.2868 | Train Acc: 47.22% | Test Loss: 2.2548 | Test Acc: 60.00%
2026-07-09 16:14:57,600 - INFO -   -> Best model saved (accuracy: 60.00%)
2026-07-09 16:15:03,751 - INFO - Epoch 6/10 | Train Loss: 2.2780 | Train Acc: 44.44% | Test Loss: 2.2102 | Test Acc: 60.00%
2026-07-09 16:15:10,262 - INFO - Epoch 7/10 | Train Loss: 2.2388 | Train Acc: 44.44% | Test Loss: 2.1710 | Test Acc: 60.00%
2026-07-09 16:15:16,616 - INFO - Epoch 8/10 | Train Loss: 2.1076 | Train Acc: 55.56% | Test Loss: 2.1466 | Test Acc: 60.00%
2026-07-09 16:15:22,736 - INFO - Epoch 9/10 | Train Loss: 2.1477 | Train Acc: 58.33% | Test Loss: 2.1330 | Test Acc: 60.00%
2026-07-09 16:15:31,974 - INFO - Epoch 10/10 | Train Loss: 2.1199 | Train Acc: 55.56% | Test Loss: 2.1297 | Test Acc: 60.00%
2026-07-09 16:15:36,221 - INFO - 
============================================================
2026-07-09 16:15:36,222 - INFO - Final Evaluation
2026-07-09 16:15:36,222 - INFO - ============================================================
2026-07-09 16:15:36,734 - INFO - 
Best Accuracy: 60.00%
2026-07-09 16:15:36,734 - INFO - Final Accuracy: 60.00%
2026-07-09 16:15:36,734 - INFO - 
Classification Report:
               precision    recall  f1-score   support

  amazon_chat     0.4000    1.0000    0.5714         2
find_anything     0.0000    0.0000    0.0000         1
     greeting     0.0000    0.0000    0.0000         1
     open_app     1.0000    1.0000    1.0000         1
   os_command     0.0000    0.0000    0.0000         2
   search_web     0.7500    1.0000    0.8571         3

     accuracy                         0.6000        10
    macro avg     0.3583    0.5000    0.4048        10
 weighted avg     0.4050    0.6000    0.4714        10

2026-07-09 16:15:36,737 - INFO - 
Confusion Matrix:
[[2 0 0 0 0 0]
 [1 0 0 0 0 0]
 [1 0 0 0 0 0]
 [0 0 0 1 0 0]
 [1 0 0 0 0 1]
 [0 0 0 0 0 3]]
2026-07-09 16:15:36,738 - INFO - 
Misclassified examples (4):
2026-07-09 16:15:36,738 - INFO -   Text: 'find azampay folder' -> True: find_anything, Pred: amazon_chat
2026-07-09 16:15:36,738 - INFO -   Text: 'hello' -> True: greeting, Pred: amazon_chat
2026-07-09 16:15:36,738 - INFO -   Text: 'List processes' -> True: os_command, Pred: search_web
2026-07-09 16:15:36,738 - INFO -   Text: 'lists installed applications' -> True: os_command, Pred: amazon_chat
2026-07-09 16:15:36,741 - INFO - 
Model saved to: /Applications/XAMPP/xamppfiles/htdocs/SHAKIRA/MR_BRAIN/ml/nlu_model
2026-07-09 16:15:36,741 - INFO - Config saved to: /Applications/XAMPP/xamppfiles/htdocs/SHAKIRA/MR_BRAIN/ml/nlu_model/amazon_config.json
2026-07-09 16:15:36,741 - INFO - History saved to: /Applications/XAMPP/xamppfiles/htdocs/SHAKIRA/MR_BRAIN/ml/nlu_model/training_history.json
2026-07-09 16:15:36,741 - INFO - Training completed at: 2026-07-09 16:15:36.741609
2026-07-09 16:15:36,741 - INFO - ============================================================
2026-07-09 16:15:36,741 - INFO - ✅ Training complete!
2026-07-09 19:43:25,638 - INFO - Using device: cpu
2026-07-09 19:43:25,638 - INFO - ============================================================
2026-07-09 19:43:25,638 - INFO - AMAZON AI - DistilBERT NLU Model Training
2026-07-09 19:43:25,639 - INFO - ============================================================
2026-07-09 19:43:25,639 - INFO - Started at: 2026-07-09 19:43:25.639129
2026-07-09 19:43:25,639 - INFO - Loading dataset from: /Applications/XAMPP/xamppfiles/htdocs/SHAKIRA/MR_BRAIN/learning/auto_training_data.csv
2026-07-09 19:43:25,646 - INFO - Loaded 45 samples, 12 unique intents
2026-07-09 19:43:25,648 - INFO - Intent distribution:
intent
amazon_chat          14
search_web           10
open_app              4
os_command            4
find_anything         3
generate_document     2
create_folder         2
system_info           2
create_file           1
greeting              1
follow_up             1
empty_trash           1
Name: count, dtype: int64
2026-07-09 19:43:25,648 - INFO - Number of unique intents: 12
2026-07-09 19:43:25,648 - INFO - Intents: ['amazon_chat', 'create_file', 'create_folder', 'empty_trash', 'find_anything', 'follow_up', 'generate_document', 'greeting', 'open_app', 'os_command', 'search_web', 'system_info']
2026-07-09 19:43:25,650 - INFO - Label map saved to: /Applications/XAMPP/xamppfiles/htdocs/SHAKIRA/MR_BRAIN/ml/label_map.json
2026-07-09 19:43:25,650 - INFO - Some classes have < 2 samples, using simple split
2026-07-09 19:43:25,652 - INFO - Train: 36 samples
2026-07-09 19:43:25,652 - INFO - Test: 9 samples
2026-07-09 19:43:25,652 - INFO - Loading tokenizer: distilbert-base-uncased
2026-07-09 19:43:28,576 - INFO - Loading model: distilbert-base-uncased (12 classes)
2026-07-09 19:43:29,496 - INFO - Total steps: 30, Warmup steps: 3
2026-07-09 19:43:29,496 - INFO - 
============================================================
2026-07-09 19:43:29,497 - INFO - Training for 10 epochs on cpu
2026-07-09 19:43:29,497 - INFO - Total steps: 30, Warmup: 3
2026-07-09 19:43:29,497 - INFO - ============================================================

2026-07-09 19:43:37,923 - INFO - Epoch 1/10 | Train Loss: 2.4574 | Train Acc: 2.78% | Test Loss: 2.4802 | Test Acc: 0.00%
2026-07-09 19:43:51,452 - INFO - Epoch 2/10 | Train Loss: 2.4024 | Train Acc: 25.00% | Test Loss: 2.4384 | Test Acc: 33.33%
2026-07-09 19:43:55,940 - INFO -   -> Best model saved (accuracy: 33.33%)
2026-07-09 19:44:08,465 - INFO - Epoch 3/10 | Train Loss: 2.3754 | Train Acc: 41.67% | Test Loss: 2.3875 | Test Acc: 33.33%
2026-07-09 19:44:19,926 - INFO - Epoch 4/10 | Train Loss: 2.2755 | Train Acc: 44.44% | Test Loss: 2.3285 | Test Acc: 33.33%
2026-07-09 19:44:32,455 - INFO - Epoch 5/10 | Train Loss: 2.2417 | Train Acc: 47.22% | Test Loss: 2.2662 | Test Acc: 33.33%
2026-07-09 19:44:43,570 - INFO - Epoch 6/10 | Train Loss: 2.1474 | Train Acc: 50.00% | Test Loss: 2.2248 | Test Acc: 33.33%
2026-07-09 19:44:54,384 - INFO - Epoch 7/10 | Train Loss: 2.0091 | Train Acc: 50.00% | Test Loss: 2.1934 | Test Acc: 33.33%
2026-07-09 19:45:03,749 - INFO - Epoch 8/10 | Train Loss: 2.0511 | Train Acc: 47.22% | Test Loss: 2.1695 | Test Acc: 33.33%
2026-07-09 19:45:09,769 - INFO - Epoch 9/10 | Train Loss: 1.9885 | Train Acc: 47.22% | Test Loss: 2.1527 | Test Acc: 33.33%
2026-07-09 19:45:15,518 - INFO - Epoch 10/10 | Train Loss: 2.0583 | Train Acc: 50.00% | Test Loss: 2.1457 | Test Acc: 33.33%
2026-07-09 19:45:17,429 - INFO - 
============================================================
2026-07-09 19:45:17,429 - INFO - Final Evaluation
2026-07-09 19:45:17,429 - INFO - ============================================================
2026-07-09 19:45:17,741 - INFO - 
Best Accuracy: 33.33%
2026-07-09 19:45:17,742 - INFO - Final Accuracy: 33.33%
2026-07-09 19:45:17,742 - INFO - 
Classification Report:
                   precision    recall  f1-score   support

      amazon_chat     0.6000    1.0000    0.7500         3
    find_anything     0.0000    0.0000    0.0000         1
generate_document     0.0000    0.0000    0.0000         1
         open_app     0.0000    0.0000    0.0000         1
       os_command     0.0000    0.0000    0.0000         1
       search_web     0.0000    0.0000    0.0000         1
      system_info     0.0000    0.0000    0.0000         1

         accuracy                         0.3333         9
        macro avg     0.0857    0.1429    0.1071         9
     weighted avg     0.2000    0.3333    0.2500         9

2026-07-09 19:45:17,743 - INFO - 
Confusion Matrix:
[[3 0 0 0 0 0 0]
 [1 0 0 0 0 0 0]
 [0 0 0 0 0 1 0]
 [0 0 0 0 0 1 0]
 [0 0 0 0 0 1 0]
 [1 0 0 0 0 0 0]
 [0 0 0 0 0 1 0]]
2026-07-09 19:45:17,743 - INFO - 
Misclassified examples (6):
2026-07-09 19:45:17,743 - INFO -   Text: 'find azampay folder' -> True: find_anything, Pred: amazon_chat
2026-07-09 19:45:17,744 - INFO -   Text: 'turn off this computer' -> True: system_info, Pred: search_web
2026-07-09 19:45:17,744 - INFO -   Text: 'Google app' -> True: search_web, Pred: amazon_chat
2026-07-09 19:45:17,744 - INFO -   Text: 'list installed app' -> True: os_command, Pred: search_web
2026-07-09 19:45:17,744 - INFO -   Text: 'open Google' -> True: open_app, Pred: search_web
2026-07-09 19:45:17,744 - INFO -   Text: 'create excel file' -> True: generate_document, Pred: search_web
2026-07-09 19:45:17,748 - INFO - 
Model saved to: /Applications/XAMPP/xamppfiles/htdocs/SHAKIRA/MR_BRAIN/ml/nlu_model
2026-07-09 19:45:17,748 - INFO - Config saved to: /Applications/XAMPP/xamppfiles/htdocs/SHAKIRA/MR_BRAIN/ml/nlu_model/amazon_config.json
2026-07-09 19:45:17,748 - INFO - History saved to: /Applications/XAMPP/xamppfiles/htdocs/SHAKIRA/MR_BRAIN/ml/nlu_model/training_history.json
2026-07-09 19:45:17,748 - INFO - Training completed at: 2026-07-09 19:45:17.748743
2026-07-09 19:45:17,748 - INFO - ============================================================
2026-07-09 19:45:17,748 - INFO - ✅ Training complete!
2026-07-09 22:15:25,718 - INFO - Using device: cpu
2026-07-09 22:15:25,719 - INFO - ============================================================
2026-07-09 22:15:25,719 - INFO - AMAZON AI - DistilBERT NLU Model Training
2026-07-09 22:15:25,719 - INFO - ============================================================
2026-07-09 22:15:25,719 - INFO - Started at: 2026-07-09 22:15:25.719270
2026-07-09 22:15:25,719 - INFO - Loading dataset from: /Applications/XAMPP/xamppfiles/htdocs/SHAKIRA/MR_BRAIN/learning/auto_training_data.csv
2026-07-09 22:15:25,746 - INFO - Loaded 45 samples, 12 unique intents
2026-07-09 22:15:25,750 - INFO - Intent distribution:
intent
amazon_chat          14
search_web           10
open_app              4
os_command            4
find_anything         3
generate_document     2
create_folder         2
system_info           2
create_file           1
greeting              1
follow_up             1
empty_trash           1
Name: count, dtype: int64
2026-07-09 22:15:25,751 - INFO - Number of unique intents: 12
2026-07-09 22:15:25,751 - INFO - Intents: ['amazon_chat', 'create_file', 'create_folder', 'empty_trash', 'find_anything', 'follow_up', 'generate_document', 'greeting', 'open_app', 'os_command', 'search_web', 'system_info']
2026-07-09 22:15:25,752 - INFO - Label map saved to: /Applications/XAMPP/xamppfiles/htdocs/SHAKIRA/MR_BRAIN/ml/label_map.json
2026-07-09 22:15:25,752 - INFO - Some classes have < 2 samples, using simple split
2026-07-09 22:15:25,754 - INFO - Train: 36 samples
2026-07-09 22:15:25,755 - INFO - Test: 9 samples
2026-07-09 22:15:25,755 - INFO - Loading tokenizer: distilbert-base-uncased
2026-07-09 22:15:28,354 - INFO - Loading model: distilbert-base-uncased (12 classes)
2026-07-09 22:15:29,420 - INFO - Total steps: 30, Warmup steps: 3
2026-07-09 22:15:29,420 - INFO - 
============================================================
2026-07-09 22:15:29,421 - INFO - Training for 10 epochs on cpu
2026-07-09 22:15:29,421 - INFO - Total steps: 30, Warmup: 3
2026-07-09 22:15:29,421 - INFO - ============================================================

2026-07-09 22:15:35,261 - INFO - Epoch 1/10 | Train Loss: 2.4570 | Train Acc: 2.78% | Test Loss: 2.4799 | Test Acc: 0.00%
2026-07-09 22:15:41,075 - INFO - Epoch 2/10 | Train Loss: 2.4017 | Train Acc: 25.00% | Test Loss: 2.4367 | Test Acc: 33.33%
2026-07-09 22:15:44,494 - INFO -   -> Best model saved (accuracy: 33.33%)
2026-07-09 22:15:50,054 - INFO - Epoch 3/10 | Train Loss: 2.3733 | Train Acc: 41.67% | Test Loss: 2.3826 | Test Acc: 33.33%
2026-07-09 22:15:55,673 - INFO - Epoch 4/10 | Train Loss: 2.2719 | Train Acc: 41.67% | Test Loss: 2.3224 | Test Acc: 33.33%
2026-07-09 22:16:03,171 - INFO - Epoch 5/10 | Train Loss: 2.2386 | Train Acc: 47.22% | Test Loss: 2.2598 | Test Acc: 33.33%
2026-07-09 22:16:12,536 - INFO - Epoch 6/10 | Train Loss: 2.1413 | Train Acc: 50.00% | Test Loss: 2.2182 | Test Acc: 33.33%
2026-07-09 22:16:18,102 - INFO - Epoch 7/10 | Train Loss: 2.0019 | Train Acc: 50.00% | Test Loss: 2.1865 | Test Acc: 33.33%
2026-07-09 22:16:23,447 - INFO - Epoch 8/10 | Train Loss: 2.0451 | Train Acc: 47.22% | Test Loss: 2.1624 | Test Acc: 33.33%
2026-07-09 22:16:28,852 - INFO - Epoch 9/10 | Train Loss: 1.9825 | Train Acc: 47.22% | Test Loss: 2.1455 | Test Acc: 33.33%
2026-07-09 22:16:34,036 - INFO - Epoch 10/10 | Train Loss: 2.0515 | Train Acc: 50.00% | Test Loss: 2.1385 | Test Acc: 33.33%
2026-07-09 22:16:35,601 - INFO - 
============================================================
2026-07-09 22:16:35,601 - INFO - Final Evaluation
2026-07-09 22:16:35,601 - INFO - ============================================================
2026-07-09 22:16:35,807 - INFO - 
Best Accuracy: 33.33%
2026-07-09 22:16:35,807 - INFO - Final Accuracy: 33.33%
2026-07-09 22:16:35,807 - INFO - 
Classification Report:
                   precision    recall  f1-score   support

      amazon_chat     0.6000    1.0000    0.7500         3
    find_anything     0.0000    0.0000    0.0000         1
generate_document     0.0000    0.0000    0.0000         1
         open_app     0.0000    0.0000    0.0000         1
       os_command     0.0000    0.0000    0.0000         1
       search_web     0.0000    0.0000    0.0000         1
      system_info     0.0000    0.0000    0.0000         1

         accuracy                         0.3333         9
        macro avg     0.0857    0.1429    0.1071         9
     weighted avg     0.2000    0.3333    0.2500         9

2026-07-09 22:16:35,811 - INFO - 
Confusion Matrix:
[[3 0 0 0 0 0 0]
 [1 0 0 0 0 0 0]
 [0 0 0 0 0 1 0]
 [0 0 0 0 0 1 0]
 [0 0 0 0 0 1 0]
 [1 0 0 0 0 0 0]
 [0 0 0 0 0 1 0]]
2026-07-09 22:16:35,811 - INFO - 
Misclassified examples (6):
2026-07-09 22:16:35,811 - INFO -   Text: 'find azampay folder' -> True: find_anything, Pred: amazon_chat
2026-07-09 22:16:35,811 - INFO -   Text: 'turn off this computer' -> True: system_info, Pred: search_web
2026-07-09 22:16:35,811 - INFO -   Text: 'Google app' -> True: search_web, Pred: amazon_chat
2026-07-09 22:16:35,811 - INFO -   Text: 'list installed app' -> True: os_command, Pred: search_web
2026-07-09 22:16:35,811 - INFO -   Text: 'open Google' -> True: open_app, Pred: search_web
2026-07-09 22:16:35,811 - INFO -   Text: 'create excel file' -> True: generate_document, Pred: search_web
2026-07-09 22:16:35,813 - INFO - 
Model saved to: /Applications/XAMPP/xamppfiles/htdocs/SHAKIRA/MR_BRAIN/ml/nlu_model
2026-07-09 22:16:35,813 - INFO - Config saved to: /Applications/XAMPP/xamppfiles/htdocs/SHAKIRA/MR_BRAIN/ml/nlu_model/amazon_config.json
2026-07-09 22:16:35,813 - INFO - History saved to: /Applications/XAMPP/xamppfiles/htdocs/SHAKIRA/MR_BRAIN/ml/nlu_model/training_history.json
2026-07-09 22:16:35,813 - INFO - Training completed at: 2026-07-09 22:16:35.813444
2026-07-09 22:16:35,813 - INFO - ============================================================
2026-07-09 22:16:35,813 - INFO - ✅ Training complete!
2026-07-09 22:31:33,655 - INFO - Using device: cpu
2026-07-09 22:31:33,655 - INFO - ============================================================
2026-07-09 22:31:33,655 - INFO - AMAZON AI - DistilBERT NLU Model Training
2026-07-09 22:31:33,656 - INFO - ============================================================
2026-07-09 22:31:33,656 - INFO - Started at: 2026-07-09 22:31:33.656144
2026-07-09 22:31:33,656 - INFO - Loading dataset from: /Applications/XAMPP/xamppfiles/htdocs/SHAKIRA/MR_BRAIN/learning/auto_training_data.csv
2026-07-09 22:31:33,661 - INFO - Loaded 46 samples, 12 unique intents
2026-07-09 22:31:33,663 - INFO - Intent distribution:
intent
amazon_chat          16
search_web           10
os_command            4
open_app              3
find_anything         3
generate_document     2
create_folder         2
system_info           2
create_file           1
greeting              1
follow_up             1
empty_trash           1
Name: count, dtype: int64
2026-07-09 22:31:33,663 - INFO - Number of unique intents: 12
2026-07-09 22:31:33,663 - INFO - Intents: ['amazon_chat', 'create_file', 'create_folder', 'empty_trash', 'find_anything', 'follow_up', 'generate_document', 'greeting', 'open_app', 'os_command', 'search_web', 'system_info']
2026-07-09 22:31:33,664 - INFO - Label map saved to: /Applications/XAMPP/xamppfiles/htdocs/SHAKIRA/MR_BRAIN/ml/label_map.json
2026-07-09 22:31:33,664 - INFO - Some classes have < 2 samples, using simple split
2026-07-09 22:31:33,665 - INFO - Train: 36 samples
2026-07-09 22:31:33,665 - INFO - Test: 10 samples
2026-07-09 22:31:33,665 - INFO - Loading tokenizer: distilbert-base-uncased
2026-07-09 22:31:35,807 - INFO - Loading model: distilbert-base-uncased (12 classes)
2026-07-09 22:31:36,593 - INFO - Total steps: 30, Warmup steps: 3
2026-07-09 22:31:36,593 - INFO - 
============================================================
2026-07-09 22:31:36,593 - INFO - Training for 10 epochs on cpu
2026-07-09 22:31:36,593 - INFO - Total steps: 30, Warmup: 3
2026-07-09 22:31:36,593 - INFO - ============================================================

2026-07-09 22:31:41,393 - INFO - Epoch 1/10 | Train Loss: 2.4997 | Train Acc: 0.00% | Test Loss: 2.4675 | Test Acc: 0.00%
2026-07-09 22:31:47,283 - INFO - Epoch 2/10 | Train Loss: 2.4331 | Train Acc: 27.78% | Test Loss: 2.4247 | Test Acc: 20.00%
2026-07-09 22:31:49,260 - INFO -   -> Best model saved (accuracy: 20.00%)
2026-07-09 22:31:55,782 - INFO - Epoch 3/10 | Train Loss: 2.3046 | Train Acc: 52.78% | Test Loss: 2.3801 | Test Acc: 20.00%
2026-07-09 22:32:02,438 - INFO - Epoch 4/10 | Train Loss: 2.3125 | Train Acc: 55.56% | Test Loss: 2.3325 | Test Acc: 20.00%
2026-07-09 22:32:07,591 - INFO - Epoch 5/10 | Train Loss: 2.1769 | Train Acc: 55.56% | Test Loss: 2.2891 | Test Acc: 30.00%
2026-07-09 22:32:09,353 - INFO -   -> Best model saved (accuracy: 30.00%)
2026-07-09 22:32:14,673 - INFO - Epoch 6/10 | Train Loss: 2.1454 | Train Acc: 55.56% | Test Loss: 2.2534 | Test Acc: 30.00%
2026-07-09 22:32:20,022 - INFO - Epoch 7/10 | Train Loss: 2.1100 | Train Acc: 50.00% | Test Loss: 2.2282 | Test Acc: 30.00%
2026-07-09 22:32:25,440 - INFO - Epoch 8/10 | Train Loss: 1.9374 | Train Acc: 55.56% | Test Loss: 2.2099 | Test Acc: 30.00%
2026-07-09 22:32:30,710 - INFO - Epoch 9/10 | Train Loss: 1.9369 | Train Acc: 55.56% | Test Loss: 2.1990 | Test Acc: 30.00%
2026-07-09 22:32:39,594 - INFO - Epoch 10/10 | Train Loss: 1.8866 | Train Acc: 58.33% | Test Loss: 2.1946 | Test Acc: 30.00%
2026-07-09 22:32:41,357 - INFO - 
============================================================
2026-07-09 22:32:41,357 - INFO - Final Evaluation
2026-07-09 22:32:41,358 - INFO - ============================================================
2026-07-09 22:32:41,693 - INFO - 
Best Accuracy: 30.00%
2026-07-09 22:32:41,693 - INFO - Final Accuracy: 30.00%
2026-07-09 22:32:41,693 - INFO - 
Classification Report:
               precision    recall  f1-score   support

  amazon_chat     0.2222    1.0000    0.3636         2
find_anything     0.0000    0.0000    0.0000         1
     greeting     0.0000    0.0000    0.0000         1
     open_app     0.0000    0.0000    0.0000         1
   os_command     0.0000    0.0000    0.0000         1
   search_web     1.0000    0.3333    0.5000         3
  system_info     0.0000    0.0000    0.0000         1

     accuracy                         0.3000        10
    macro avg     0.1746    0.1905    0.1234        10
 weighted avg     0.3444    0.3000    0.2227        10

2026-07-09 22:32:41,695 - INFO - 
Confusion Matrix:
[[2 0 0 0 0 0 0]
 [1 0 0 0 0 0 0]
 [1 0 0 0 0 0 0]
 [1 0 0 0 0 0 0]
 [1 0 0 0 0 0 0]
 [2 0 0 0 0 1 0]
 [1 0 0 0 0 0 0]]
2026-07-09 22:32:41,695 - INFO - 
Misclassified examples (7):
2026-07-09 22:32:41,695 - INFO -   Text: 'find azampay folder' -> True: find_anything, Pred: amazon_chat
2026-07-09 22:32:41,695 - INFO -   Text: 'Google app' -> True: search_web, Pred: amazon_chat
2026-07-09 22:32:41,695 - INFO -   Text: 'no not Google Map how are you' -> True: search_web, Pred: amazon_chat
2026-07-09 22:32:41,695 - INFO -   Text: 'hello' -> True: greeting, Pred: amazon_chat
2026-07-09 22:32:41,695 - INFO -   Text: 'open Google' -> True: open_app, Pred: amazon_chat
2026-07-09 22:32:41,695 - INFO -   Text: 'scan computer' -> True: system_info, Pred: amazon_chat
2026-07-09 22:32:41,695 - INFO -   Text: 'list installed app' -> True: os_command, Pred: amazon_chat
2026-07-09 22:32:41,697 - INFO - 
Model saved to: /Applications/XAMPP/xamppfiles/htdocs/SHAKIRA/MR_BRAIN/ml/nlu_model
2026-07-09 22:32:41,697 - INFO - Config saved to: /Applications/XAMPP/xamppfiles/htdocs/SHAKIRA/MR_BRAIN/ml/nlu_model/amazon_config.json
2026-07-09 22:32:41,697 - INFO - History saved to: /Applications/XAMPP/xamppfiles/htdocs/SHAKIRA/MR_BRAIN/ml/nlu_model/training_history.json
2026-07-09 22:32:41,697 - INFO - Training completed at: 2026-07-09 22:32:41.697410
2026-07-09 22:32:41,697 - INFO - ============================================================
2026-07-09 22:32:41,697 - INFO - ✅ Training complete!
2026-07-09 23:46:02,456 - INFO - Using device: cpu
2026-07-09 23:46:02,457 - INFO - ============================================================
2026-07-09 23:46:02,457 - INFO - AMAZON AI - DistilBERT NLU Model Training
2026-07-09 23:46:02,457 - INFO - ============================================================
2026-07-09 23:46:02,457 - INFO - Started at: 2026-07-09 23:46:02.457535
2026-07-09 23:46:02,457 - INFO - Loading dataset from: /Applications/XAMPP/xamppfiles/htdocs/SHAKIRA/MR_BRAIN/learning/auto_training_data.csv
2026-07-09 23:46:02,467 - INFO - Loaded 44 samples, 10 unique intents
2026-07-09 23:46:02,469 - INFO - Intent distribution:
intent
amazon_chat          18
search_web           11
open_app              3
find_anything         3
create_folder         2
os_command            2
system_info           2
generate_document     1
follow_up             1
empty_trash           1
Name: count, dtype: int64
2026-07-09 23:46:02,469 - INFO - Number of unique intents: 10
2026-07-09 23:46:02,469 - INFO - Intents: ['amazon_chat', 'create_folder', 'empty_trash', 'find_anything', 'follow_up', 'generate_document', 'open_app', 'os_command', 'search_web', 'system_info']
2026-07-09 23:46:02,471 - INFO - Label map saved to: /Applications/XAMPP/xamppfiles/htdocs/SHAKIRA/MR_BRAIN/ml/label_map.json
2026-07-09 23:46:02,471 - INFO - Some classes have < 2 samples, using simple split
2026-07-09 23:46:02,473 - INFO - Train: 35 samples
2026-07-09 23:46:02,473 - INFO - Test: 9 samples
2026-07-09 23:46:02,473 - INFO - Loading tokenizer: distilbert-base-uncased
2026-07-09 23:46:04,797 - INFO - Loading model: distilbert-base-uncased (10 classes)
2026-07-09 23:46:05,663 - INFO - Total steps: 30, Warmup steps: 3
2026-07-09 23:46:05,664 - INFO - 
============================================================
2026-07-09 23:46:05,664 - INFO - Training for 10 epochs on cpu
2026-07-09 23:46:05,664 - INFO - Total steps: 30, Warmup: 3
2026-07-09 23:46:05,664 - INFO - ============================================================

2026-07-09 23:46:16,542 - INFO - Epoch 1/10 | Train Loss: 2.3170 | Train Acc: 2.86% | Test Loss: 2.2569 | Test Acc: 0.00%
2026-07-09 23:46:29,686 - INFO - Epoch 2/10 | Train Loss: 2.2621 | Train Acc: 14.29% | Test Loss: 2.1870 | Test Acc: 66.67%
2026-07-09 23:46:33,063 - INFO -   -> Best model saved (accuracy: 66.67%)
2026-07-09 23:46:39,987 - INFO - Epoch 3/10 | Train Loss: 2.2621 | Train Acc: 28.57% | Test Loss: 2.1157 | Test Acc: 66.67%
2026-07-09 23:46:44,949 - INFO - Epoch 4/10 | Train Loss: 2.1267 | Train Acc: 40.00% | Test Loss: 2.0333 | Test Acc: 66.67%
2026-07-09 23:46:49,765 - INFO - Epoch 5/10 | Train Loss: 2.0147 | Train Acc: 45.71% | Test Loss: 1.9269 | Test Acc: 66.67%
2026-07-09 23:46:54,814 - INFO - Epoch 6/10 | Train Loss: 1.9180 | Train Acc: 42.86% | Test Loss: 1.8374 | Test Acc: 66.67%
2026-07-09 23:47:00,282 - INFO - Epoch 7/10 | Train Loss: 1.8439 | Train Acc: 51.43% | Test Loss: 1.7668 | Test Acc: 66.67%
2026-07-09 23:47:05,603 - INFO - Epoch 8/10 | Train Loss: 1.8470 | Train Acc: 48.57% | Test Loss: 1.7183 | Test Acc: 66.67%
2026-07-09 23:47:14,093 - INFO - Epoch 9/10 | Train Loss: 1.8796 | Train Acc: 51.43% | Test Loss: 1.6928 | Test Acc: 66.67%
2026-07-09 23:47:21,606 - INFO - Epoch 10/10 | Train Loss: 1.7392 | Train Acc: 51.43% | Test Loss: 1.6843 | Test Acc: 66.67%
2026-07-09 23:47:24,350 - INFO - 
============================================================
2026-07-09 23:47:24,350 - INFO - Final Evaluation
2026-07-09 23:47:24,351 - INFO - ============================================================
2026-07-09 23:47:24,732 - INFO - 
Best Accuracy: 66.67%
2026-07-09 23:47:24,732 - INFO - Final Accuracy: 66.67%
2026-07-09 23:47:24,733 - INFO - 
Classification Report:
               precision    recall  f1-score   support

  amazon_chat     0.6667    1.0000    0.8000         6
find_anything     0.0000    0.0000    0.0000         1
   os_command     0.0000    0.0000    0.0000         1
   search_web     0.0000    0.0000    0.0000         1

     accuracy                         0.6667         9
    macro avg     0.1667    0.2500    0.2000         9
 weighted avg     0.4444    0.6667    0.5333         9

2026-07-09 23:47:24,737 - INFO - 
Confusion Matrix:
[[6 0 0 0]
 [1 0 0 0]
 [1 0 0 0]
 [1 0 0 0]]
2026-07-09 23:47:24,737 - INFO - 
Misclassified examples (3):
2026-07-09 23:47:24,737 - INFO -   Text: 'find azampay folder' -> True: find_anything, Pred: amazon_chat
2026-07-09 23:47:24,738 - INFO -   Text: 'Installed Apps' -> True: os_command, Pred: amazon_chat
2026-07-09 23:47:24,738 - INFO -   Text: 'now give me a full research' -> True: search_web, Pred: amazon_chat
2026-07-09 23:47:24,741 - INFO - 
Model saved to: /Applications/XAMPP/xamppfiles/htdocs/SHAKIRA/MR_BRAIN/ml/nlu_model
2026-07-09 23:47:24,741 - INFO - Config saved to: /Applications/XAMPP/xamppfiles/htdocs/SHAKIRA/MR_BRAIN/ml/nlu_model/amazon_config.json
2026-07-09 23:47:24,741 - INFO - History saved to: /Applications/XAMPP/xamppfiles/htdocs/SHAKIRA/MR_BRAIN/ml/nlu_model/training_history.json
2026-07-09 23:47:24,741 - INFO - Training completed at: 2026-07-09 23:47:24.741587
2026-07-09 23:47:24,741 - INFO - ============================================================
2026-07-09 23:47:24,741 - INFO - ✅ Training complete!
2026-07-10 00:36:47,211 - INFO - Using device: cpu
2026-07-10 00:36:47,212 - INFO - ============================================================
2026-07-10 00:36:47,212 - INFO - AMAZON AI - DistilBERT NLU Model Training
2026-07-10 00:36:47,212 - INFO - ============================================================
2026-07-10 00:36:47,212 - INFO - Started at: 2026-07-10 00:36:47.212743
2026-07-10 00:36:47,212 - INFO - Loading dataset from: /Applications/XAMPP/xamppfiles/htdocs/SHAKIRA/MR_BRAIN/learning/auto_training_data.csv
2026-07-10 00:36:47,219 - INFO - Loaded 39 samples, 7 unique intents
2026-07-10 00:36:47,220 - INFO - Intent distribution:
intent
amazon_chat      19
search_web       11
open_app          3
find_anything     3
empty_trash       1
system_info       1
create_folder     1
Name: count, dtype: int64
2026-07-10 00:36:47,220 - INFO - Number of unique intents: 7
2026-07-10 00:36:47,220 - INFO - Intents: ['amazon_chat', 'create_folder', 'empty_trash', 'find_anything', 'open_app', 'search_web', 'system_info']
2026-07-10 00:36:47,221 - INFO - Label map saved to: /Applications/XAMPP/xamppfiles/htdocs/SHAKIRA/MR_BRAIN/ml/label_map.json
2026-07-10 00:36:47,221 - INFO - Some classes have < 2 samples, using simple split
2026-07-10 00:36:47,222 - INFO - Train: 31 samples
2026-07-10 00:36:47,222 - INFO - Test: 8 samples
2026-07-10 00:36:47,222 - INFO - Loading tokenizer: distilbert-base-uncased
2026-07-10 00:36:49,625 - INFO - Loading model: distilbert-base-uncased (7 classes)
2026-07-10 00:36:50,422 - INFO - Total steps: 20, Warmup steps: 2
2026-07-10 00:36:50,422 - INFO - 
============================================================
2026-07-10 00:36:50,422 - INFO - Training for 10 epochs on cpu
2026-07-10 00:36:50,422 - INFO - Total steps: 20, Warmup: 2
2026-07-10 00:36:50,422 - INFO - ============================================================

2026-07-10 00:36:54,810 - INFO - Epoch 1/10 | Train Loss: 1.9442 | Train Acc: 3.23% | Test Loss: 1.9165 | Test Acc: 25.00%
2026-07-10 00:36:57,603 - INFO -   -> Best model saved (accuracy: 25.00%)
2026-07-10 00:37:03,567 - INFO - Epoch 2/10 | Train Loss: 1.8895 | Train Acc: 35.48% | Test Loss: 1.8891 | Test Acc: 50.00%
2026-07-10 00:37:05,850 - INFO -   -> Best model saved (accuracy: 50.00%)
2026-07-10 00:37:11,090 - INFO - Epoch 3/10 | Train Loss: 1.8448 | Train Acc: 45.16% | Test Loss: 1.8660 | Test Acc: 37.50%
2026-07-10 00:37:16,648 - INFO - Epoch 4/10 | Train Loss: 1.7946 | Train Acc: 51.61% | Test Loss: 1.8421 | Test Acc: 37.50%
2026-07-10 00:37:23,183 - INFO - Epoch 5/10 | Train Loss: 1.7611 | Train Acc: 51.61% | Test Loss: 1.8175 | Test Acc: 37.50%
2026-07-10 00:37:25,415 - INFO - Early stopping at epoch 5 - no improvement in last 3 epochs
2026-07-10 00:37:25,415 - INFO - 
============================================================
2026-07-10 00:37:25,415 - INFO - Final Evaluation
2026-07-10 00:37:25,415 - INFO - ============================================================
2026-07-10 00:37:25,640 - INFO - 
Best Accuracy: 50.00%
2026-07-10 00:37:25,641 - INFO - Final Accuracy: 37.50%
2026-07-10 00:37:25,641 - INFO - 
Classification Report:
               precision    recall  f1-score   support

  amazon_chat     0.3750    1.0000    0.5455         3
find_anything     0.0000    0.0000    0.0000         2
     open_app     0.0000    0.0000    0.0000         1
   search_web     0.0000    0.0000    0.0000         1
  system_info     0.0000    0.0000    0.0000         1

     accuracy                         0.3750         8
    macro avg     0.0750    0.2000    0.1091         8
 weighted avg     0.1406    0.3750    0.2045         8

2026-07-10 00:37:25,643 - INFO - 
Confusion Matrix:
[[3 0 0 0 0]
 [2 0 0 0 0]
 [1 0 0 0 0]
 [1 0 0 0 0]
 [1 0 0 0 0]]
2026-07-10 00:37:25,643 - INFO - 
Misclassified examples (5):
2026-07-10 00:37:25,643 - INFO -   Text: 'open chrome' -> True: open_app, Pred: amazon_chat
2026-07-10 00:37:25,643 - INFO -   Text: 'turn off this computer' -> True: system_info, Pred: amazon_chat
2026-07-10 00:37:25,643 - INFO -   Text: 'find Azam pay' -> True: find_anything, Pred: amazon_chat
2026-07-10 00:37:25,644 - INFO -   Text: 'now give me a full research' -> True: search_web, Pred: amazon_chat
2026-07-10 00:37:25,644 - INFO -   Text: 'find azampay folder' -> True: find_anything, Pred: amazon_chat
2026-07-10 00:37:25,646 - INFO - 
Model saved to: /Applications/XAMPP/xamppfiles/htdocs/SHAKIRA/MR_BRAIN/ml/nlu_model
2026-07-10 00:37:25,646 - INFO - Config saved to: /Applications/XAMPP/xamppfiles/htdocs/SHAKIRA/MR_BRAIN/ml/nlu_model/amazon_config.json
2026-07-10 00:37:25,646 - INFO - History saved to: /Applications/XAMPP/xamppfiles/htdocs/SHAKIRA/MR_BRAIN/ml/nlu_model/training_history.json
2026-07-10 00:37:25,646 - INFO - Training completed at: 2026-07-10 00:37:25.646678
2026-07-10 00:37:25,646 - INFO - ============================================================
2026-07-10 00:37:25,646 - INFO - ✅ Training complete!
2026-07-10 07:33:17,954 - INFO - Using device: cpu
2026-07-10 07:33:17,955 - INFO - ============================================================
2026-07-10 07:33:17,955 - INFO - AMAZON AI - DistilBERT NLU Model Training
2026-07-10 07:33:17,956 - INFO - ============================================================
2026-07-10 07:33:17,956 - INFO - Started at: 2026-07-10 07:33:17.956518
2026-07-10 07:33:17,957 - INFO - Loading dataset from: /Applications/XAMPP/xamppfiles/htdocs/SHAKIRA/MR_BRAIN/learning/auto_training_data.csv
2026-07-10 07:33:17,981 - INFO - Loaded 39 samples, 7 unique intents
2026-07-10 07:33:17,985 - INFO - Intent distribution:
intent
amazon_chat      19
search_web       11
open_app          3
find_anything     3
empty_trash       1
system_info       1
create_folder     1
Name: count, dtype: int64
2026-07-10 07:33:17,986 - INFO - Number of unique intents: 7
2026-07-10 07:33:17,986 - INFO - Intents: ['amazon_chat', 'create_folder', 'empty_trash', 'find_anything', 'open_app', 'search_web', 'system_info']
2026-07-10 07:33:17,989 - INFO - Label map saved to: /Applications/XAMPP/xamppfiles/htdocs/SHAKIRA/MR_BRAIN/ml/label_map.json
2026-07-10 07:33:17,989 - INFO - Some classes have < 2 samples, using simple split
2026-07-10 07:33:17,993 - INFO - Train: 31 samples
2026-07-10 07:33:17,993 - INFO - Test: 8 samples
2026-07-10 07:33:17,993 - INFO - Loading tokenizer: distilbert-base-uncased
2026-07-10 07:33:21,321 - INFO - Loading model: distilbert-base-uncased (7 classes)
2026-07-10 07:33:22,451 - INFO - Total steps: 20, Warmup steps: 2
2026-07-10 07:33:22,451 - INFO - 
============================================================
2026-07-10 07:33:22,452 - INFO - Training for 10 epochs on cpu
2026-07-10 07:33:22,452 - INFO - Total steps: 20, Warmup: 2
2026-07-10 07:33:22,452 - INFO - ============================================================

2026-07-11 14:55:31,473 - INFO - Using device: cpu
2026-07-11 14:55:31,474 - INFO - ============================================================
2026-07-11 14:55:31,474 - INFO - AMAZON AI - DistilBERT NLU Model Training
2026-07-11 14:55:31,474 - INFO - ============================================================
2026-07-11 14:55:31,474 - INFO - Started at: 2026-07-11 14:55:31.474802
2026-07-11 14:55:31,475 - INFO - Loading dataset from: /Applications/XAMPP/xamppfiles/htdocs/SHAKIRA/MR_BRAIN/learning/auto_training_data.csv
2026-07-11 14:55:31,506 - INFO - Loaded 38 samples, 7 unique intents
2026-07-11 14:55:31,509 - INFO - Intent distribution:
intent
amazon_chat      18
search_web       11
open_app          3
find_anything     3
empty_trash       1
system_info       1
create_folder     1
Name: count, dtype: int64
2026-07-11 14:55:31,509 - INFO - Number of unique intents: 7
2026-07-11 14:55:31,509 - INFO - Intents: ['amazon_chat', 'create_folder', 'empty_trash', 'find_anything', 'open_app', 'search_web', 'system_info']
2026-07-11 14:55:31,510 - INFO - Label map saved to: /Applications/XAMPP/xamppfiles/htdocs/SHAKIRA/MR_BRAIN/ml/label_map.json
2026-07-11 14:55:31,510 - INFO - Some classes have < 2 samples, using simple split
2026-07-11 14:55:31,513 - INFO - Train: 30 samples
2026-07-11 14:55:31,513 - INFO - Test: 8 samples
2026-07-11 14:55:31,513 - INFO - Loading tokenizer: distilbert-base-uncased
2026-07-11 14:55:33,999 - INFO - Loading model: distilbert-base-uncased (7 classes)
2026-07-11 14:55:35,029 - INFO - Total steps: 20, Warmup steps: 2
2026-07-11 14:55:35,030 - INFO - 
============================================================
2026-07-11 14:55:35,030 - INFO - Training for 10 epochs on cpu
2026-07-11 14:55:35,030 - INFO - Total steps: 20, Warmup: 2
2026-07-11 14:55:35,030 - INFO - ============================================================

2026-07-11 14:55:40,092 - INFO - Epoch 1/10 | Train Loss: 1.9428 | Train Acc: 10.00% | Test Loss: 1.9169 | Test Acc: 25.00%
2026-07-11 14:55:43,753 - INFO -   -> Best model saved (accuracy: 25.00%)
2026-07-11 14:55:49,529 - INFO - Epoch 2/10 | Train Loss: 1.9280 | Train Acc: 13.33% | Test Loss: 1.8907 | Test Acc: 50.00%
2026-07-11 14:55:51,798 - INFO -   -> Best model saved (accuracy: 50.00%)
2026-07-11 14:55:56,925 - INFO - Epoch 3/10 | Train Loss: 1.8610 | Train Acc: 40.00% | Test Loss: 1.8686 | Test Acc: 37.50%
2026-07-11 14:56:02,218 - INFO - Epoch 4/10 | Train Loss: 1.7824 | Train Acc: 60.00% | Test Loss: 1.8464 | Test Acc: 37.50%
2026-07-11 14:56:07,428 - INFO - Epoch 5/10 | Train Loss: 1.7764 | Train Acc: 60.00% | Test Loss: 1.8230 | Test Acc: 37.50%
2026-07-11 14:56:09,318 - INFO - Early stopping at epoch 5 - no improvement in last 3 epochs
2026-07-11 14:56:09,319 - INFO - 
============================================================
2026-07-11 14:56:09,319 - INFO - Final Evaluation
2026-07-11 14:56:09,319 - INFO - ============================================================
2026-07-11 14:56:09,537 - INFO - 
Best Accuracy: 50.00%
2026-07-11 14:56:09,537 - INFO - Final Accuracy: 37.50%
2026-07-11 14:56:09,537 - INFO - 
Classification Report:
               precision    recall  f1-score   support

  amazon_chat     0.3750    1.0000    0.5455         3
find_anything     0.0000    0.0000    0.0000         2
     open_app     0.0000    0.0000    0.0000         1
   search_web     0.0000    0.0000    0.0000         1
  system_info     0.0000    0.0000    0.0000         1

     accuracy                         0.3750         8
    macro avg     0.0750    0.2000    0.1091         8
 weighted avg     0.1406    0.3750    0.2045         8

2026-07-11 14:56:09,540 - INFO - 
Confusion Matrix:
[[3 0 0 0 0]
 [2 0 0 0 0]
 [1 0 0 0 0]
 [1 0 0 0 0]
 [1 0 0 0 0]]
2026-07-11 14:56:09,540 - INFO - 
Misclassified examples (5):
2026-07-11 14:56:09,540 - INFO -   Text: 'open chrome' -> True: open_app, Pred: amazon_chat
2026-07-11 14:56:09,540 - INFO -   Text: 'turn off this computer' -> True: system_info, Pred: amazon_chat
2026-07-11 14:56:09,541 - INFO -   Text: 'find Azam pay' -> True: find_anything, Pred: amazon_chat
2026-07-11 14:56:09,541 - INFO -   Text: 'now give me a full research' -> True: search_web, Pred: amazon_chat
2026-07-11 14:56:09,541 - INFO -   Text: 'find azampay folder' -> True: find_anything, Pred: amazon_chat
2026-07-11 14:56:09,543 - INFO - 
Model saved to: /Applications/XAMPP/xamppfiles/htdocs/SHAKIRA/MR_BRAIN/ml/nlu_model
2026-07-11 14:56:09,543 - INFO - Config saved to: /Applications/XAMPP/xamppfiles/htdocs/SHAKIRA/MR_BRAIN/ml/nlu_model/amazon_config.json
2026-07-11 14:56:09,543 - INFO - History saved to: /Applications/XAMPP/xamppfiles/htdocs/SHAKIRA/MR_BRAIN/ml/nlu_model/training_history.json
2026-07-11 14:56:09,543 - INFO - Training completed at: 2026-07-11 14:56:09.543708
2026-07-11 14:56:09,543 - INFO - ============================================================
2026-07-11 14:56:09,543 - INFO - ✅ Training complete!
2026-07-11 20:26:58,320 - INFO - Using device: cpu
2026-07-11 20:26:58,320 - INFO - ============================================================
2026-07-11 20:26:58,320 - INFO - AMAZON AI - DistilBERT NLU Model Training
2026-07-11 20:26:58,320 - INFO - ============================================================
2026-07-11 20:26:58,320 - INFO - Started at: 2026-07-11 20:26:58.320848
2026-07-11 20:26:58,320 - INFO - Loading dataset from: /Applications/XAMPP/xamppfiles/htdocs/SHAKIRA/MR_BRAIN/learning/auto_training_data.csv
2026-07-11 20:26:58,347 - INFO - Loaded 40 samples, 7 unique intents
2026-07-11 20:26:58,350 - INFO - Intent distribution:
intent
amazon_chat      18
search_web       11
find_anything     4
create_folder     3
open_app          2
empty_trash       1
system_info       1
Name: count, dtype: int64
2026-07-11 20:26:58,350 - INFO - Number of unique intents: 7
2026-07-11 20:26:58,350 - INFO - Intents: ['amazon_chat', 'create_folder', 'empty_trash', 'find_anything', 'open_app', 'search_web', 'system_info']
2026-07-11 20:26:58,351 - INFO - Label map saved to: /Applications/XAMPP/xamppfiles/htdocs/SHAKIRA/MR_BRAIN/ml/label_map.json
2026-07-11 20:26:58,351 - INFO - Some classes have < 2 samples, using simple split
2026-07-11 20:26:58,354 - INFO - Train: 32 samples
2026-07-11 20:26:58,354 - INFO - Test: 8 samples
2026-07-11 20:26:58,354 - INFO - Loading tokenizer: distilbert-base-uncased
2026-07-11 20:27:00,709 - INFO - Loading model: distilbert-base-uncased (7 classes)
2026-07-11 20:27:01,814 - INFO - Total steps: 20, Warmup steps: 2
2026-07-11 20:27:01,814 - INFO - 
============================================================
2026-07-11 20:27:01,814 - INFO - Training for 10 epochs on cpu
2026-07-11 20:27:01,814 - INFO - Total steps: 20, Warmup: 2
2026-07-11 20:27:01,814 - INFO - ============================================================

2026-07-11 20:27:07,196 - INFO - Epoch 1/10 | Train Loss: 1.9298 | Train Acc: 15.62% | Test Loss: 1.9391 | Test Acc: 12.50%
2026-07-11 20:27:10,537 - INFO -   -> Best model saved (accuracy: 12.50%)
2026-07-11 20:27:15,581 - INFO - Epoch 2/10 | Train Loss: 1.9135 | Train Acc: 12.50% | Test Loss: 1.8916 | Test Acc: 12.50%
2026-07-11 20:27:20,183 - INFO - Epoch 3/10 | Train Loss: 1.8651 | Train Acc: 31.25% | Test Loss: 1.8564 | Test Acc: 37.50%
2026-07-11 20:27:22,432 - INFO -   -> Best model saved (accuracy: 37.50%)
2026-07-11 20:27:28,571 - INFO - Epoch 4/10 | Train Loss: 1.8096 | Train Acc: 50.00% | Test Loss: 1.8227 | Test Acc: 37.50%
2026-07-11 20:27:34,044 - INFO - Epoch 5/10 | Train Loss: 1.7828 | Train Acc: 46.88% | Test Loss: 1.7905 | Test Acc: 37.50%
2026-07-11 20:27:38,501 - INFO - Epoch 6/10 | Train Loss: 1.7327 | Train Acc: 50.00% | Test Loss: 1.7586 | Test Acc: 37.50%
2026-07-11 20:27:42,718 - INFO - Epoch 7/10 | Train Loss: 1.6889 | Train Acc: 50.00% | Test Loss: 1.7272 | Test Acc: 37.50%
2026-07-11 20:27:47,815 - INFO - Epoch 8/10 | Train Loss: 1.6535 | Train Acc: 46.88% | Test Loss: 1.7023 | Test Acc: 37.50%
2026-07-11 20:27:53,531 - INFO - Epoch 9/10 | Train Loss: 1.6160 | Train Acc: 46.88% | Test Loss: 1.6856 | Test Acc: 37.50%
2026-07-11 20:27:58,298 - INFO - Epoch 10/10 | Train Loss: 1.5877 | Train Acc: 50.00% | Test Loss: 1.6784 | Test Acc: 37.50%
2026-07-11 20:28:00,025 - INFO - 
============================================================
2026-07-11 20:28:00,025 - INFO - Final Evaluation
2026-07-11 20:28:00,025 - INFO - ============================================================
2026-07-11 20:28:00,266 - INFO - 
Best Accuracy: 37.50%
2026-07-11 20:28:00,282 - INFO - Final Accuracy: 37.50%
2026-07-11 20:28:00,282 - INFO - 
Classification Report:
               precision    recall  f1-score   support

  amazon_chat     0.3750    1.0000    0.5455         3
create_folder     0.0000    0.0000    0.0000         1
find_anything     0.0000    0.0000    0.0000         1
   search_web     0.0000    0.0000    0.0000         3

     accuracy                         0.3750         8
    macro avg     0.0938    0.2500    0.1364         8
 weighted avg     0.1406    0.3750    0.2045         8

2026-07-11 20:28:00,286 - INFO - 
Confusion Matrix:
[[3 0 0 0]
 [1 0 0 0]
 [1 0 0 0]
 [3 0 0 0]]
2026-07-11 20:28:00,286 - INFO - 
Misclassified examples (5):
2026-07-11 20:28:00,286 - INFO -   Text: 'create your self no need to use web search for now' -> True: search_web, Pred: amazon_chat
2026-07-11 20:28:00,286 - INFO -   Text: 'find azampay folder' -> True: find_anything, Pred: amazon_chat
2026-07-11 20:28:00,287 - INFO -   Text: 'now give me a full research' -> True: search_web, Pred: amazon_chat
2026-07-11 20:28:00,287 - INFO -   Text: 'Google app' -> True: search_web, Pred: amazon_chat
2026-07-11 20:28:00,287 - INFO -   Text: 'Amazon create folder inside it create another folder inside' -> True: create_folder, Pred: amazon_chat
2026-07-11 20:28:00,289 - INFO - 
Model saved to: /Applications/XAMPP/xamppfiles/htdocs/SHAKIRA/MR_BRAIN/ml/nlu_model
2026-07-11 20:28:00,289 - INFO - Config saved to: /Applications/XAMPP/xamppfiles/htdocs/SHAKIRA/MR_BRAIN/ml/nlu_model/amazon_config.json
2026-07-11 20:28:00,289 - INFO - History saved to: /Applications/XAMPP/xamppfiles/htdocs/SHAKIRA/MR_BRAIN/ml/nlu_model/training_history.json
2026-07-11 20:28:00,290 - INFO - Training completed at: 2026-07-11 20:28:00.290060
2026-07-11 20:28:00,290 - INFO - ============================================================
2026-07-11 20:28:00,290 - INFO - ✅ Training complete!
2026-07-14 12:31:47,887 - INFO - Using device: cpu
2026-07-14 12:31:47,887 - INFO - ============================================================
2026-07-14 12:31:47,888 - INFO - AMAZON AI - DistilBERT NLU Model Training
2026-07-14 12:31:47,888 - INFO - ============================================================
2026-07-14 12:31:47,888 - INFO - Started at: 2026-07-14 12:31:47.888282
2026-07-14 12:31:47,888 - INFO - Loading dataset from: /Applications/XAMPP/xamppfiles/htdocs/SHAKIRA/MR_BRAIN/learning/auto_training_data.csv
2026-07-14 12:31:47,894 - INFO - Loaded 41 samples, 8 unique intents
2026-07-14 12:31:47,896 - INFO - Intent distribution:
intent
amazon_chat      18
search_web       11
find_anything     4
create_folder     3
open_app          2
empty_trash       1
system_info       1
search_file       1
Name: count, dtype: int64
2026-07-14 12:31:47,897 - INFO - Number of unique intents: 8
2026-07-14 12:31:47,897 - INFO - Intents: ['amazon_chat', 'create_folder', 'empty_trash', 'find_anything', 'open_app', 'search_file', 'search_web', 'system_info']
2026-07-14 12:31:47,898 - INFO - Label map saved to: /Applications/XAMPP/xamppfiles/htdocs/SHAKIRA/MR_BRAIN/ml/label_map.json
2026-07-14 12:31:47,898 - INFO - Some classes have < 2 samples, using simple split
2026-07-14 12:31:47,899 - INFO - Train: 32 samples
2026-07-14 12:31:47,900 - INFO - Test: 9 samples
2026-07-14 12:31:47,900 - INFO - Loading tokenizer: distilbert-base-uncased
2026-07-14 12:31:51,377 - INFO - Loading model: distilbert-base-uncased (8 classes)
2026-07-14 12:31:52,263 - INFO - Total steps: 20, Warmup steps: 2
2026-07-14 12:31:52,263 - INFO - 
============================================================
2026-07-14 12:31:52,263 - INFO - Training for 10 epochs on cpu
2026-07-14 12:31:52,263 - INFO - Total steps: 20, Warmup: 2
2026-07-14 12:31:52,264 - INFO - ============================================================

2026-07-14 12:31:57,843 - INFO - Epoch 1/10 | Train Loss: 2.1143 | Train Acc: 12.50% | Test Loss: 2.1150 | Test Acc: 33.33%
2026-07-14 12:32:02,291 - INFO -   -> Best model saved (accuracy: 33.33%)
2026-07-14 12:32:08,918 - INFO - Epoch 2/10 | Train Loss: 2.0614 | Train Acc: 6.25% | Test Loss: 2.0831 | Test Acc: 11.11%
2026-07-14 12:32:14,510 - INFO - Epoch 3/10 | Train Loss: 1.9894 | Train Acc: 43.75% | Test Loss: 2.0482 | Test Acc: 11.11%
2026-07-14 12:32:20,058 - INFO - Epoch 4/10 | Train Loss: 1.9183 | Train Acc: 56.25% | Test Loss: 2.0187 | Test Acc: 11.11%
2026-07-14 12:32:26,069 - INFO - Epoch 5/10 | Train Loss: 1.8117 | Train Acc: 65.62% | Test Loss: 1.9836 | Test Acc: 11.11%
2026-07-14 12:32:28,083 - INFO - Early stopping at epoch 5 - no improvement in last 3 epochs
2026-07-14 12:32:28,083 - INFO - 
============================================================
2026-07-14 12:32:28,083 - INFO - Final Evaluation
2026-07-14 12:32:28,083 - INFO - ============================================================
2026-07-14 12:32:28,324 - INFO - 
Best Accuracy: 33.33%
2026-07-14 12:32:28,324 - INFO - Final Accuracy: 11.11%
2026-07-14 12:32:28,324 - INFO - 
Classification Report:
               precision    recall  f1-score   support

  amazon_chat     0.1111    1.0000    0.2000         1
find_anything     0.0000    0.0000    0.0000         3
  search_file     0.0000    0.0000    0.0000         1
   search_web     0.0000    0.0000    0.0000         4

     accuracy                         0.1111         9
    macro avg     0.0278    0.2500    0.0500         9
 weighted avg     0.0123    0.1111    0.0222         9

2026-07-14 12:32:28,325 - INFO - 
Confusion Matrix:
[[1 0 0 0]
 [3 0 0 0]
 [1 0 0 0]
 [4 0 0 0]]
2026-07-14 12:32:28,325 - INFO - 
Misclassified examples (8):
2026-07-14 12:32:28,326 - INFO -   Text: 'find Azam pay' -> True: find_anything, Pred: amazon_chat
2026-07-14 12:32:28,326 - INFO -   Text: 'no not Google Map how are you' -> True: search_web, Pred: amazon_chat
2026-07-14 12:32:28,326 - INFO -   Text: 'create yourself  for me a research proposal on the topic about the infuluence of parents to children performance' -> True: search_web, Pred: amazon_chat
2026-07-14 12:32:28,326 - INFO -   Text: 'find azampay folder' -> True: find_anything, Pred: amazon_chat
2026-07-14 12:32:28,326 - INFO -   Text: 'now give me a full research' -> True: search_web, Pred: amazon_chat
2026-07-14 12:32:28,326 - INFO -   Text: 'where' -> True: search_file, Pred: amazon_chat
2026-07-14 12:32:28,326 - INFO -   Text: 'create your self no need to use web search for now' -> True: search_web, Pred: amazon_chat
2026-07-14 12:32:28,326 - INFO -   Text: 'I'm a critical network it' -> True: find_anything, Pred: amazon_chat
2026-07-14 12:32:28,329 - INFO - 
Model saved to: /Applications/XAMPP/xamppfiles/htdocs/SHAKIRA/MR_BRAIN/ml/nlu_model
2026-07-14 12:32:28,329 - INFO - Config saved to: /Applications/XAMPP/xamppfiles/htdocs/SHAKIRA/MR_BRAIN/ml/nlu_model/amazon_config.json
2026-07-14 12:32:28,330 - INFO - History saved to: /Applications/XAMPP/xamppfiles/htdocs/SHAKIRA/MR_BRAIN/ml/nlu_model/training_history.json
2026-07-14 12:32:28,330 - INFO - Training completed at: 2026-07-14 12:32:28.330258
2026-07-14 12:32:28,330 - INFO - ============================================================
2026-07-14 12:32:28,330 - INFO - ✅ Training complete!
2026-07-14 12:39:05,135 - INFO - Using device: cpu
2026-07-14 12:39:05,135 - INFO - ============================================================
2026-07-14 12:39:05,136 - INFO - AMAZON AI - DistilBERT NLU Model Training
2026-07-14 12:39:05,136 - INFO - ============================================================
2026-07-14 12:39:05,136 - INFO - Started at: 2026-07-14 12:39:05.136369
2026-07-14 12:39:05,136 - INFO - Loading dataset from: /Applications/XAMPP/xamppfiles/htdocs/SHAKIRA/MR_BRAIN/learning/auto_training_data.csv
2026-07-14 12:39:05,145 - INFO - Loaded 41 samples, 7 unique intents
2026-07-14 12:39:05,146 - INFO - Intent distribution:
intent
amazon_chat      18
search_web       11
find_anything     4
open_app          3
create_folder     3
empty_trash       1
system_info       1
Name: count, dtype: int64
2026-07-14 12:39:05,146 - INFO - Number of unique intents: 7
2026-07-14 12:39:05,146 - INFO - Intents: ['amazon_chat', 'create_folder', 'empty_trash', 'find_anything', 'open_app', 'search_web', 'system_info']
2026-07-14 12:39:05,147 - INFO - Label map saved to: /Applications/XAMPP/xamppfiles/htdocs/SHAKIRA/MR_BRAIN/ml/label_map.json
2026-07-14 12:39:05,148 - INFO - Some classes have < 2 samples, using simple split
2026-07-14 12:39:05,149 - INFO - Train: 32 samples
2026-07-14 12:39:05,149 - INFO - Test: 9 samples
2026-07-14 12:39:05,150 - INFO - Loading tokenizer: distilbert-base-uncased
2026-07-14 12:39:07,450 - INFO - Loading model: distilbert-base-uncased (7 classes)
2026-07-14 12:39:08,277 - INFO - Total steps: 20, Warmup steps: 2
2026-07-14 12:39:08,277 - INFO - 
============================================================
2026-07-14 12:39:08,277 - INFO - Training for 10 epochs on cpu
2026-07-14 12:39:08,277 - INFO - Total steps: 20, Warmup: 2
2026-07-14 12:39:08,277 - INFO - ============================================================

2026-07-14 12:39:16,392 - INFO - Epoch 1/10 | Train Loss: 1.9403 | Train Acc: 6.25% | Test Loss: 1.9110 | Test Acc: 33.33%
2026-07-14 12:39:19,656 - INFO -   -> Best model saved (accuracy: 33.33%)
2026-07-14 12:39:26,527 - INFO - Epoch 2/10 | Train Loss: 1.9194 | Train Acc: 15.62% | Test Loss: 1.8914 | Test Acc: 11.11%
2026-07-14 12:39:33,072 - INFO - Epoch 3/10 | Train Loss: 1.8729 | Train Acc: 31.25% | Test Loss: 1.8792 | Test Acc: 11.11%
2026-07-14 12:39:39,595 - INFO - Epoch 4/10 | Train Loss: 1.7966 | Train Acc: 59.38% | Test Loss: 1.8685 | Test Acc: 11.11%
2026-07-14 12:39:45,300 - INFO - Epoch 5/10 | Train Loss: 1.7666 | Train Acc: 53.12% | Test Loss: 1.8579 | Test Acc: 11.11%
2026-07-14 12:39:47,593 - INFO - Early stopping at epoch 5 - no improvement in last 3 epochs
2026-07-14 12:39:47,593 - INFO - 
============================================================
2026-07-14 12:39:47,593 - INFO - Final Evaluation
2026-07-14 12:39:47,593 - INFO - ============================================================
2026-07-14 12:39:47,938 - INFO - 
Best Accuracy: 33.33%
2026-07-14 12:39:47,938 - INFO - Final Accuracy: 11.11%
2026-07-14 12:39:47,938 - INFO - 
Classification Report:
               precision    recall  f1-score   support

  amazon_chat     0.1111    1.0000    0.2000         1
find_anything     0.0000    0.0000    0.0000         3
     open_app     0.0000    0.0000    0.0000         1
   search_web     0.0000    0.0000    0.0000         4

     accuracy                         0.1111         9
    macro avg     0.0278    0.2500    0.0500         9
 weighted avg     0.0123    0.1111    0.0222         9

2026-07-14 12:39:47,940 - INFO - 
Confusion Matrix:
[[1 0 0 0]
 [3 0 0 0]
 [1 0 0 0]
 [4 0 0 0]]
2026-07-14 12:39:47,940 - INFO - 
Misclassified examples (8):
2026-07-14 12:39:47,941 - INFO -   Text: 'find Azam pay' -> True: find_anything, Pred: amazon_chat
2026-07-14 12:39:47,941 - INFO -   Text: 'no not Google Map how are you' -> True: search_web, Pred: amazon_chat
2026-07-14 12:39:47,941 - INFO -   Text: 'create yourself  for me a research proposal on the topic about the infuluence of parents to children performance' -> True: search_web, Pred: amazon_chat
2026-07-14 12:39:47,941 - INFO -   Text: 'find azampay folder' -> True: find_anything, Pred: amazon_chat
2026-07-14 12:39:47,941 - INFO -   Text: 'now give me a full research' -> True: search_web, Pred: amazon_chat
2026-07-14 12:39:47,941 - INFO -   Text: 'open Google Chrome' -> True: open_app, Pred: amazon_chat
2026-07-14 12:39:47,941 - INFO -   Text: 'create your self no need to use web search for now' -> True: search_web, Pred: amazon_chat
2026-07-14 12:39:47,942 - INFO -   Text: 'I'm a critical network it' -> True: find_anything, Pred: amazon_chat
2026-07-14 12:39:47,944 - INFO - 
Model saved to: /Applications/XAMPP/xamppfiles/htdocs/SHAKIRA/MR_BRAIN/ml/nlu_model
2026-07-14 12:39:47,944 - INFO - Config saved to: /Applications/XAMPP/xamppfiles/htdocs/SHAKIRA/MR_BRAIN/ml/nlu_model/amazon_config.json
2026-07-14 12:39:47,944 - INFO - History saved to: /Applications/XAMPP/xamppfiles/htdocs/SHAKIRA/MR_BRAIN/ml/nlu_model/training_history.json
2026-07-14 12:39:47,944 - INFO - Training completed at: 2026-07-14 12:39:47.944511
2026-07-14 12:39:47,944 - INFO - ============================================================
2026-07-14 12:39:47,944 - INFO - ✅ Training complete!
2026-07-14 12:46:19,429 - INFO - Using device: cpu
2026-07-14 12:46:19,430 - INFO - ============================================================
2026-07-14 12:46:19,431 - INFO - AMAZON AI - DistilBERT NLU Model Training
2026-07-14 12:46:19,431 - INFO - ============================================================
2026-07-14 12:46:19,431 - INFO - Started at: 2026-07-14 12:46:19.431626
2026-07-14 12:46:19,431 - INFO - Loading dataset from: /Applications/XAMPP/xamppfiles/htdocs/SHAKIRA/MR_BRAIN/learning/auto_training_data.csv
2026-07-14 12:46:19,439 - INFO - Loaded 41 samples, 7 unique intents
2026-07-14 12:46:19,441 - INFO - Intent distribution:
intent
amazon_chat      18
search_web       11
find_anything     4
open_app          3
create_folder     3
empty_trash       1
system_info       1
Name: count, dtype: int64
2026-07-14 12:46:19,442 - INFO - Number of unique intents: 7
2026-07-14 12:46:19,442 - INFO - Intents: ['amazon_chat', 'create_folder', 'empty_trash', 'find_anything', 'open_app', 'search_web', 'system_info']
2026-07-14 12:46:19,443 - INFO - Label map saved to: /Applications/XAMPP/xamppfiles/htdocs/SHAKIRA/MR_BRAIN/ml/label_map.json
2026-07-14 12:46:19,443 - INFO - Some classes have < 2 samples, using simple split
2026-07-14 12:46:19,444 - INFO - Train: 32 samples
2026-07-14 12:46:19,444 - INFO - Test: 9 samples
2026-07-14 12:46:19,444 - INFO - Loading tokenizer: distilbert-base-uncased
2026-07-14 12:46:22,081 - INFO - Loading model: distilbert-base-uncased (7 classes)
2026-07-14 12:46:23,130 - INFO - Total steps: 20, Warmup steps: 2
2026-07-14 12:46:23,131 - INFO - 
============================================================
2026-07-14 12:46:23,131 - INFO - Training for 10 epochs on cpu
2026-07-14 12:46:23,131 - INFO - Total steps: 20, Warmup: 2
2026-07-14 12:46:23,131 - INFO - ============================================================

2026-07-14 12:46:30,275 - INFO - Epoch 1/10 | Train Loss: 1.9403 | Train Acc: 6.25% | Test Loss: 1.9110 | Test Acc: 33.33%
2026-07-14 12:46:33,594 - INFO -   -> Best model saved (accuracy: 33.33%)
2026-07-14 12:46:40,309 - INFO - Epoch 2/10 | Train Loss: 1.9194 | Train Acc: 15.62% | Test Loss: 1.8914 | Test Acc: 11.11%
2026-07-14 12:46:46,348 - INFO - Epoch 3/10 | Train Loss: 1.8729 | Train Acc: 31.25% | Test Loss: 1.8792 | Test Acc: 11.11%
2026-07-14 12:46:52,405 - INFO - Epoch 4/10 | Train Loss: 1.7966 | Train Acc: 59.38% | Test Loss: 1.8685 | Test Acc: 11.11%
2026-07-14 12:46:57,892 - INFO - Epoch 5/10 | Train Loss: 1.7666 | Train Acc: 53.12% | Test Loss: 1.8579 | Test Acc: 11.11%
2026-07-14 12:47:00,286 - INFO - Early stopping at epoch 5 - no improvement in last 3 epochs
2026-07-14 12:47:00,289 - INFO - 
============================================================
2026-07-14 12:47:00,289 - INFO - Final Evaluation
2026-07-14 12:47:00,289 - INFO - ============================================================
2026-07-14 12:47:00,576 - INFO - 
Best Accuracy: 33.33%
2026-07-14 12:47:00,576 - INFO - Final Accuracy: 11.11%
2026-07-14 12:47:00,576 - INFO - 
Classification Report:
               precision    recall  f1-score   support

  amazon_chat     0.1111    1.0000    0.2000         1
find_anything     0.0000    0.0000    0.0000         3
     open_app     0.0000    0.0000    0.0000         1
   search_web     0.0000    0.0000    0.0000         4

     accuracy                         0.1111         9
    macro avg     0.0278    0.2500    0.0500         9
 weighted avg     0.0123    0.1111    0.0222         9

2026-07-14 12:47:00,579 - INFO - 
Confusion Matrix:
[[1 0 0 0]
 [3 0 0 0]
 [1 0 0 0]
 [4 0 0 0]]
2026-07-14 12:47:00,579 - INFO - 
Misclassified examples (8):
2026-07-14 12:47:00,580 - INFO -   Text: 'find Azam pay' -> True: find_anything, Pred: amazon_chat
2026-07-14 12:47:00,580 - INFO -   Text: 'no not Google Map how are you' -> True: search_web, Pred: amazon_chat
2026-07-14 12:47:00,580 - INFO -   Text: 'create yourself  for me a research proposal on the topic about the infuluence of parents to children performance' -> True: search_web, Pred: amazon_chat
2026-07-14 12:47:00,580 - INFO -   Text: 'find azampay folder' -> True: find_anything, Pred: amazon_chat
2026-07-14 12:47:00,580 - INFO -   Text: 'now give me a full research' -> True: search_web, Pred: amazon_chat
2026-07-14 12:47:00,580 - INFO -   Text: 'open Google Chrome' -> True: open_app, Pred: amazon_chat
2026-07-14 12:47:00,580 - INFO -   Text: 'create your self no need to use web search for now' -> True: search_web, Pred: amazon_chat
2026-07-14 12:47:00,580 - INFO -   Text: 'I'm a critical network it' -> True: find_anything, Pred: amazon_chat
2026-07-14 12:47:00,582 - INFO - 
Model saved to: /Applications/XAMPP/xamppfiles/htdocs/SHAKIRA/MR_BRAIN/ml/nlu_model
2026-07-14 12:47:00,582 - INFO - Config saved to: /Applications/XAMPP/xamppfiles/htdocs/SHAKIRA/MR_BRAIN/ml/nlu_model/amazon_config.json
2026-07-14 12:47:00,582 - INFO - History saved to: /Applications/XAMPP/xamppfiles/htdocs/SHAKIRA/MR_BRAIN/ml/nlu_model/training_history.json
2026-07-14 12:47:00,582 - INFO - Training completed at: 2026-07-14 12:47:00.582784
2026-07-14 12:47:00,582 - INFO - ============================================================
2026-07-14 12:47:00,582 - INFO - ✅ Training complete!
2026-07-14 13:13:55,360 - INFO - Using device: cpu
2026-07-14 13:13:55,361 - INFO - ============================================================
2026-07-14 13:13:55,361 - INFO - AMAZON AI - DistilBERT NLU Model Training
2026-07-14 13:13:55,361 - INFO - ============================================================
2026-07-14 13:13:55,361 - INFO - Started at: 2026-07-14 13:13:55.361350
2026-07-14 13:13:55,361 - INFO - Loading dataset from: /Applications/XAMPP/xamppfiles/htdocs/SHAKIRA/MR_BRAIN/learning/auto_training_data.csv
2026-07-14 13:13:55,368 - INFO - Loaded 41 samples, 7 unique intents
2026-07-14 13:13:55,369 - INFO - Intent distribution:
intent
amazon_chat      18
search_web       11
find_anything     4
open_app          3
create_folder     3
empty_trash       1
system_info       1
Name: count, dtype: int64
2026-07-14 13:13:55,369 - INFO - Number of unique intents: 7
2026-07-14 13:13:55,369 - INFO - Intents: ['amazon_chat', 'create_folder', 'empty_trash', 'find_anything', 'open_app', 'search_web', 'system_info']
2026-07-14 13:13:55,370 - INFO - Label map saved to: /Applications/XAMPP/xamppfiles/htdocs/SHAKIRA/MR_BRAIN/ml/label_map.json
2026-07-14 13:13:55,371 - INFO - Some classes have < 2 samples, using simple split
2026-07-14 13:13:55,372 - INFO - Train: 32 samples
2026-07-14 13:13:55,372 - INFO - Test: 9 samples
2026-07-14 13:13:55,372 - INFO - Loading tokenizer: distilbert-base-uncased
2026-07-14 13:13:57,673 - INFO - Loading model: distilbert-base-uncased (7 classes)
2026-07-14 13:13:58,581 - INFO - Total steps: 20, Warmup steps: 2
2026-07-14 13:13:58,581 - INFO - 
============================================================
2026-07-14 13:13:58,581 - INFO - Training for 10 epochs on cpu
2026-07-14 13:13:58,581 - INFO - Total steps: 20, Warmup: 2
2026-07-14 13:13:58,582 - INFO - ============================================================

2026-07-14 13:14:05,124 - INFO - Epoch 1/10 | Train Loss: 1.9403 | Train Acc: 6.25% | Test Loss: 1.9110 | Test Acc: 33.33%
2026-07-14 13:14:08,349 - INFO -   -> Best model saved (accuracy: 33.33%)
2026-07-14 13:14:18,960 - INFO - Epoch 2/10 | Train Loss: 1.9194 | Train Acc: 15.62% | Test Loss: 1.8914 | Test Acc: 11.11%
2026-07-14 13:14:27,562 - INFO - Epoch 3/10 | Train Loss: 1.8729 | Train Acc: 31.25% | Test Loss: 1.8792 | Test Acc: 11.11%
2026-07-14 13:14:35,292 - INFO - Epoch 4/10 | Train Loss: 1.7966 | Train Acc: 59.38% | Test Loss: 1.8685 | Test Acc: 11.11%
2026-07-14 13:14:42,269 - INFO - Epoch 5/10 | Train Loss: 1.7666 | Train Acc: 53.12% | Test Loss: 1.8579 | Test Acc: 11.11%
2026-07-14 13:14:44,401 - INFO - Early stopping at epoch 5 - no improvement in last 3 epochs
2026-07-14 13:14:44,401 - INFO - 
============================================================
2026-07-14 13:14:44,402 - INFO - Final Evaluation
2026-07-14 13:14:44,402 - INFO - ============================================================
2026-07-14 13:14:44,725 - INFO - 
Best Accuracy: 33.33%
2026-07-14 13:14:44,726 - INFO - Final Accuracy: 11.11%
2026-07-14 13:14:44,726 - INFO - 
Classification Report:
               precision    recall  f1-score   support

  amazon_chat     0.1111    1.0000    0.2000         1
find_anything     0.0000    0.0000    0.0000         3
     open_app     0.0000    0.0000    0.0000         1
   search_web     0.0000    0.0000    0.0000         4

     accuracy                         0.1111         9
    macro avg     0.0278    0.2500    0.0500         9
 weighted avg     0.0123    0.1111    0.0222         9

2026-07-14 13:14:44,728 - INFO - 
Confusion Matrix:
[[1 0 0 0]
 [3 0 0 0]
 [1 0 0 0]
 [4 0 0 0]]
2026-07-14 13:14:44,729 - INFO - 
Misclassified examples (8):
2026-07-14 13:14:44,729 - INFO -   Text: 'find Azam pay' -> True: find_anything, Pred: amazon_chat
2026-07-14 13:14:44,729 - INFO -   Text: 'no not Google Map how are you' -> True: search_web, Pred: amazon_chat
2026-07-14 13:14:44,729 - INFO -   Text: 'create yourself  for me a research proposal on the topic about the infuluence of parents to children performance' -> True: search_web, Pred: amazon_chat
2026-07-14 13:14:44,729 - INFO -   Text: 'find azampay folder' -> True: find_anything, Pred: amazon_chat
2026-07-14 13:14:44,729 - INFO -   Text: 'now give me a full research' -> True: search_web, Pred: amazon_chat
2026-07-14 13:14:44,730 - INFO -   Text: 'open Google Chrome' -> True: open_app, Pred: amazon_chat
2026-07-14 13:14:44,730 - INFO -   Text: 'create your self no need to use web search for now' -> True: search_web, Pred: amazon_chat
2026-07-14 13:14:44,730 - INFO -   Text: 'I'm a critical network it' -> True: find_anything, Pred: amazon_chat
2026-07-14 13:14:44,732 - INFO - 
Model saved to: /Applications/XAMPP/xamppfiles/htdocs/SHAKIRA/MR_BRAIN/ml/nlu_model
2026-07-14 13:14:44,732 - INFO - Config saved to: /Applications/XAMPP/xamppfiles/htdocs/SHAKIRA/MR_BRAIN/ml/nlu_model/amazon_config.json
2026-07-14 13:14:44,732 - INFO - History saved to: /Applications/XAMPP/xamppfiles/htdocs/SHAKIRA/MR_BRAIN/ml/nlu_model/training_history.json
2026-07-14 13:14:44,732 - INFO - Training completed at: 2026-07-14 13:14:44.732957
2026-07-14 13:14:44,733 - INFO - ============================================================
2026-07-14 13:14:44,733 - INFO - ✅ Training complete!
2026-07-14 13:19:35,031 - INFO - Using device: cpu
2026-07-14 13:19:35,031 - INFO - ============================================================
2026-07-14 13:19:35,031 - INFO - AMAZON AI - DistilBERT NLU Model Training
2026-07-14 13:19:35,032 - INFO - ============================================================
2026-07-14 13:19:35,032 - INFO - Started at: 2026-07-14 13:19:35.032136
2026-07-14 13:19:35,032 - INFO - Loading dataset from: /Applications/XAMPP/xamppfiles/htdocs/SHAKIRA/MR_BRAIN/learning/auto_training_data.csv
2026-07-14 13:19:35,039 - INFO - Loaded 38 samples, 8 unique intents
2026-07-14 13:19:35,040 - INFO - Intent distribution:
intent
amazon_chat      14
search_web       10
find_anything     4
open_app          4
create_folder     3
empty_trash       1
system_info       1
list_commands     1
Name: count, dtype: int64
2026-07-14 13:19:35,040 - INFO - Number of unique intents: 8
2026-07-14 13:19:35,040 - INFO - Intents: ['amazon_chat', 'create_folder', 'empty_trash', 'find_anything', 'list_commands', 'open_app', 'search_web', 'system_info']
2026-07-14 13:19:35,041 - INFO - Label map saved to: /Applications/XAMPP/xamppfiles/htdocs/SHAKIRA/MR_BRAIN/ml/label_map.json
2026-07-14 13:19:35,041 - INFO - Some classes have < 2 samples, using simple split
2026-07-14 13:19:35,042 - INFO - Train: 30 samples
2026-07-14 13:19:35,042 - INFO - Test: 8 samples
2026-07-14 13:19:35,043 - INFO - Loading tokenizer: distilbert-base-uncased
2026-07-14 13:19:37,630 - INFO - Loading model: distilbert-base-uncased (8 classes)
2026-07-14 13:19:38,461 - INFO - Total steps: 20, Warmup steps: 2
2026-07-14 13:19:38,461 - INFO - 
============================================================
2026-07-14 13:19:38,461 - INFO - Training for 10 epochs on cpu
2026-07-14 13:19:38,461 - INFO - Total steps: 20, Warmup: 2
2026-07-14 13:19:38,461 - INFO - ============================================================

2026-07-14 13:19:44,935 - INFO - Epoch 1/10 | Train Loss: 2.1104 | Train Acc: 0.00% | Test Loss: 2.1197 | Test Acc: 12.50%
2026-07-14 13:19:48,849 - INFO -   -> Best model saved (accuracy: 12.50%)
2026-07-14 13:19:55,725 - INFO - Epoch 2/10 | Train Loss: 2.0537 | Train Acc: 23.33% | Test Loss: 2.0748 | Test Acc: 25.00%
2026-07-14 13:19:58,435 - INFO -   -> Best model saved (accuracy: 25.00%)
2026-07-14 13:20:04,631 - INFO - Epoch 3/10 | Train Loss: 2.0025 | Train Acc: 43.33% | Test Loss: 2.0309 | Test Acc: 25.00%
2026-07-14 13:20:10,978 - INFO - Epoch 4/10 | Train Loss: 1.9506 | Train Acc: 53.33% | Test Loss: 1.9834 | Test Acc: 37.50%
2026-07-14 13:20:13,960 - INFO -   -> Best model saved (accuracy: 37.50%)
2026-07-14 13:20:19,901 - INFO - Epoch 5/10 | Train Loss: 1.8751 | Train Acc: 60.00% | Test Loss: 1.9325 | Test Acc: 37.50%
2026-07-14 13:20:25,730 - INFO - Epoch 6/10 | Train Loss: 1.8564 | Train Acc: 60.00% | Test Loss: 1.8923 | Test Acc: 37.50%
2026-07-14 13:20:32,144 - INFO - Epoch 7/10 | Train Loss: 1.7820 | Train Acc: 60.00% | Test Loss: 1.8663 | Test Acc: 37.50%
2026-07-14 13:20:39,726 - INFO - Epoch 8/10 | Train Loss: 1.7608 | Train Acc: 56.67% | Test Loss: 1.8468 | Test Acc: 37.50%
2026-07-14 13:20:45,037 - INFO - Epoch 9/10 | Train Loss: 1.7166 | Train Acc: 60.00% | Test Loss: 1.8344 | Test Acc: 37.50%
2026-07-14 13:20:50,849 - INFO - Epoch 10/10 | Train Loss: 1.6844 | Train Acc: 60.00% | Test Loss: 1.8290 | Test Acc: 37.50%
2026-07-14 13:20:53,649 - INFO - 
============================================================
2026-07-14 13:20:53,649 - INFO - Final Evaluation
2026-07-14 13:20:53,649 - INFO - ============================================================
2026-07-14 13:20:53,948 - INFO - 
Best Accuracy: 37.50%
2026-07-14 13:20:53,949 - INFO - Final Accuracy: 37.50%
2026-07-14 13:20:53,949 - INFO - 
Classification Report:
               precision    recall  f1-score   support

  amazon_chat     0.2857    1.0000    0.4444         2
find_anything     0.0000    0.0000    0.0000         1
     open_app     0.0000    0.0000    0.0000         2
   search_web     1.0000    0.3333    0.5000         3

     accuracy                         0.3750         8
    macro avg     0.3214    0.3333    0.2361         8
 weighted avg     0.4464    0.3750    0.2986         8

2026-07-14 13:20:53,951 - INFO - 
Confusion Matrix:
[[2 0 0 0]
 [1 0 0 0]
 [2 0 0 0]
 [2 0 0 1]]
2026-07-14 13:20:53,951 - INFO - 
Misclassified examples (5):
2026-07-14 13:20:53,951 - INFO -   Text: 'I'm a critical network it' -> True: find_anything, Pred: amazon_chat
2026-07-14 13:20:53,951 - INFO -   Text: 'open Google Chrome search in Google for looking' -> True: open_app, Pred: amazon_chat
2026-07-14 13:20:53,952 - INFO -   Text: 'open Chrome open Chrome' -> True: open_app, Pred: amazon_chat
2026-07-14 13:20:53,952 - INFO -   Text: 'Google app' -> True: search_web, Pred: amazon_chat
2026-07-14 13:20:53,952 - INFO -   Text: 'Google' -> True: search_web, Pred: amazon_chat
2026-07-14 13:20:53,954 - INFO - 
Model saved to: /Applications/XAMPP/xamppfiles/htdocs/SHAKIRA/MR_BRAIN/ml/nlu_model
2026-07-14 13:20:53,954 - INFO - Config saved to: /Applications/XAMPP/xamppfiles/htdocs/SHAKIRA/MR_BRAIN/ml/nlu_model/amazon_config.json
2026-07-14 13:20:53,955 - INFO - History saved to: /Applications/XAMPP/xamppfiles/htdocs/SHAKIRA/MR_BRAIN/ml/nlu_model/training_history.json
2026-07-14 13:20:53,955 - INFO - Training completed at: 2026-07-14 13:20:53.955212
2026-07-14 13:20:53,955 - INFO - ============================================================
2026-07-14 13:20:53,955 - INFO - ✅ Training complete!
2026-07-14 13:29:54,595 - INFO - Using device: cpu
2026-07-14 13:29:54,596 - INFO - ============================================================
2026-07-14 13:29:54,596 - INFO - AMAZON AI - DistilBERT NLU Model Training
2026-07-14 13:29:54,597 - INFO - ============================================================
2026-07-14 13:29:54,597 - INFO - Started at: 2026-07-14 13:29:54.597243
2026-07-14 13:29:54,597 - INFO - Loading dataset from: /Applications/XAMPP/xamppfiles/htdocs/SHAKIRA/MR_BRAIN/learning/auto_training_data.csv
2026-07-14 13:29:54,609 - INFO - Loaded 32 samples, 6 unique intents
2026-07-14 13:29:54,612 - INFO - Intent distribution:
intent
amazon_chat      13
search_web        7
find_anything     4
open_app          4
create_folder     3
list_commands     1
Name: count, dtype: int64
2026-07-14 13:29:54,612 - INFO - Number of unique intents: 6
2026-07-14 13:29:54,613 - INFO - Intents: ['amazon_chat', 'create_folder', 'find_anything', 'list_commands', 'open_app', 'search_web']
2026-07-14 13:29:54,614 - INFO - Label map saved to: /Applications/XAMPP/xamppfiles/htdocs/SHAKIRA/MR_BRAIN/ml/label_map.json
2026-07-14 13:29:54,614 - INFO - Some classes have < 2 samples, using simple split
2026-07-14 13:29:54,617 - INFO - Train: 25 samples
2026-07-14 13:29:54,617 - INFO - Test: 7 samples
2026-07-14 13:29:54,617 - INFO - Loading tokenizer: distilbert-base-uncased
2026-07-14 13:29:57,187 - INFO - Loading model: distilbert-base-uncased (6 classes)
2026-07-14 13:29:58,088 - INFO - Total steps: 20, Warmup steps: 2
2026-07-14 13:29:58,089 - INFO - 
============================================================
2026-07-14 13:29:58,089 - INFO - Training for 10 epochs on cpu
2026-07-14 13:29:58,089 - INFO - Total steps: 20, Warmup: 2
2026-07-14 13:29:58,089 - INFO - ============================================================

2026-07-14 13:30:06,506 - INFO - Epoch 1/10 | Train Loss: 1.8170 | Train Acc: 8.00% | Test Loss: 1.7736 | Test Acc: 0.00%
2026-07-14 13:30:16,125 - INFO - Epoch 2/10 | Train Loss: 1.7949 | Train Acc: 24.00% | Test Loss: 1.7515 | Test Acc: 57.14%
2026-07-14 13:30:20,463 - INFO -   -> Best model saved (accuracy: 57.14%)
2026-07-14 13:30:30,500 - INFO - Epoch 3/10 | Train Loss: 1.7609 | Train Acc: 28.00% | Test Loss: 1.7322 | Test Acc: 57.14%
2026-07-14 13:30:39,879 - INFO - Epoch 4/10 | Train Loss: 1.7236 | Train Acc: 44.00% | Test Loss: 1.7173 | Test Acc: 57.14%
2026-07-14 13:30:49,742 - INFO - Epoch 5/10 | Train Loss: 1.6780 | Train Acc: 36.00% | Test Loss: 1.7046 | Test Acc: 57.14%
2026-07-14 13:30:59,700 - INFO - Epoch 6/10 | Train Loss: 1.6749 | Train Acc: 40.00% | Test Loss: 1.6910 | Test Acc: 57.14%
2026-07-14 13:31:12,038 - INFO - Epoch 7/10 | Train Loss: 1.6277 | Train Acc: 56.00% | Test Loss: 1.6747 | Test Acc: 57.14%
2026-07-14 13:31:25,638 - INFO - Epoch 8/10 | Train Loss: 1.5915 | Train Acc: 44.00% | Test Loss: 1.6578 | Test Acc: 57.14%
2026-07-14 13:31:37,463 - INFO - Epoch 9/10 | Train Loss: 1.5423 | Train Acc: 48.00% | Test Loss: 1.6475 | Test Acc: 57.14%
2026-07-14 13:31:48,449 - INFO - Epoch 10/10 | Train Loss: 1.5606 | Train Acc: 56.00% | Test Loss: 1.6428 | Test Acc: 57.14%
2026-07-14 13:31:51,330 - INFO - 
============================================================
2026-07-14 13:31:51,330 - INFO - Final Evaluation
2026-07-14 13:31:51,330 - INFO - ============================================================
2026-07-14 13:31:51,827 - INFO - 
Best Accuracy: 57.14%
2026-07-14 13:31:51,827 - INFO - Final Accuracy: 57.14%
2026-07-14 13:31:51,828 - INFO - 
Classification Report:
              precision    recall  f1-score   support

 amazon_chat     0.5714    1.0000    0.7273         4
    open_app     0.0000    0.0000    0.0000         3

    accuracy                         0.5714         7
   macro avg     0.2857    0.5000    0.3636         7
weighted avg     0.3265    0.5714    0.4156         7

2026-07-14 13:31:51,831 - INFO - 
Confusion Matrix:
[[4 0]
 [3 0]]
2026-07-14 13:31:51,832 - INFO - 
Misclassified examples (3):
2026-07-14 13:31:51,832 - INFO -   Text: 'open Google Chrome and browse lukinet' -> True: open_app, Pred: amazon_chat
2026-07-14 13:31:51,832 - INFO -   Text: 'open Chrome open Chrome' -> True: open_app, Pred: amazon_chat
2026-07-14 13:31:51,832 - INFO -   Text: 'open Google Chrome search in Google for looking' -> True: open_app, Pred: amazon_chat
2026-07-14 13:31:51,836 - INFO - 
Model saved to: /Applications/XAMPP/xamppfiles/htdocs/SHAKIRA/MR_BRAIN/ml/nlu_model
2026-07-14 13:31:51,836 - INFO - Config saved to: /Applications/XAMPP/xamppfiles/htdocs/SHAKIRA/MR_BRAIN/ml/nlu_model/amazon_config.json
2026-07-14 13:31:51,836 - INFO - History saved to: /Applications/XAMPP/xamppfiles/htdocs/SHAKIRA/MR_BRAIN/ml/nlu_model/training_history.json
2026-07-14 13:31:51,837 - INFO - Training completed at: 2026-07-14 13:31:51.837089
2026-07-14 13:31:51,837 - INFO - ============================================================
2026-07-14 13:31:51,837 - INFO - ✅ Training complete!
2026-07-14 13:52:40,064 - INFO - Using device: cpu
2026-07-14 13:52:40,065 - INFO - ============================================================
2026-07-14 13:52:40,065 - INFO - AMAZON AI - DistilBERT NLU Model Training
2026-07-14 13:52:40,065 - INFO - ============================================================
2026-07-14 13:52:40,065 - INFO - Started at: 2026-07-14 13:52:40.065504
2026-07-14 13:52:40,065 - INFO - Loading dataset from: /Applications/XAMPP/xamppfiles/htdocs/SHAKIRA/MR_BRAIN/learning/auto_training_data.csv
2026-07-14 13:52:40,072 - INFO - Loaded 33 samples, 7 unique intents
2026-07-14 13:52:40,073 - INFO - Intent distribution:
intent
amazon_chat      11
search_web        5
open_app          5
find_anything     4
greeting          4
create_folder     3
list_commands     1
Name: count, dtype: int64
2026-07-14 13:52:40,073 - INFO - Number of unique intents: 7
2026-07-14 13:52:40,073 - INFO - Intents: ['amazon_chat', 'create_folder', 'find_anything', 'greeting', 'list_commands', 'open_app', 'search_web']
2026-07-14 13:52:40,074 - INFO - Label map saved to: /Applications/XAMPP/xamppfiles/htdocs/SHAKIRA/MR_BRAIN/ml/label_map.json
2026-07-14 13:52:40,075 - INFO - Some classes have < 2 samples, using simple split
2026-07-14 13:52:40,076 - INFO - Train: 26 samples
2026-07-14 13:52:40,076 - INFO - Test: 7 samples
2026-07-14 13:52:40,077 - INFO - Loading tokenizer: distilbert-base-uncased
2026-07-14 13:52:49,615 - INFO - Loading model: distilbert-base-uncased (7 classes)
2026-07-14 13:52:50,749 - INFO - Total steps: 20, Warmup steps: 2
2026-07-14 13:52:50,750 - INFO - 
============================================================
2026-07-14 13:52:50,750 - INFO - Training for 10 epochs on cpu
2026-07-14 13:52:50,750 - INFO - Total steps: 20, Warmup: 2
2026-07-14 13:52:50,750 - INFO - ============================================================

2026-07-14 13:52:56,395 - INFO - Epoch 1/10 | Train Loss: 1.9543 | Train Acc: 23.08% | Test Loss: 1.9447 | Test Acc: 0.00%
2026-07-14 13:53:05,644 - INFO - Epoch 2/10 | Train Loss: 1.9151 | Train Acc: 19.23% | Test Loss: 1.9317 | Test Acc: 0.00%
2026-07-14 13:53:13,920 - INFO - Epoch 3/10 | Train Loss: 1.8727 | Train Acc: 30.77% | Test Loss: 1.9219 | Test Acc: 28.57%
2026-07-14 13:53:17,699 - INFO -   -> Best model saved (accuracy: 28.57%)
2026-07-14 13:53:26,145 - INFO - Epoch 4/10 | Train Loss: 1.8188 | Train Acc: 53.85% | Test Loss: 1.9163 | Test Acc: 28.57%
2026-07-14 13:53:31,007 - INFO - Epoch 5/10 | Train Loss: 1.7658 | Train Acc: 61.54% | Test Loss: 1.9084 | Test Acc: 28.57%
2026-07-14 13:53:36,116 - INFO - Epoch 6/10 | Train Loss: 1.7264 | Train Acc: 53.85% | Test Loss: 1.9024 | Test Acc: 28.57%
2026-07-14 13:53:41,010 - INFO - Epoch 7/10 | Train Loss: 1.7166 | Train Acc: 53.85% | Test Loss: 1.8988 | Test Acc: 28.57%
2026-07-14 13:53:45,733 - INFO - Epoch 8/10 | Train Loss: 1.6509 | Train Acc: 50.00% | Test Loss: 1.8976 | Test Acc: 28.57%
2026-07-14 13:53:50,428 - INFO - Epoch 9/10 | Train Loss: 1.6254 | Train Acc: 50.00% | Test Loss: 1.8962 | Test Acc: 28.57%
2026-07-14 13:53:55,284 - INFO - Epoch 10/10 | Train Loss: 1.6330 | Train Acc: 57.69% | Test Loss: 1.8954 | Test Acc: 28.57%
2026-07-14 13:53:57,239 - INFO - 
============================================================
2026-07-14 13:53:57,239 - INFO - Final Evaluation
2026-07-14 13:53:57,239 - INFO - ============================================================
2026-07-14 13:53:57,409 - INFO - 
Best Accuracy: 28.57%
2026-07-14 13:53:57,409 - INFO - Final Accuracy: 28.57%
2026-07-14 13:53:57,409 - INFO - 
Classification Report:
               precision    recall  f1-score   support

  amazon_chat     0.2857    1.0000    0.4444         2
find_anything     0.0000    0.0000    0.0000         2
list_commands     0.0000    0.0000    0.0000         1
     open_app     0.0000    0.0000    0.0000         2

     accuracy                         0.2857         7
    macro avg     0.0714    0.2500    0.1111         7
 weighted avg     0.0816    0.2857    0.1270         7

2026-07-14 13:53:57,411 - INFO - 
Confusion Matrix:
[[2 0 0 0]
 [2 0 0 0]
 [1 0 0 0]
 [2 0 0 0]]
2026-07-14 13:53:57,411 - INFO - 
Misclassified examples (5):
2026-07-14 13:53:57,411 - INFO -   Text: 'fungua Google Chrome' -> True: open_app, Pred: amazon_chat
2026-07-14 13:53:57,411 - INFO -   Text: 'I'm here to help' -> True: list_commands, Pred: amazon_chat
2026-07-14 13:53:57,411 - INFO -   Text: 'find azampay folder' -> True: find_anything, Pred: amazon_chat
2026-07-14 13:53:57,411 - INFO -   Text: 'find azampay folder' -> True: find_anything, Pred: amazon_chat
2026-07-14 13:53:57,411 - INFO -   Text: 'open Chrome open Chrome' -> True: open_app, Pred: amazon_chat
2026-07-14 13:53:57,414 - INFO - 
Model saved to: /Applications/XAMPP/xamppfiles/htdocs/SHAKIRA/MR_BRAIN/ml/nlu_model
2026-07-14 13:53:57,414 - INFO - Config saved to: /Applications/XAMPP/xamppfiles/htdocs/SHAKIRA/MR_BRAIN/ml/nlu_model/amazon_config.json
2026-07-14 13:53:57,415 - INFO - History saved to: /Applications/XAMPP/xamppfiles/htdocs/SHAKIRA/MR_BRAIN/ml/nlu_model/training_history.json
2026-07-14 13:53:57,415 - INFO - Training completed at: 2026-07-14 13:53:57.415111
2026-07-14 13:53:57,415 - INFO - ============================================================
2026-07-14 13:53:57,415 - INFO - ✅ Training complete!
2026-07-14 14:09:59,692 - INFO - Using device: cpu
2026-07-14 14:09:59,693 - INFO - ============================================================
2026-07-14 14:09:59,693 - INFO - AMAZON AI - DistilBERT NLU Model Training
2026-07-14 14:09:59,693 - INFO - ============================================================
2026-07-14 14:09:59,693 - INFO - Started at: 2026-07-14 14:09:59.693592
2026-07-14 14:09:59,693 - INFO - Loading dataset from: /Applications/XAMPP/xamppfiles/htdocs/SHAKIRA/MR_BRAIN/learning/auto_training_data.csv
2026-07-14 14:09:59,699 - INFO - Loaded 28 samples, 7 unique intents
2026-07-14 14:09:59,700 - INFO - Intent distribution:
intent
amazon_chat      8
greeting         6
open_app         5
find_anything    4
create_folder    3
search_web       1
list_commands    1
Name: count, dtype: int64
2026-07-14 14:09:59,701 - INFO - Number of unique intents: 7
2026-07-14 14:09:59,701 - INFO - Intents: ['amazon_chat', 'create_folder', 'find_anything', 'greeting', 'list_commands', 'open_app', 'search_web']
2026-07-14 14:09:59,702 - INFO - Label map saved to: /Applications/XAMPP/xamppfiles/htdocs/SHAKIRA/MR_BRAIN/ml/label_map.json
2026-07-14 14:09:59,702 - INFO - Some classes have < 2 samples, using simple split
2026-07-14 14:09:59,703 - INFO - Train: 22 samples
2026-07-14 14:09:59,703 - INFO - Test: 6 samples
2026-07-14 14:09:59,703 - INFO - Loading tokenizer: distilbert-base-uncased
2026-07-14 14:10:02,436 - INFO - Loading model: distilbert-base-uncased (7 classes)
2026-07-14 14:10:03,476 - INFO - Total steps: 20, Warmup steps: 2
2026-07-14 14:10:03,476 - INFO - 
============================================================
2026-07-14 14:10:03,476 - INFO - Training for 10 epochs on cpu
2026-07-14 14:10:03,476 - INFO - Total steps: 20, Warmup: 2
2026-07-14 14:10:03,476 - INFO - ============================================================

2026-07-14 14:10:08,974 - INFO - Epoch 1/10 | Train Loss: 1.9247 | Train Acc: 18.18% | Test Loss: 1.9289 | Test Acc: 33.33%
2026-07-14 14:10:13,070 - INFO -   -> Best model saved (accuracy: 33.33%)
2026-07-14 14:10:18,935 - INFO - Epoch 2/10 | Train Loss: 1.9040 | Train Acc: 27.27% | Test Loss: 1.9178 | Test Acc: 33.33%
2026-07-14 14:10:24,657 - INFO - Epoch 3/10 | Train Loss: 1.8762 | Train Acc: 31.82% | Test Loss: 1.9064 | Test Acc: 33.33%
2026-07-14 14:10:30,857 - INFO - Epoch 4/10 | Train Loss: 1.8424 | Train Acc: 36.36% | Test Loss: 1.8934 | Test Acc: 50.00%
2026-07-14 14:10:33,604 - INFO -   -> Best model saved (accuracy: 50.00%)
2026-07-14 14:10:40,223 - INFO - Epoch 5/10 | Train Loss: 1.8182 | Train Acc: 45.45% | Test Loss: 1.8793 | Test Acc: 16.67%
2026-07-14 14:10:46,769 - INFO - Epoch 6/10 | Train Loss: 1.8206 | Train Acc: 54.55% | Test Loss: 1.8628 | Test Acc: 16.67%
2026-07-14 14:10:52,822 - INFO - Epoch 7/10 | Train Loss: 1.7395 | Train Acc: 40.91% | Test Loss: 1.8471 | Test Acc: 16.67%
2026-07-14 14:10:54,960 - INFO - Early stopping at epoch 7 - no improvement in last 3 epochs
2026-07-14 14:10:54,960 - INFO - 
============================================================
2026-07-14 14:10:54,960 - INFO - Final Evaluation
2026-07-14 14:10:54,960 - INFO - ============================================================
2026-07-14 14:10:55,353 - INFO - 
Best Accuracy: 50.00%
2026-07-14 14:10:55,353 - INFO - Final Accuracy: 16.67%
2026-07-14 14:10:55,353 - INFO - 
Classification Report:
               precision    recall  f1-score   support

  amazon_chat     0.1667    1.0000    0.2857         1
find_anything     0.0000    0.0000    0.0000         1
     greeting     0.0000    0.0000    0.0000         2
     open_app     0.0000    0.0000    0.0000         1
   search_web     0.0000    0.0000    0.0000         1

     accuracy                         0.1667         6
    macro avg     0.0333    0.2000    0.0571         6
 weighted avg     0.0278    0.1667    0.0476         6

2026-07-14 14:10:55,356 - INFO - 
Confusion Matrix:
[[1 0 0 0 0]
 [1 0 0 0 0]
 [2 0 0 0 0]
 [1 0 0 0 0]
 [1 0 0 0 0]]
2026-07-14 14:10:55,356 - INFO - 
Misclassified examples (5):
2026-07-14 14:10:55,356 - INFO -   Text: 'Google' -> True: search_web, Pred: amazon_chat
2026-07-14 14:10:55,356 - INFO -   Text: 'hello' -> True: greeting, Pred: amazon_chat
2026-07-14 14:10:55,356 - INFO -   Text: 'mambo' -> True: greeting, Pred: amazon_chat
2026-07-14 14:10:55,356 - INFO -   Text: 'find Azam pay' -> True: find_anything, Pred: amazon_chat
2026-07-14 14:10:55,357 - INFO -   Text: 'open Chrome open Chrome' -> True: open_app, Pred: amazon_chat
2026-07-14 14:10:55,360 - INFO - 
Model saved to: /Applications/XAMPP/xamppfiles/htdocs/SHAKIRA/MR_BRAIN/ml/nlu_model
2026-07-14 14:10:55,360 - INFO - Config saved to: /Applications/XAMPP/xamppfiles/htdocs/SHAKIRA/MR_BRAIN/ml/nlu_model/amazon_config.json
2026-07-14 14:10:55,360 - INFO - History saved to: /Applications/XAMPP/xamppfiles/htdocs/SHAKIRA/MR_BRAIN/ml/nlu_model/training_history.json
2026-07-14 14:10:55,360 - INFO - Training completed at: 2026-07-14 14:10:55.360760
2026-07-14 14:10:55,360 - INFO - ============================================================
2026-07-14 14:10:55,360 - INFO - ✅ Training complete!
2026-07-14 15:16:12,885 - INFO - Using device: cpu
2026-07-14 15:16:12,885 - INFO - ============================================================
2026-07-14 15:16:12,885 - INFO - AMAZON AI - DistilBERT NLU Model Training
2026-07-14 15:16:12,885 - INFO - ============================================================
2026-07-14 15:16:12,885 - INFO - Started at: 2026-07-14 15:16:12.885929
2026-07-14 15:16:12,886 - INFO - Loading dataset from: /Applications/XAMPP/xamppfiles/htdocs/SHAKIRA/MR_BRAIN/learning/auto_training_data.csv
2026-07-14 15:16:12,895 - INFO - Loaded 31 samples, 7 unique intents
2026-07-14 15:16:12,896 - INFO - Intent distribution:
intent
greeting         12
amazon_chat       8
open_app          5
create_folder     3
search_web        1
find_anything     1
list_commands     1
Name: count, dtype: int64
2026-07-14 15:16:12,896 - INFO - Number of unique intents: 7
2026-07-14 15:16:12,896 - INFO - Intents: ['amazon_chat', 'create_folder', 'find_anything', 'greeting', 'list_commands', 'open_app', 'search_web']
2026-07-14 15:16:12,898 - INFO - Label map saved to: /Applications/XAMPP/xamppfiles/htdocs/SHAKIRA/MR_BRAIN/ml/label_map.json
2026-07-14 15:16:12,898 - INFO - Some classes have < 2 samples, using simple split
2026-07-14 15:16:12,900 - INFO - Train: 24 samples
2026-07-14 15:16:12,900 - INFO - Test: 7 samples
2026-07-14 15:16:12,900 - INFO - Loading tokenizer: distilbert-base-uncased
2026-07-14 15:16:15,997 - INFO - Loading model: distilbert-base-uncased (7 classes)
2026-07-14 15:16:16,840 - INFO - Total steps: 20, Warmup steps: 2
2026-07-14 15:16:16,841 - INFO - 
============================================================
2026-07-14 15:16:16,841 - INFO - Training for 10 epochs on cpu
2026-07-14 15:16:16,841 - INFO - Total steps: 20, Warmup: 2
2026-07-14 15:16:16,841 - INFO - ============================================================

2026-07-14 15:16:23,303 - INFO - Epoch 1/10 | Train Loss: 1.9150 | Train Acc: 25.00% | Test Loss: 1.8938 | Test Acc: 42.86%
2026-07-14 15:16:26,930 - INFO -   -> Best model saved (accuracy: 42.86%)
2026-07-14 15:16:34,252 - INFO - Epoch 2/10 | Train Loss: 1.8857 | Train Acc: 25.00% | Test Loss: 1.8589 | Test Acc: 42.86%
2026-07-14 15:16:41,470 - INFO - Epoch 3/10 | Train Loss: 1.8446 | Train Acc: 41.67% | Test Loss: 1.8250 | Test Acc: 42.86%
2026-07-14 15:16:48,780 - INFO - Epoch 4/10 | Train Loss: 1.8039 | Train Acc: 41.67% | Test Loss: 1.7865 | Test Acc: 42.86%
2026-07-14 15:16:55,303 - INFO - Epoch 5/10 | Train Loss: 1.7352 | Train Acc: 41.67% | Test Loss: 1.7510 | Test Acc: 42.86%
2026-07-14 15:17:01,924 - INFO - Epoch 6/10 | Train Loss: 1.6715 | Train Acc: 41.67% | Test Loss: 1.7210 | Test Acc: 42.86%
2026-07-14 15:17:08,463 - INFO - Epoch 7/10 | Train Loss: 1.6245 | Train Acc: 41.67% | Test Loss: 1.6947 | Test Acc: 42.86%
2026-07-14 15:17:15,594 - INFO - Epoch 8/10 | Train Loss: 1.6285 | Train Acc: 37.50% | Test Loss: 1.6765 | Test Acc: 42.86%
2026-07-14 15:17:22,086 - INFO - Epoch 9/10 | Train Loss: 1.5908 | Train Acc: 50.00% | Test Loss: 1.6662 | Test Acc: 42.86%
2026-07-14 15:17:28,780 - INFO - Epoch 10/10 | Train Loss: 1.5091 | Train Acc: 41.67% | Test Loss: 1.6616 | Test Acc: 42.86%
2026-07-14 15:17:31,108 - INFO - 
============================================================
2026-07-14 15:17:31,109 - INFO - Final Evaluation
2026-07-14 15:17:31,109 - INFO - ============================================================
2026-07-14 15:17:31,986 - INFO - 
Best Accuracy: 42.86%
2026-07-14 15:17:32,001 - INFO - Final Accuracy: 42.86%
2026-07-14 15:17:32,009 - INFO - 
Classification Report:
               precision    recall  f1-score   support

  amazon_chat     0.0000    0.0000    0.0000         2
create_folder     0.0000    0.0000    0.0000         2
     greeting     0.4286    1.0000    0.6000         3

     accuracy                         0.4286         7
    macro avg     0.1429    0.3333    0.2000         7
 weighted avg     0.1837    0.4286    0.2571         7

2026-07-14 15:17:32,012 - INFO - 
Confusion Matrix:
[[0 0 2]
 [0 0 2]
 [0 0 3]]
2026-07-14 15:17:32,033 - INFO - 
Misclassified examples (4):
2026-07-14 15:17:32,037 - INFO -   Text: 'uhaligani?' -> True: amazon_chat, Pred: greeting
2026-07-14 15:17:32,058 - INFO -   Text: 'almost i see network issue(using fall back if available)' -> True: amazon_chat, Pred: greeting
2026-07-14 15:17:32,061 - INFO -   Text: 'Amazon create folder inside it create another folder inside' -> True: create_folder, Pred: greeting
2026-07-14 15:17:32,083 - INFO -   Text: 'Amazon create folder inside it creates another folder inside it find a fold' -> True: create_folder, Pred: greeting
2026-07-14 15:17:32,090 - INFO - 
Model saved to: /Applications/XAMPP/xamppfiles/htdocs/SHAKIRA/MR_BRAIN/ml/nlu_model
2026-07-14 15:17:32,090 - INFO - Config saved to: /Applications/XAMPP/xamppfiles/htdocs/SHAKIRA/MR_BRAIN/ml/nlu_model/amazon_config.json
2026-07-14 15:17:32,090 - INFO - History saved to: /Applications/XAMPP/xamppfiles/htdocs/SHAKIRA/MR_BRAIN/ml/nlu_model/training_history.json
2026-07-14 15:17:32,091 - INFO - Training completed at: 2026-07-14 15:17:32.091096
2026-07-14 15:17:32,091 - INFO - ============================================================
2026-07-14 15:17:32,091 - INFO - ✅ Training complete!
2026-07-14 16:42:15,823 - INFO - Using device: cpu
2026-07-14 16:42:15,823 - INFO - ============================================================
2026-07-14 16:42:15,824 - INFO - AMAZON AI - DistilBERT NLU Model Training
2026-07-14 16:42:15,824 - INFO - ============================================================
2026-07-14 16:42:15,824 - INFO - Started at: 2026-07-14 16:42:15.824267
2026-07-14 16:42:15,824 - INFO - Loading dataset from: /Applications/XAMPP/xamppfiles/htdocs/SHAKIRA/MR_BRAIN/learning/auto_training_data.csv
2026-07-14 16:42:15,835 - INFO - Loaded 35 samples, 7 unique intents
2026-07-14 16:42:15,837 - INFO - Intent distribution:
intent
greeting         19
amazon_chat       6
open_app          5
create_folder     2
search_web        1
find_anything     1
list_commands     1
Name: count, dtype: int64
2026-07-14 16:42:15,838 - INFO - Number of unique intents: 7
2026-07-14 16:42:15,838 - INFO - Intents: ['amazon_chat', 'create_folder', 'find_anything', 'greeting', 'list_commands', 'open_app', 'search_web']
2026-07-14 16:42:15,840 - INFO - Label map saved to: /Applications/XAMPP/xamppfiles/htdocs/SHAKIRA/MR_BRAIN/ml/label_map.json
2026-07-14 16:42:15,840 - INFO - Some classes have < 2 samples, using simple split
2026-07-14 16:42:15,842 - INFO - Train: 28 samples
2026-07-14 16:42:15,842 - INFO - Test: 7 samples
2026-07-14 16:42:15,842 - INFO - Loading tokenizer: distilbert-base-uncased
2026-07-14 16:42:18,238 - INFO - Loading model: distilbert-base-uncased (7 classes)
2026-07-14 16:42:19,198 - INFO - Total steps: 20, Warmup steps: 2
2026-07-14 16:42:19,199 - INFO - 
============================================================
2026-07-14 16:42:19,199 - INFO - Training for 10 epochs on cpu
2026-07-14 16:42:19,199 - INFO - Total steps: 20, Warmup: 2
2026-07-14 16:42:19,199 - INFO - ============================================================

2026-07-14 16:42:27,253 - INFO - Epoch 1/10 | Train Loss: 1.9086 | Train Acc: 46.43% | Test Loss: 1.8666 | Test Acc: 71.43%
2026-07-14 16:42:31,479 - INFO -   -> Best model saved (accuracy: 71.43%)
2026-07-14 16:42:39,855 - INFO - Epoch 2/10 | Train Loss: 1.8761 | Train Acc: 42.86% | Test Loss: 1.8128 | Test Acc: 71.43%
2026-07-14 16:42:47,351 - INFO - Epoch 3/10 | Train Loss: 1.8350 | Train Acc: 50.00% | Test Loss: 1.7615 | Test Acc: 71.43%
2026-07-14 16:42:54,488 - INFO - Epoch 4/10 | Train Loss: 1.7782 | Train Acc: 50.00% | Test Loss: 1.7069 | Test Acc: 71.43%
2026-07-14 16:43:03,240 - INFO - Epoch 5/10 | Train Loss: 1.7098 | Train Acc: 50.00% | Test Loss: 1.6399 | Test Acc: 71.43%
2026-07-14 16:43:07,974 - INFO - Epoch 6/10 | Train Loss: 1.6261 | Train Acc: 50.00% | Test Loss: 1.5737 | Test Acc: 71.43%
2026-07-14 16:43:10,804 - INFO - 
⚠️ Training interrupted by user. Checkpoint saved.
2026-07-14 17:05:05,379 - INFO - Using device: cpu
2026-07-14 17:05:05,379 - INFO - ============================================================
2026-07-14 17:05:05,379 - INFO - AMAZON AI - DistilBERT NLU Model Training
2026-07-14 17:05:05,379 - INFO - ============================================================
2026-07-14 17:05:05,380 - INFO - Started at: 2026-07-14 17:05:05.380017
2026-07-14 17:05:05,380 - INFO - Loading dataset from: /Applications/XAMPP/xamppfiles/htdocs/SHAKIRA/MR_BRAIN/learning/auto_training_data.csv
2026-07-14 17:05:05,391 - INFO - Loaded 36 samples, 9 unique intents
2026-07-14 17:05:05,393 - INFO - Intent distribution:
intent
greeting         16
amazon_chat       8
open_app          5
create_folder     2
search_web        1
find_anything     1
list_commands     1
os_command        1
empty_trash       1
Name: count, dtype: int64
2026-07-14 17:05:05,394 - INFO - Number of unique intents: 9
2026-07-14 17:05:05,394 - INFO - Intents: ['amazon_chat', 'create_folder', 'empty_trash', 'find_anything', 'greeting', 'list_commands', 'open_app', 'os_command', 'search_web']
2026-07-14 17:05:05,396 - INFO - Label map saved to: /Applications/XAMPP/xamppfiles/htdocs/SHAKIRA/MR_BRAIN/ml/label_map.json
2026-07-14 17:05:05,396 - INFO - Some classes have < 2 samples, using simple split
2026-07-14 17:05:05,398 - INFO - Train: 28 samples
2026-07-14 17:05:05,398 - INFO - Test: 8 samples
2026-07-14 17:05:05,398 - INFO - Loading tokenizer: distilbert-base-uncased
2026-07-14 17:05:08,805 - INFO - Loading model: distilbert-base-uncased (9 classes)
2026-07-14 17:05:09,669 - INFO - Total steps: 20, Warmup steps: 2
2026-07-14 17:05:09,670 - INFO - 
============================================================
2026-07-14 17:05:09,670 - INFO - Training for 10 epochs on cpu
2026-07-14 17:05:09,670 - INFO - Total steps: 20, Warmup: 2
2026-07-14 17:05:09,670 - INFO - ============================================================

2026-07-14 17:05:17,585 - INFO - Epoch 1/10 | Train Loss: 2.2135 | Train Acc: 3.57% | Test Loss: 2.1625 | Test Acc: 0.00%
2026-07-14 17:05:26,836 - INFO - Epoch 2/10 | Train Loss: 2.1834 | Train Acc: 10.71% | Test Loss: 2.1249 | Test Acc: 25.00%
2026-07-14 17:05:31,256 - INFO -   -> Best model saved (accuracy: 25.00%)
2026-07-14 17:05:36,860 - INFO - Epoch 3/10 | Train Loss: 2.1466 | Train Acc: 25.00% | Test Loss: 2.0918 | Test Acc: 50.00%
2026-07-14 17:05:39,301 - INFO -   -> Best model saved (accuracy: 50.00%)
2026-07-14 17:05:43,850 - INFO - Epoch 4/10 | Train Loss: 2.1081 | Train Acc: 25.00% | Test Loss: 2.0606 | Test Acc: 62.50%
2026-07-14 17:05:46,056 - INFO -   -> Best model saved (accuracy: 62.50%)
2026-07-14 17:05:50,928 - INFO - Epoch 5/10 | Train Loss: 2.0320 | Train Acc: 67.86% | Test Loss: 2.0319 | Test Acc: 62.50%
2026-07-14 17:05:55,531 - INFO - Epoch 6/10 | Train Loss: 2.0100 | Train Acc: 57.14% | Test Loss: 2.0088 | Test Acc: 62.50%
2026-07-14 17:05:59,617 - INFO - Epoch 7/10 | Train Loss: 1.9826 | Train Acc: 53.57% | Test Loss: 1.9862 | Test Acc: 62.50%
2026-07-14 17:06:03,649 - INFO - Epoch 8/10 | Train Loss: 1.9235 | Train Acc: 60.71% | Test Loss: 1.9676 | Test Acc: 62.50%
2026-07-14 17:06:08,064 - INFO - Epoch 9/10 | Train Loss: 1.8860 | Train Acc: 53.57% | Test Loss: 1.9532 | Test Acc: 62.50%
2026-07-14 17:06:12,635 - INFO - Epoch 10/10 | Train Loss: 1.8626 | Train Acc: 60.71% | Test Loss: 1.9468 | Test Acc: 62.50%
2026-07-14 17:06:14,146 - INFO - 
============================================================
2026-07-14 17:06:14,146 - INFO - Final Evaluation
2026-07-14 17:06:14,147 - INFO - ============================================================
2026-07-14 17:06:14,310 - INFO - 
Best Accuracy: 62.50%
2026-07-14 17:06:14,310 - INFO - Final Accuracy: 62.50%
2026-07-14 17:06:14,310 - INFO - 
Classification Report:
              precision    recall  f1-score   support

 amazon_chat     0.2500    1.0000    0.4000         1
 empty_trash     0.0000    0.0000    0.0000         1
    greeting     1.0000    0.6667    0.8000         6

    accuracy                         0.6250         8
   macro avg     0.4167    0.5556    0.4000         8
weighted avg     0.7812    0.6250    0.6500         8

2026-07-14 17:06:14,311 - INFO - 
Confusion Matrix:
[[1 0 0]
 [1 0 0]
 [2 0 4]]
2026-07-14 17:06:14,311 - INFO - 
Misclassified examples (3):
2026-07-14 17:06:14,311 - INFO -   Text: 'empty trash' -> True: empty_trash, Pred: amazon_chat
2026-07-14 17:06:14,311 - INFO -   Text: 'hello amazon' -> True: greeting, Pred: amazon_chat
2026-07-14 17:06:14,311 - INFO -   Text: 'hello' -> True: greeting, Pred: amazon_chat
2026-07-14 17:06:14,314 - INFO - 
Model saved to: /Applications/XAMPP/xamppfiles/htdocs/SHAKIRA/MR_BRAIN/ml/nlu_model
2026-07-14 17:06:14,314 - INFO - Config saved to: /Applications/XAMPP/xamppfiles/htdocs/SHAKIRA/MR_BRAIN/ml/nlu_model/amazon_config.json
2026-07-14 17:06:14,314 - INFO - History saved to: /Applications/XAMPP/xamppfiles/htdocs/SHAKIRA/MR_BRAIN/ml/nlu_model/training_history.json
2026-07-14 17:06:14,314 - INFO - Training completed at: 2026-07-14 17:06:14.314984
2026-07-14 17:06:14,315 - INFO - ============================================================
2026-07-14 17:06:14,315 - INFO - ✅ Training complete!
2026-07-14 17:14:14,442 - INFO - Using device: cpu
2026-07-14 17:14:14,442 - INFO - ============================================================
2026-07-14 17:14:14,442 - INFO - AMAZON AI - DistilBERT NLU Model Training
2026-07-14 17:14:14,442 - INFO - ============================================================
2026-07-14 17:14:14,442 - INFO - Started at: 2026-07-14 17:14:14.442665
2026-07-14 17:14:14,442 - INFO - Loading dataset from: /Applications/XAMPP/xamppfiles/htdocs/SHAKIRA/MR_BRAIN/learning/auto_training_data.csv
2026-07-14 17:14:14,448 - INFO - Loaded 39 samples, 9 unique intents
2026-07-14 17:14:14,449 - INFO - Intent distribution:
intent
greeting         16
amazon_chat       7
open_app          5
empty_trash       5
create_folder     2
find_anything     1
list_commands     1
os_command        1
create_file       1
Name: count, dtype: int64
2026-07-14 17:14:14,449 - INFO - Number of unique intents: 9
2026-07-14 17:14:14,449 - INFO - Intents: ['amazon_chat', 'create_file', 'create_folder', 'empty_trash', 'find_anything', 'greeting', 'list_commands', 'open_app', 'os_command']
2026-07-14 17:14:14,450 - INFO - Label map saved to: /Applications/XAMPP/xamppfiles/htdocs/SHAKIRA/MR_BRAIN/ml/label_map.json
2026-07-14 17:14:14,450 - INFO - Some classes have < 2 samples, using simple split
2026-07-14 17:14:14,451 - INFO - Train: 31 samples
2026-07-14 17:14:14,451 - INFO - Test: 8 samples
2026-07-14 17:14:14,451 - INFO - Loading tokenizer: distilbert-base-uncased
2026-07-14 17:14:17,587 - INFO - Loading model: distilbert-base-uncased (9 classes)
2026-07-14 17:14:18,583 - INFO - Total steps: 20, Warmup steps: 2
2026-07-14 17:14:18,583 - INFO - 
============================================================
2026-07-14 17:14:18,583 - INFO - Training for 10 epochs on cpu
2026-07-14 17:14:18,583 - INFO - Total steps: 20, Warmup: 2
2026-07-14 17:14:18,583 - INFO - ============================================================

2026-07-14 17:14:22,107 - INFO - Epoch 1/10 | Train Loss: 2.1743 | Train Acc: 12.90% | Test Loss: 2.1507 | Test Acc: 12.50%
2026-07-14 17:14:23,945 - INFO -   -> Best model saved (accuracy: 12.50%)
2026-07-14 17:14:28,764 - INFO - Epoch 2/10 | Train Loss: 2.1717 | Train Acc: 22.58% | Test Loss: 2.1064 | Test Acc: 25.00%
2026-07-14 17:14:30,504 - INFO -   -> Best model saved (accuracy: 25.00%)
2026-07-14 17:14:34,685 - INFO - Epoch 3/10 | Train Loss: 2.1224 | Train Acc: 25.81% | Test Loss: 2.0705 | Test Acc: 12.50%
2026-07-14 17:14:38,882 - INFO - Epoch 4/10 | Train Loss: 2.0824 | Train Acc: 29.03% | Test Loss: 2.0353 | Test Acc: 37.50%
2026-07-14 17:14:40,851 - INFO -   -> Best model saved (accuracy: 37.50%)
2026-07-14 17:14:45,138 - INFO - Epoch 5/10 | Train Loss: 2.0411 | Train Acc: 51.61% | Test Loss: 1.9998 | Test Acc: 50.00%
2026-07-14 17:14:47,095 - INFO -   -> Best model saved (accuracy: 50.00%)
2026-07-14 17:14:52,891 - INFO - Epoch 6/10 | Train Loss: 1.9924 | Train Acc: 58.06% | Test Loss: 1.9650 | Test Acc: 50.00%
2026-07-14 17:14:57,351 - INFO - Epoch 7/10 | Train Loss: 1.9757 | Train Acc: 61.29% | Test Loss: 1.9394 | Test Acc: 50.00%
2026-07-14 17:15:01,339 - INFO - Epoch 8/10 | Train Loss: 1.9288 | Train Acc: 64.52% | Test Loss: 1.9205 | Test Acc: 50.00%
2026-07-14 17:15:05,280 - INFO - Epoch 9/10 | Train Loss: 1.8819 | Train Acc: 64.52% | Test Loss: 1.9075 | Test Acc: 50.00%
2026-07-14 17:15:11,567 - INFO - Epoch 10/10 | Train Loss: 1.8774 | Train Acc: 61.29% | Test Loss: 1.9017 | Test Acc: 50.00%
2026-07-14 17:15:13,400 - INFO - 
============================================================
2026-07-14 17:15:13,400 - INFO - Final Evaluation
2026-07-14 17:15:13,400 - INFO - ============================================================
2026-07-14 17:15:13,968 - INFO - 
Best Accuracy: 50.00%
2026-07-14 17:15:13,969 - INFO - Final Accuracy: 50.00%
2026-07-14 17:15:13,969 - INFO - 
Classification Report:
              precision    recall  f1-score   support

 amazon_chat     0.0000    0.0000    0.0000         2
 empty_trash     1.0000    1.0000    1.0000         1
    greeting     0.4286    1.0000    0.6000         3
    open_app     0.0000    0.0000    0.0000         2

    accuracy                         0.5000         8
   macro avg     0.3571    0.5000    0.4000         8
weighted avg     0.2857    0.5000    0.3500         8

2026-07-14 17:15:13,971 - INFO - 
Confusion Matrix:
[[0 0 2 0]
 [0 1 0 0]
 [0 0 3 0]
 [0 0 2 0]]
2026-07-14 17:15:13,971 - INFO - 
Misclassified examples (4):
2026-07-14 17:15:13,971 - INFO -   Text: 'nisaidie kufanya wewe' -> True: amazon_chat, Pred: greeting
2026-07-14 17:15:13,971 - INFO -   Text: 'open Google Chrome' -> True: open_app, Pred: greeting
2026-07-14 17:15:13,971 - INFO -   Text: 'niandikie barua kisha save kwnye desktop' -> True: amazon_chat, Pred: greeting
2026-07-14 17:15:13,971 - INFO -   Text: 'open Google Chrome search in Google for looking' -> True: open_app, Pred: greeting
2026-07-14 17:15:13,973 - INFO - 
Model saved to: /Applications/XAMPP/xamppfiles/htdocs/SHAKIRA/MR_BRAIN/ml/nlu_model
2026-07-14 17:15:13,974 - INFO - Config saved to: /Applications/XAMPP/xamppfiles/htdocs/SHAKIRA/MR_BRAIN/ml/nlu_model/amazon_config.json
2026-07-14 17:15:13,974 - INFO - History saved to: /Applications/XAMPP/xamppfiles/htdocs/SHAKIRA/MR_BRAIN/ml/nlu_model/training_history.json
2026-07-14 17:15:13,974 - INFO - Training completed at: 2026-07-14 17:15:13.974367
2026-07-14 17:15:13,974 - INFO - ============================================================
2026-07-14 17:15:13,974 - INFO - ✅ Training complete!
